date,price,open,high,low,volume,change_percent,ma10,oil_change
2016-01-18,28.55,28.73,29.58,27.67,211.26K,-1.35%,31.918999999999993,-0.026444213993778054
2016-01-19,28.76,28.7,30.24,28.6,419.48K,0.74%,31.153000000000002,-0.023998245559071152
2016-01-20,27.88,28.66,28.75,27.1,375.40K,-3.06%,30.518,-0.020383269669052795
2016-01-21,29.25,27.99,29.84,27.29,394.26K,4.91%,30.068,-0.014745396159643431
2016-01-22,32.18,29.62,32.3,29.29,407.78K,10.02%,29.931,-0.0045563389650126185
2016-01-25,30.5,32.1,32.81,30.0,310.14K,-5.22%,29.826000000000004,-0.0035080685576825976
2016-01-26,31.8,30.01,32.72,29.27,335.09K,4.26%,29.919999999999998,0.0031516126869173267
2016-01-27,33.1,31.2,33.49,30.83,257.11K,4.09%,30.199,0.009324866310160607
2016-01-28,33.89,32.84,35.84,32.56,195.14K,2.39%,30.484999999999996,0.009470512268618059
2016-01-29,34.74,34.08,35.0,33.59,29.66K,2.51%,31.064999999999998,0.01902575036903409
2016-02-01,34.24,35.85,36.25,33.92,331.87K,-1.44%,31.634000000000004,0.018316433285047617
2016-02-02,32.72,34.18,34.18,32.23,346.89K,-4.44%,32.029999999999994,0.01251817664538124
2016-02-03,35.04,32.41,35.53,32.3,396.58K,7.09%,32.745999999999995,0.02235404308460831
2016-02-04,34.46,35.32,35.84,34.15,323.93K,-1.66%,33.266999999999996,0.015910340194222217
2016-02-05,34.06,34.39,35.14,33.81,296.57K,-1.16%,33.455,0.005651245979499286
2016-02-08,32.88,33.99,34.68,32.77,211.55K,-3.46%,33.693,0.007114033776715045
2016-02-09,30.32,33.17,33.56,30.28,305.77K,-7.79%,33.545,-0.00439260380494455
2016-02-10,30.84,30.95,31.9,30.35,332.99K,1.72%,33.319,-0.006737218661499456
2016-02-11,30.06,30.83,31.35,29.92,347.59K,-2.53%,32.936,-0.011494942825414967
2016-02-12,33.36,31.31,33.44,30.85,394.48K,10.98%,32.798,-0.0041899441340781385
2016-02-15,33.39,32.77,34.09,32.67,160.51K,0.09%,32.713,-0.0025916214403317595
2016-02-16,32.18,34.51,35.55,31.92,398.49K,-3.62%,32.659,-0.0016507198972885995
2016-02-17,34.5,32.54,34.99,31.82,355.92K,7.21%,32.605000000000004,-0.0016534492789122002
2016-02-18,34.28,34.91,35.73,33.79,324.10K,-0.64%,32.587,-0.0005520625670909496
2016-02-19,33.01,33.88,34.46,32.68,287.09K,-3.70%,32.482,-0.0032221437996748925
2016-02-22,34.69,33.25,34.97,32.85,233.33K,5.09%,32.663,0.005572316975555713
2016-02-23,33.27,34.54,35.11,32.9,348.08K,-4.09%,32.958,0.009031625998836557
2016-02-24,34.41,32.98,34.67,32.37,344.00K,3.43%,33.315,0.010831967959220812
2016-02-25,35.29,34.39,35.74,33.29,210.57K,2.56%,33.838,0.015698634248836996
2016-02-26,35.1,35.1,37.0,34.73,126.42K,-0.54%,34.012,0.005142147881080472
2016-02-29,35.97,35.1,36.23,34.83,30.24K,2.48%,34.269999999999996,0.0075855580383392684
2016-03-01,36.81,36.6,37.25,35.95,276.26K,2.34%,34.733,0.013510358914502474
2016-03-02,36.93,36.62,37.4,36.1,278.17K,0.33%,34.976,0.006996228370713897
2016-03-03,37.07,37.05,37.37,36.35,256.49K,0.38%,35.255,0.007976898444647773
2016-03-04,38.72,37.04,38.95,36.82,295.79K,4.45%,35.826,0.016196284215004964
2016-03-07,40.84,38.88,41.04,38.87,341.91K,5.48%,36.440999999999995,0.017166303801708027
2016-03-08,39.65,40.71,41.48,39.31,352.25K,-2.91%,37.079,0.01750775225707324
2016-03-09,41.07,39.65,41.18,39.39,333.49K,3.58%,37.745,0.017961649451171846
2016-03-10,40.05,40.89,41.01,39.63,287.78K,-2.48%,38.221000000000004,0.012610941846602275
2016-03-11,40.39,40.33,41.03,40.02,276.65K,0.85%,38.75,0.013840558855079621
2016-03-14,39.53,40.25,40.65,38.82,264.71K,-2.13%,39.106,0.009187096774193604
2016-03-15,38.74,39.67,39.74,38.32,224.36K,-2.00%,39.299,0.004935304045414979
2016-03-16,40.33,39.14,40.44,38.83,263.87K,4.10%,39.638999999999996,0.008651619634087337
2016-03-17,41.54,40.45,41.6,40.41,249.23K,3.00%,40.086,0.011276772875198793
2016-03-18,41.2,41.38,42.54,41.07,286.65K,-0.82%,40.333999999999996,0.006186698598014129
2016-03-21,41.54,41.31,41.88,40.48,234.10K,0.83%,40.404,0.001735508503991845
2016-03-22,41.79,41.47,42.08,40.97,268.21K,0.60%,40.617999999999995,0.00529650529650505
2016-03-23,40.47,41.56,41.82,40.42,240.91K,-3.16%,40.558,-0.001477177605987423
2016-03-24,40.44,40.4,40.64,39.22,203.28K,-0.07%,40.596999999999994,0.0009615858770155583
2016-03-28,40.27,40.58,41.0,39.64,78.63K,-0.42%,40.584999999999994,-0.0002955883439663687
2016-03-29,39.14,40.19,40.25,38.76,149.53K,-2.81%,40.54600000000001,-0.0009609461623749649
2016-03-30,39.26,39.42,40.61,39.09,103.12K,0.31%,40.598,0.0012824939574802574
2016-03-31,39.6,39.12,40.0,38.74,27.80K,0.87%,40.525,-0.0017981181338981855
2016-04-01,38.67,40.14,40.43,38.55,286.17K,-2.35%,40.238,-0.007082048118445372
2016-04-04,37.69,38.69,38.92,37.5,286.65K,-2.53%,39.887,-0.008723097569461657
2016-04-05,37.87,37.5,38.44,37.27,296.45K,0.48%,39.519999999999996,-0.009200992804673347
2016-04-06,39.84,38.4,39.94,38.34,323.37K,5.20%,39.325,-0.004934210526315597
2016-04-07,39.43,39.9,40.29,38.7,308.72K,-1.03%,39.221,-0.0026446280991737625
2016-04-08,41.94,39.68,42.01,39.62,340.22K,6.37%,39.370999999999995,0.0038244817827184363
2016-04-11,42.83,42.0,43.06,41.41,279.92K,2.12%,39.627,0.006502247847400611
2016-04-12,44.69,42.7,44.81,42.56,357.35K,4.34%,40.182,0.014005602240896309
2016-04-13,44.18,44.44,44.94,43.76,348.59K,-1.14%,40.674,0.012244288487382349
2016-04-14,43.84,44.01,44.62,43.29,234.37K,-0.77%,41.098,0.010424349707429892
2016-04-15,43.1,43.8,44.05,42.28,285.17K,-1.69%,41.541000000000004,0.010779113338848623
2016-04-18,42.91,41.8,43.43,40.1,383.37K,-0.44%,42.063,0.012565898750631854
2016-04-19,44.03,43.14,44.5,42.6,355.95K,2.61%,42.679,0.014644699617240686
2016-04-20,45.8,43.52,45.88,42.81,297.26K,4.02%,43.275,0.013964713325054445
2016-04-21,44.53,45.54,46.18,44.44,312.60K,-2.77%,43.785000000000004,0.011785095320623995
2016-04-22,45.11,44.75,45.9,44.3,272.85K,1.30%,44.102000000000004,0.007239922347836103
2016-04-25,44.48,45.13,45.59,44.26,211.68K,-1.40%,44.266999999999996,0.0037413269239487956
2016-04-26,45.74,44.69,46.49,44.36,199.24K,2.83%,44.372,0.0023719700905866503
2016-04-27,47.18,46.26,47.45,45.63,150.79K,3.15%,44.672,0.0067610204633552495
2016-04-28,48.14,47.1,48.19,46.74,113.08K,2.03%,45.102,0.009625716332378298
2016-04-29,48.13,47.9,48.5,47.41,29.52K,-0.02%,45.605,0.011152498780541809
2016-05-02,45.83,47.37,47.4,45.72,168.09K,-4.78%,45.897000000000006,0.006402806709790765
2016-05-03,44.97,45.8,46.4,44.62,276.40K,-1.88%,45.991,0.002048064143625794
2016-05-04,44.62,45.21,46.01,44.19,293.82K,-0.78%,45.873000000000005,-0.002565719379878595
2016-05-05,45.01,45.08,46.77,44.65,280.79K,0.87%,45.921,0.0010463671440714695
2016-05-06,45.37,45.16,46.12,44.19,283.65K,0.80%,45.946999999999996,0.0005661897606759059
2016-05-09,43.63,45.75,46.48,43.43,364.58K,-3.84%,45.862,-0.0018499575597969997
2016-05-10,45.52,43.49,45.7,43.33,343.21K,4.33%,45.839999999999996,-0.0004796999694737236
2016-05-11,47.6,45.59,47.75,44.8,381.74K,4.57%,45.882,0.0009162303664922433
2016-05-12,48.08,47.32,48.19,46.8,353.85K,1.01%,45.876,-0.00013077023669416654
2016-05-13,47.83,47.85,48.12,47.26,239.05K,-0.52%,45.846000000000004,-0.0006539366989274376
2016-05-16,48.97,47.8,49.47,47.77,294.38K,2.38%,46.16,0.006849016271866626
2016-05-17,49.28,49.03,49.75,48.57,262.32K,0.63%,46.591,0.009337088388214898
2016-05-18,48.93,49.36,49.85,48.45,319.81K,-0.71%,47.022000000000006,0.00925071365714425
2016-05-19,48.81,48.67,48.88,47.38,302.10K,-0.25%,47.402,0.008081323635744875
2016-05-20,48.72,48.9,49.39,48.07,255.58K,-0.18%,47.737,0.007067212353909058
2016-05-23,48.35,48.72,48.84,47.58,225.09K,-0.76%,48.209,0.00988750864109611
2016-05-24,48.61,48.35,49.24,47.8,211.58K,0.54%,48.518,0.006409591570038842
2016-05-25,49.74,49.16,49.96,48.91,237.79K,2.32%,48.732,0.0044107341605177375
2016-05-26,49.59,49.76,50.51,49.25,221.26K,-0.30%,48.883,0.0030985799885085985
2016-05-27,49.32,49.42,49.55,48.69,130.18K,-0.54%,49.032,0.003048094429556114
2016-05-30,49.76,49.43,49.83,48.92,23.09K,0.89%,49.111000000000004,0.0016111926904880391
2016-05-31,49.69,49.7,50.05,49.23,28.69K,-0.14%,49.152,0.0008348435177454316
2016-06-01,49.72,49.65,50.0,48.65,266.00K,0.06%,49.23100000000001,0.0016072591145834814
2016-06-02,50.04,49.63,50.3,48.84,270.12K,0.64%,49.354,0.0024984257886289107
2016-06-03,49.64,49.95,50.33,49.3,227.82K,-0.80%,49.446,0.0018640839648256247
2016-06-06,50.55,49.83,50.83,49.72,223.76K,1.83%,49.666,0.004449298224325604
2016-06-07,51.44,50.46,51.54,50.28,208.82K,1.76%,49.949,0.005698063061249092
2016-06-08,52.51,51.41,52.8,51.32,260.75K,2.08%,50.226,0.005545656569701185
2016-06-09,51.95,52.74,52.86,51.53,213.12K,-1.07%,50.462,0.004698761597579093
2016-06-10,50.54,51.91,52.1,50.33,210.06K,-2.71%,50.583999999999996,0.0024176608140777933
2016-06-13,50.35,50.42,50.79,49.61,208.81K,-0.38%,50.643,0.0011663767199114883
2016-06-14,49.83,49.89,50.05,49.2,224.01K,-1.03%,50.657,0.00027644491834988294
2016-06-15,48.97,49.22,49.8,48.39,298.84K,-1.73%,50.58200000000001,-0.001480545630416108
2016-06-16,47.19,48.56,48.77,46.94,287.30K,-3.63%,50.297000000000004,-0.005634415404689452
2016-06-17,49.17,47.28,49.4,47.25,222.73K,4.20%,50.25,-0.0009344493707379442
2016-06-20,50.65,49.42,50.68,49.24,244.41K,3.01%,50.260000000000005,0.00019900497512437276
2016-06-21,50.62,50.43,51.1,49.46,256.95K,-0.06%,50.178,-0.0016315161161959413
2016-06-22,49.88,51.06,51.24,49.18,282.72K,-1.46%,49.915000000000006,-0.005241340826656948
2016-06-23,50.91,50.14,51.18,49.89,246.95K,2.06%,49.811,-0.0020835420214365685
2016-06-24,48.41,50.69,50.74,47.54,351.74K,-4.91%,49.598,-0.004276163899540331
2016-06-27,47.16,48.43,48.9,46.69,243.26K,-2.58%,49.278999999999996,-0.006431710956086967
2016-06-28,48.58,47.61,48.79,47.47,173.18K,3.01%,49.153999999999996,-0.0025365774467825952
2016-06-29,50.61,48.84,50.74,48.62,112.96K,4.18%,49.318,0.0033364527810555433
2016-06-30,49.68,50.21,50.28,49.47,25.41K,-1.84%,49.567,0.005048866539600239
2016-07-01,50.35,49.9,50.66,49.25,248.69K,1.35%,49.685,0.0023806161357355915
2016-07-04,50.1,50.6,50.75,50.03,113.45K,-0.50%,49.629999999999995,-0.0011069739357956188
2016-07-05,47.96,50.03,50.05,47.54,305.74K,-4.27%,49.364,-0.005359661495063395
2016-07-06,48.8,48.06,49.31,47.17,279.12K,1.75%,49.25599999999999,-0.0021878291872620137
2016-07-07,46.4,49.12,49.59,46.15,328.10K,-4.92%,48.805,-0.009156244924476087
2016-07-08,46.76,46.6,47.23,46.15,237.28K,0.78%,48.64,-0.003380801147423451
2016-07-11,46.25,46.49,47.1,45.9,229.28K,-1.09%,48.549,-0.0018708881578947123
2016-07-12,48.47,46.17,48.57,46.09,321.53K,4.80%,48.538,-0.00022657521267177572
2016-07-13,46.26,48.13,48.2,46.09,299.80K,-4.56%,48.102999999999994,-0.008962050352301354
2016-07-14,47.37,46.59,47.47,46.34,289.40K,2.40%,47.872,-0.004802195289274946
2016-07-15,47.61,47.03,48.25,46.65,260.43K,0.51%,47.598,-0.0057235962566845044
2016-07-18,46.96,47.92,47.95,46.5,230.50K,-1.37%,47.284000000000006,-0.006596915836799666
2016-07-19,46.66,46.93,47.49,46.53,214.36K,-0.64%,47.153999999999996,-0.0027493443871079437
2016-07-20,47.17,46.76,47.49,45.9,296.30K,1.09%,46.991,-0.0034567587055179816
2016-07-21,46.2,47.17,47.56,46.05,237.48K,-2.06%,46.971,-0.00042561341533486896
2016-07-22,45.69,46.21,46.5,45.17,243.49K,-1.10%,46.864,-0.002278001319963363
2016-07-25,44.72,45.7,45.87,44.55,188.81K,-2.12%,46.711,-0.0032647661317856125
2016-07-26,44.87,44.82,44.96,44.14,240.33K,0.34%,46.351,-0.007706964098392222
2016-07-27,43.47,44.55,44.91,43.27,194.57K,-3.12%,46.072,-0.006019287609760227
2016-07-28,42.7,43.53,43.72,42.56,110.09K,-1.77%,45.605000000000004,-0.010136308386872739
2016-07-29,42.46,42.61,42.83,41.8,21.54K,-0.56%,45.089999999999996,-0.011292621423089733
2016-08-01,42.14,43.11,43.85,41.87,234.77K,-0.75%,44.608,-0.010689731647815504
2016-08-02,41.8,42.23,43.18,41.51,262.56K,-0.81%,44.122,-0.010894906743185051
2016-08-03,43.1,41.94,43.47,41.56,320.44K,3.11%,43.714999999999996,-0.009224423190245301
2016-08-04,44.29,43.36,44.34,42.51,276.42K,2.76%,43.524,-0.004369209653436901
2016-08-05,44.27,44.18,44.49,43.51,236.87K,-0.05%,43.382,-0.0032625677786969343
2016-08-08,45.39,44.34,45.71,44.24,221.51K,2.53%,43.449,0.0015444193444285048
2016-08-09,44.98,45.25,45.77,44.76,216.22K,-0.90%,43.46,0.0002531703836683441
2016-08-10,44.05,44.92,45.68,43.81,284.86K,-2.07%,43.518,0.001334560515416472
2016-08-11,46.04,43.78,46.3,43.46,335.53K,4.52%,43.852,0.007674985063651718
2016-08-12,46.97,46.18,47.25,45.74,258.00K,2.02%,44.303,0.010284593633129724
2016-08-15,48.35,47.14,48.54,46.84,234.40K,2.94%,44.924,0.014017109450827236
2016-08-16,49.23,48.22,49.36,47.9,331.86K,1.82%,45.667,0.016539043718279745
2016-08-17,49.85,48.88,49.93,48.55,377.40K,1.26%,46.342,0.014780914007926915
2016-08-18,50.89,49.76,51.05,49.52,268.83K,2.09%,47.001999999999995,0.014241940356479965
2016-08-19,50.88,50.96,51.22,50.32,252.34K,-0.02%,47.663,0.014063231351857386
2016-08-22,49.16,50.7,50.7,49.07,270.37K,-3.38%,48.040000000000006,0.007909699347502519
2016-08-23,49.96,49.04,50.21,48.48,314.18K,1.63%,48.538,0.010366361365528487
2016-08-24,49.05,49.57,49.87,48.68,280.92K,-1.82%,49.038,0.01030120730149564
2016-08-25,49.67,49.03,49.78,48.7,217.13K,1.26%,49.400999999999996,0.007402422611036297
2016-08-26,49.92,49.66,50.76,49.12,209.62K,0.50%,49.696,0.005971539037671336
2016-08-29,49.26,49.54,49.6,48.97,65.67K,-1.32%,49.787,0.0018311332904057398
2016-08-30,48.37,49.25,49.76,48.23,124.52K,-1.81%,49.701,-0.0017273585474119058
2016-08-31,47.04,48.29,48.42,46.96,20.61K,-2.75%,49.42,-0.005653809782499297
2016-09-01,45.45,46.98,47.24,45.32,290.04K,-3.38%,48.876,-0.01100768919465811
2016-09-02,46.83,45.79,47.02,45.41,279.34K,3.04%,48.471,-0.008286275472624616
2016-09-05,47.63,46.7,49.4,46.4,287.95K,1.71%,48.318,-0.003156526582905217
2016-09-06,47.26,47.43,47.99,46.29,215.06K,-0.78%,48.048,-0.005587979634918527
2016-09-07,47.98,47.2,48.56,46.97,224.23K,1.52%,47.940999999999995,-0.0022269397269398805
2016-09-08,49.99,48.55,50.14,48.21,327.24K,4.19%,47.973,0.0006674871195846421
2016-09-09,48.01,49.63,49.7,47.76,262.15K,-3.96%,47.782,-0.003981406207658522
2016-09-12,48.32,47.81,48.63,46.9,258.76K,0.65%,47.688,-0.0019672680088734795
2016-09-13,47.1,48.17,48.22,46.96,280.02K,-2.52%,47.561,-0.002663143767824283
2016-09-14,45.85,47.33,47.48,45.7,332.96K,-2.65%,47.442,-0.0025020499989487632
2016-09-15,46.59,46.06,47.0,45.67,320.72K,1.61%,47.556,0.002402934109017263
2016-09-16,45.77,46.31,46.41,45.48,226.32K,-1.76%,47.45,-0.0022289511312977295
2016-09-19,45.95,46.01,46.93,45.85,209.91K,0.39%,47.282000000000004,-0.0035405690200210893
2016-09-20,45.88,45.91,46.3,45.09,298.80K,-0.15%,47.144,-0.002918658263186935
2016-09-21,46.83,46.45,47.14,46.38,249.08K,2.07%,47.029,-0.0024393348040046003
2016-09-22,47.65,46.99,47.83,46.99,290.33K,1.75%,46.795,-0.004975653320291817
2016-09-23,45.89,47.42,48.26,45.65,306.86K,-3.69%,46.583000000000006,-0.00453039854685322
2016-09-26,47.35,46.05,47.66,45.74,208.15K,3.18%,46.486000000000004,-0.0020823047034326247
2016-09-27,45.97,47.06,47.28,45.63,241.18K,-2.91%,46.373000000000005,-0.002430839392505213
2016-09-28,48.69,46.14,48.96,45.7,188.67K,5.92%,46.657,0.006124253337070895
2016-09-29,49.24,48.87,49.81,47.99,114.83K,1.13%,46.922000000000004,0.005679747947789249
2016-09-30,49.06,49.18,49.25,48.21,26.94K,-0.37%,47.251000000000005,0.007011636332637128
2016-10-03,50.89,50.02,51.14,49.74,284.26K,3.73%,47.745,0.01045480518930808
2016-10-04,50.87,50.93,51.55,50.34,269.27K,-0.04%,48.244,0.010451356162949121
2016-10-05,51.86,51.22,52.09,51.22,302.09K,1.95%,48.747,0.010426166984495389
2016-10-06,52.51,51.76,52.75,51.32,293.87K,1.25%,49.233000000000004,0.009969844298110653
2016-10-07,51.93,52.72,52.84,51.33,310.02K,-1.10%,49.837,0.012268194097454943
2016-10-10,53.14,51.63,53.73,51.3,334.27K,2.33%,50.416000000000004,0.01161787427012051
2016-10-11,52.41,53.11,53.32,52.12,373.85K,-1.37%,51.059999999999995,0.012773722627737127
2016-10-12,51.81,52.48,52.87,51.61,254.73K,-1.14%,51.372,0.006110458284371401
2016-10-13,52.03,51.6,52.15,50.92,310.65K,0.42%,51.650999999999996,0.005430974071478634
2016-10-14,51.95,52.06,52.55,51.5,248.44K,-0.15%,51.94,0.00559524500977715
2016-10-17,51.52,51.93,52.29,51.16,247.03K,-0.83%,52.003,0.0012129380053909067
2016-10-18,51.68,51.72,52.15,51.25,274.17K,0.31%,52.084,0.0015576024460128846
2016-10-19,52.67,52.13,53.14,52.09,292.95K,1.92%,52.165,0.001555180093694819
2016-10-20,51.38,52.6,52.72,51.17,279.31K,-2.45%,52.052,-0.002166203393079602
2016-10-21,51.78,51.4,51.94,51.12,249.16K,0.78%,52.037,-0.00028817336509645575
2016-10-24,51.46,51.89,52.01,50.5,277.24K,-0.62%,51.86900000000001,-0.003228472048734443
2016-10-25,50.79,51.44,51.83,50.22,237.73K,-1.30%,51.70700000000001,-0.003123252809963506
2016-10-26,49.98,50.26,50.69,49.65,304.52K,-1.59%,51.524,-0.0035391726458701145
2016-10-27,50.47,50.05,50.9,49.83,138.09K,0.98%,51.367999999999995,-0.003027715239500184
2016-10-28,49.71,50.41,50.58,49.31,94.84K,-1.51%,51.144,-0.00436069148107765
2016-10-31,48.3,49.41,49.72,47.98,32.21K,-2.84%,50.821999999999996,-0.006295948693883946
2016-11-01,48.14,48.72,49.26,47.72,462.80K,-0.33%,50.468,-0.00696548738735181
2016-11-02,46.86,47.9,48.02,46.46,366.82K,-2.66%,49.887,-0.01151224538321316
2016-11-03,46.35,47.15,47.52,45.99,283.66K,-1.09%,49.384,-0.01008278709884336
2016-11-04,45.58,46.43,46.56,45.08,384.56K,-1.66%,48.763999999999996,-0.012554673578487052
2016-11-07,46.15,45.7,46.38,45.38,276.17K,1.25%,48.233,-0.010889180543023569
2016-11-08,46.04,46.3,46.69,45.6,320.98K,-0.24%,47.757999999999996,-0.009848029357493848
2016-11-09,46.36,46.04,46.95,44.4,448.12K,0.70%,47.396,-0.007579881904602237
2016-11-10,45.84,46.36,46.92,45.56,302.45K,-1.12%,46.933,-0.009768756857118754
2016-11-11,44.75,45.8,45.89,44.19,286.71K,-2.38%,46.437,-0.0105682568768245
2016-11-14,44.43,44.54,44.99,43.57,260.15K,-0.72%,46.05,-0.008333871697138062
2016-11-15,46.95,44.7,47.25,44.67,354.27K,5.67%,45.931,-0.002584147665580905
2016-11-16,46.63,46.88,47.56,46.25,335.48K,-0.68%,45.908,-0.0005007511266899023
2016-11-17,46.49,46.44,47.62,45.97,280.94K,-0.30%,45.922,0.0003049577415699112
2016-11-18,46.86,46.05,46.99,45.75,249.34K,0.80%,46.05,0.002787335046382955
2016-11-21,48.9,46.92,49.15,46.92,282.70K,4.35%,46.325,0.005971769815418249
2016-11-22,49.12,49.25,49.96,48.14,436.93K,0.45%,46.632999999999996,0.006648677819751647
2016-11-23,48.95,49.2,49.5,48.56,275.29K,-0.35%,46.891999999999996,0.005554006819205259
2016-11-24,49.0,49.03,49.21,48.76,71.19K,0.10%,47.208000000000006,0.006738889362791323
2016-11-25,47.24,48.96,49.02,46.85,181.17K,-3.59%,47.457,0.005274529740721734
2016-11-28,48.24,46.71,48.81,46.28,207.96K,2.12%,47.838,0.00802832037423351
2016-11-29,46.38,48.07,48.1,45.92,133.11K,-3.86%,47.781,-0.0011915213846732664
2016-11-30,50.47,46.54,50.49,46.51,43.12K,8.82%,48.165000000000006,0.008036667294531563
2016-12-01,53.94,51.72,54.53,51.51,460.86K,6.88%,48.910000000000004,0.015467663240942509
2016-12-02,54.46,53.88,54.5,52.84,312.78K,0.96%,49.67,0.015538744632999313
2016-12-05,54.94,54.4,55.33,53.77,288.55K,0.88%,50.274,0.012160257700825516
2016-12-06,53.93,54.5,54.94,53.51,280.65K,-1.84%,50.755,0.00956756971794559
2016-12-07,53.0,53.94,54.23,52.92,298.57K,-1.72%,51.160000000000004,0.007979509407940233
2016-12-08,53.89,53.15,54.05,52.81,334.18K,1.68%,51.649,0.009558248631743593
2016-12-09,54.33,53.97,54.46,53.77,264.80K,0.82%,52.358000000000004,0.013727274487405516
2016-12-12,55.69,55.88,57.89,55.11,372.17K,2.50%,53.102999999999994,0.014228962145230728
2016-12-13,55.72,55.7,56.44,55.13,283.43K,0.05%,54.037,0.01758846016232618
2016-12-14,53.9,55.16,55.81,53.52,353.97K,-3.27%,54.379999999999995,0.006347502637081837
2016-12-15,54.02,53.76,54.5,53.15,266.15K,0.22%,54.388,0.0001471129091579204
2016-12-16,55.21,54.11,55.38,53.71,229.19K,2.20%,54.463,0.0013789806574979746
2016-12-19,54.92,55.4,55.8,54.69,228.39K,-0.53%,54.461,-3.672217835970493e-05
2016-12-20,55.35,55.02,55.92,54.75,257.02K,0.78%,54.602999999999994,0.002607370411854326
2016-12-21,54.46,55.52,55.87,54.32,277.73K,-1.61%,54.749,0.0026738457593906695
2016-12-22,55.05,54.55,55.23,54.05,194.66K,1.08%,54.864999999999995,0.002118760160002786
2016-12-23,55.16,54.84,55.25,54.26,104.09K,0.20%,54.948,0.001512804155654912
2016-12-27,56.09,55.18,57.15,55.04,67.84K,1.69%,54.988,0.0007279609812913534
2016-12-28,56.22,56.06,56.56,55.89,109.91K,0.23%,55.038,0.0009092892994835289
2016-12-29,56.14,56.01,56.63,55.91,49.08K,-0.14%,55.262,0.004069915331225804
2016-12-30,56.82,57.0,57.2,56.46,129.10K,1.21%,55.541999999999994,0.005066772827621024
2017-01-03,55.47,57.05,58.37,55.3,340.82K,-2.38%,55.758,0.0009873794948209724
2017-01-04,56.46,55.73,56.55,55.33,282.55K,1.78%,55.86899999999999,0.0019907457225867287
2017-01-05,56.89,56.35,57.35,56.01,269.61K,0.76%,56.112,0.0043494603447351565
2017-01-06,57.1,56.88,57.47,56.28,234.87K,0.37%,56.31699999999999,0.003653407470772585
2017-01-09,54.94,56.81,57.0,54.74,266.39K,-3.78%,56.295,-0.00039064580854786257
2017-01-10,53.64,54.95,55.36,53.58,332.98K,-2.37%,56.05,-0.004352073896438435
2017-01-11,55.1,53.8,55.67,53.7,419.90K,2.72%,55.938,-0.0019982158786796544
2017-01-12,56.01,55.19,56.43,55.01,331.63K,1.65%,55.925,-0.00023240015731706976
2017-01-13,55.45,56.0,56.21,55.28,247.09K,-1.00%,55.788,-0.0024497094322754043
2017-01-16,55.86,55.64,55.92,55.19,112.58K,0.74%,55.69199999999999,-0.0017208001720800947
2017-01-17,55.47,55.74,56.95,55.4,335.73K,-0.70%,55.69200000000001,2.220446049250313e-16
2017-01-18,53.92,55.48,55.9,53.77,360.15K,-2.79%,55.438,-0.004560798678445832
2017-01-19,54.16,54.29,54.77,53.9,346.87K,0.45%,55.165,-0.004924420072874303
2017-01-20,55.49,54.33,55.8,54.18,293.54K,2.46%,55.004,-0.0029185171757455386
2017-01-23,55.23,55.7,55.75,54.65,305.85K,-0.47%,55.033,0.0005272343829541004
2017-01-24,55.44,55.42,55.87,55.07,254.89K,0.38%,55.213,0.0032707648138390333
2017-01-25,55.08,55.24,55.65,54.75,275.73K,-0.65%,55.211,-3.622335319586334e-05
2017-01-26,56.24,55.39,56.55,55.21,265.72K,2.11%,55.234,0.000416583651808633
2017-01-27,55.52,56.09,56.5,54.86,142.07K,-1.28%,55.241,0.0001267335336929687
2017-01-30,55.23,55.47,55.7,54.97,104.90K,-0.52%,55.178,-0.0011404572690574266
2017-01-31,55.7,55.25,56.0,54.9,28.80K,0.85%,55.201,0.0004168327956795004
2017-02-01,56.8,55.55,56.83,55.36,301.24K,1.97%,55.489,0.005217296788101677
2017-02-02,56.56,56.53,57.45,56.33,297.35K,-0.42%,55.729,0.004325181567517822
2017-02-03,56.81,56.92,57.3,56.39,264.76K,0.44%,55.861000000000004,0.002368605214520425
2017-02-06,55.72,56.85,57.13,55.65,252.70K,-1.92%,55.910000000000004,0.000877177279318353
2017-02-07,55.05,55.91,55.98,54.58,317.18K,-1.20%,55.871,-0.0006975496333393449
2017-02-08,55.12,54.5,55.68,54.44,409.83K,0.13%,55.875,7.159349215157818e-05
2017-02-09,55.63,55.3,55.92,55.23,263.40K,0.93%,55.814,-0.0010917225950782816
2017-02-10,56.7,55.66,56.88,55.59,284.71K,1.92%,55.932,0.0021141649048626032
2017-02-13,55.59,56.68,56.81,55.41,234.31K,-1.96%,55.967999999999996,0.0006436387041406366
2017-02-14,55.97,55.75,56.46,55.53,254.98K,0.68%,55.995000000000005,0.0004824185248715196
2017-02-15,55.75,55.82,56.25,55.56,272.52K,-0.39%,55.89,-0.0018751674256630713
2017-02-16,55.65,55.74,56.24,55.13,310.84K,-0.18%,55.799,-0.001628198246555801
2017-02-17,55.81,55.73,55.88,55.1,270.49K,0.29%,55.699,-0.0017921468126669282
2017-02-20,56.18,55.9,56.42,55.7,209.63K,0.66%,55.745000000000005,0.0008258676098316098
2017-02-21,56.66,56.17,57.31,56.1,335.44K,0.85%,55.906000000000006,0.002888151403713346
2017-02-22,55.84,56.74,57.01,55.64,245.16K,-1.45%,55.977999999999994,0.001287876077701755
2017-02-23,56.58,56.2,57.26,56.18,223.59K,1.33%,56.073,0.001697095287434447
2017-02-24,55.99,56.4,56.66,55.74,164.96K,-1.04%,56.001999999999995,-0.0012662065521731325
2017-02-27,55.93,55.96,56.77,55.86,139.29K,-0.11%,56.036,0.0006071211742437743
2017-02-28,55.59,56.02,56.15,55.23,28.35K,-0.61%,55.998000000000005,-0.000678135484331488
2017-03-01,56.36,56.45,57.05,56.24,261.74K,1.39%,56.059000000000005,0.0010893246187364536
2017-03-02,55.08,56.31,56.44,55.03,350.12K,-2.27%,56.001999999999995,-0.001016785886298499
2017-03-03,55.9,55.18,55.95,55.09,248.71K,1.49%,56.011,0.00016070854612348917
2017-03-06,56.01,55.8,56.25,55.32,224.20K,0.20%,55.99399999999999,-0.0003035118101802903
2017-03-07,55.92,55.95,56.65,55.56,269.52K,-0.16%,55.92,-0.0013215701682322
2017-03-08,53.11,55.63,55.77,52.93,444.13K,-5.03%,55.647000000000006,-0.004881974248927001
2017-03-09,52.19,53.49,53.86,51.5,504.12K,-1.73%,55.208000000000006,-0.007889014681833673
2017-03-10,51.37,52.33,53.02,51.14,351.34K,-1.57%,54.746,-0.008368352412693847
2017-03-13,51.35,51.49,51.7,50.85,276.76K,-0.04%,54.288,-0.008365908011544354
2017-03-14,50.92,51.34,51.86,50.25,411.63K,-0.84%,53.821000000000005,-0.008602269378131244
2017-03-15,51.81,51.5,52.15,51.36,327.90K,1.75%,53.366,-0.0084539492019845
2017-03-16,51.74,52.08,52.65,51.5,281.53K,-0.14%,53.032000000000004,-0.0062586665667278
2017-03-17,51.76,51.74,52.18,51.53,220.35K,0.04%,52.61800000000001,-0.007806607331422466
2017-03-20,51.62,51.8,51.94,51.01,239.25K,-0.27%,52.178999999999995,-0.008343152533353826
2017-03-21,50.96,51.7,52.22,50.73,291.71K,-1.28%,51.68300000000001,-0.009505739857030404
2017-03-22,50.64,50.86,50.98,49.71,327.91K,-0.63%,51.436,-0.004779134338177116
2017-03-23,50.56,50.83,51.1,50.25,320.21K,-0.16%,51.273,-0.003168986701920784
2017-03-24,50.8,50.64,51.06,50.4,215.34K,0.47%,51.215999999999994,-0.0011116962143820075
2017-03-27,50.75,51.03,51.1,50.03,195.52K,-0.10%,51.156,-0.0011715089034676218
2017-03-28,51.33,50.77,51.87,50.77,186.41K,1.14%,51.197,0.0008014700132927821
2017-03-29,52.42,51.43,52.48,51.36,140.44K,2.12%,51.258,0.0011914760630504784
2017-03-30,52.96,52.39,53.1,52.03,128.55K,1.03%,51.379999999999995,0.0023801162745327176
2017-03-31,52.83,52.83,53.45,52.35,27.46K,-0.25%,51.487,0.0020825223822500405
2017-04-03,53.12,53.62,53.74,53.03,241.75K,0.55%,51.637,0.0029133567696699725
2017-04-04,54.17,53.18,54.38,52.73,302.11K,1.98%,51.95799999999999,0.006216472684315244
2017-04-05,54.36,54.22,55.09,53.97,353.02K,0.35%,52.33,0.007159628931059814
2017-04-06,54.89,54.13,55.0,54.02,239.47K,0.97%,52.763,0.008274412382954344
2017-04-07,55.24,54.88,56.08,54.57,317.78K,0.64%,53.206999999999994,0.008414987775524407
2017-04-10,55.98,55.19,56.05,55.19,298.90K,1.34%,53.73,0.009829533707970795
2017-04-11,56.23,56.08,56.3,55.45,340.42K,0.45%,54.220000000000006,0.009119672436255444
2017-04-12,55.86,56.28,56.65,55.5,373.53K,-0.66%,54.564,0.006344522316488188
2017-04-13,55.89,55.66,56.06,55.56,325.31K,0.05%,54.85699999999999,0.0053698409207534326
2017-04-17,55.36,55.55,55.98,55.29,158.97K,-0.95%,55.11,0.00461199117706057
2017-04-18,54.89,55.39,55.48,54.61,373.10K,-0.85%,55.287,0.0032117583015787154
2017-04-19,52.93,54.78,55.2,52.58,435.41K,-3.57%,55.163,-0.002242841897733716
2017-04-20,52.99,53.09,53.55,52.68,401.85K,0.11%,55.025999999999996,-0.0024835487555063818
2017-04-21,51.96,53.0,53.29,51.57,348.48K,-1.94%,54.733000000000004,-0.005324755570094042
2017-04-24,51.6,52.11,52.57,51.42,267.28K,-0.69%,54.36899999999999,-0.006650466811612965
2017-04-25,52.1,51.6,52.39,51.3,272.76K,0.97%,53.98100000000001,-0.007136419650903725
2017-04-26,51.82,51.81,52.46,51.38,206.56K,-0.54%,53.54,-0.008169541134843916
2017-04-27,51.44,51.57,51.76,50.45,187.13K,-0.73%,53.098,-0.008255509899140812
2017-04-28,51.73,51.58,52.12,51.31,23.20K,0.56%,52.682,-0.007834570040302746
2017-05-01,51.52,51.88,51.97,51.22,121.53K,-0.41%,52.298,-0.007289017121597463
2017-05-02,50.46,51.39,52.16,50.14,364.06K,-2.06%,51.855,-0.008470687215572426
2017-05-03,50.79,50.99,51.14,50.2,357.19K,0.65%,51.641,-0.004126892295824858
2017-05-04,48.38,50.59,50.73,48.16,541.58K,-4.75%,51.18,-0.008927015356015588
2017-05-05,49.1,48.45,49.63,46.64,530.44K,1.49%,50.894,-0.005588120359515503
2017-05-08,49.34,49.27,49.92,48.48,400.72K,0.49%,50.668,-0.004440602035603369
2017-05-09,48.73,49.44,49.72,48.39,332.91K,-1.24%,50.331,-0.006651140759453611
2017-05-10,50.22,48.95,50.63,48.81,368.11K,3.06%,50.17100000000001,-0.003178955315809251
2017-05-11,50.77,50.28,51.16,50.25,315.59K,1.10%,50.104,-0.0013354328197565657
2017-05-12,50.84,50.76,51.09,50.33,304.76K,0.14%,50.015,-0.0017763052850071626
2017-05-15,51.82,50.89,52.63,50.74,331.42K,1.93%,50.045,0.0005998200539838461
2017-05-16,51.65,51.88,52.36,51.1,340.96K,-0.33%,50.164,0.002377859926066428
2017-05-17,52.21,51.2,52.61,51.04,331.36K,1.08%,50.306000000000004,0.0028307152539670533
2017-05-18,52.51,52.19,52.74,51.11,363.69K,0.57%,50.719,0.008209756291496006
2017-05-19,53.61,52.57,53.82,52.55,333.27K,2.09%,51.17,0.008892131154005334
2017-05-22,53.87,53.85,54.37,53.66,379.12K,0.48%,51.623000000000005,0.008852843462966664
2017-05-23,54.15,53.87,54.43,53.2,328.33K,0.52%,52.165,0.010499196094763796
2017-05-24,53.96,54.14,54.62,53.66,351.64K,-0.35%,52.539,0.007169558132847698
2017-05-25,51.46,54.15,54.67,51.03,464.50K,-4.63%,52.608000000000004,0.0013133101124878088
2017-05-26,52.15,51.38,52.3,50.71,265.83K,1.34%,52.739,0.0024901155717760304
2017-05-29,52.29,52.24,52.61,51.86,36.59K,0.27%,52.786,0.0008911810993763591
2017-05-30,51.84,52.25,52.35,51.19,137.21K,-0.86%,52.80499999999999,0.00035994392452520785
2017-05-31,50.31,51.92,51.92,49.81,41.68K,-2.95%,52.614999999999995,-0.003598144115140589
2017-06-01,50.63,51.17,51.45,50.23,462.92K,0.64%,52.427,-0.0035731255345432533
2017-06-02,49.95,50.23,50.52,48.95,451.46K,-1.34%,52.061,-0.006981135674366201
2017-06-05,49.47,49.87,50.74,49.04,348.41K,-0.96%,51.621,-0.008451624056395324
2017-06-06,50.12,49.57,50.3,49.0,329.71K,1.31%,51.217999999999996,-0.0078069002925167386
2017-06-07,48.06,49.97,50.14,47.96,461.75K,-4.11%,50.628,-0.01151938771525629
2017-06-08,47.86,48.26,48.6,47.56,445.97K,-0.42%,50.26800000000001,-0.007110689736904319
2017-06-09,48.15,47.79,48.56,47.4,285.82K,0.61%,49.868,-0.007957348611442816
2017-06-12,48.29,48.06,49.15,48.01,316.56K,0.29%,49.467999999999996,-0.008021175904387667
2017-06-13,48.72,48.32,48.82,47.87,321.28K,0.89%,49.156,-0.006307107625131314
2017-06-14,47.0,48.18,48.69,46.74,464.42K,-3.53%,48.825,-0.006733664252583482
2017-06-15,46.92,46.8,47.2,46.7,301.40K,-0.17%,48.454,-0.007598566308243737
2017-06-16,47.37,46.82,47.61,46.81,227.42K,0.96%,48.196000000000005,-0.0053246378008006134
2017-06-19,47.13,47.5,48.0,47.0,197.66K,-0.51%,47.962,-0.004855174703294884
2017-06-20,46.25,47.19,47.44,45.68,248.47K,-1.87%,47.575,-0.00806888786956339
2017-06-21,45.05,46.14,46.86,44.6,290.27K,-2.59%,47.274,-0.006326852338413125
2017-06-22,45.41,45.06,45.98,44.78,314.72K,0.80%,47.028999999999996,-0.005182552777425298
2017-06-23,45.75,45.48,45.97,45.24,242.60K,0.75%,46.789,-0.005103234174658078
2017-06-26,46.04,45.82,46.42,45.26,211.49K,0.63%,46.56400000000001,-0.004808822586505279
2017-06-27,46.92,46.1,47.3,46.0,311.31K,1.91%,46.384,-0.003865647281161566
2017-06-28,47.54,46.54,47.7,46.54,338.40K,1.32%,46.438,0.0011641945498448436
2017-06-29,47.63,47.61,48.27,47.34,401.76K,0.19%,46.509,0.0015289202808044244
2017-06-30,48.77,47.6,49.0,47.6,308.19K,2.39%,46.649,0.003010170074609242
2017-07-03,49.99,49.41,50.01,48.81,95.30K,2.50%,46.934999999999995,0.0061308924092691175
2017-07-04,49.9,49.95,50.19,49.58,66.73K,-0.18%,47.3,0.007776712474699021
2017-07-05,48.07,50.02,50.11,47.29,144.77K,-3.67%,47.602000000000004,0.006384778012685111
2017-07-06,48.39,48.62,49.43,48.04,120.25K,0.67%,47.9,0.006260241166337499
2017-07-07,46.98,48.05,48.05,46.55,101.63K,-2.91%,48.023,0.0025678496868477563
2017-07-10,47.17,47.19,47.65,46.39,129.98K,0.40%,48.136,0.002353039168731641
2017-07-11,47.81,47.22,48.5,46.6,133.02K,1.36%,48.225,0.0018489280372278039
2017-07-12,48.03,48.44,49.06,47.65,152.24K,0.46%,48.274,0.0010160705028512407
2017-07-13,48.68,47.88,48.79,47.47,143.03K,1.35%,48.379000000000005,0.0021750838960932217
2017-07-14,49.17,48.63,49.35,48.41,177.04K,1.01%,48.419,0.0008268050187063558
2017-07-17,48.68,49.29,49.5,48.56,149.98K,-1.00%,48.288,-0.0027055494743798425
2017-07-18,49.08,48.68,49.64,48.49,150.83K,0.82%,48.206,-0.0016981444665340462
2017-07-19,49.93,48.89,50.03,48.82,178.46K,1.73%,48.392,0.0038584408579844798
2017-07-20,49.52,49.92,50.38,49.41,198.41K,-0.82%,48.505,0.0023350967102000464
2017-07-21,48.31,49.53,49.85,48.05,229.67K,-2.44%,48.638,0.00274198536233361
2017-07-24,48.82,48.24,49.0,47.94,229.07K,1.06%,48.803000000000004,0.003392409227353177
2017-07-25,50.36,48.84,51.06,48.84,252.86K,3.15%,49.05800000000001,0.005225088621601204
2017-07-26,51.1,50.74,51.2,50.23,295.74K,1.47%,49.364999999999995,0.006257898813648799
2017-07-27,51.52,51.0,51.67,50.58,308.65K,0.82%,49.649,0.005753063911678513
2017-07-28,52.22,51.58,52.35,51.33,410.85K,1.36%,49.95399999999999,0.0061431247356440455
2017-07-31,52.72,52.3,52.9,51.78,376.75K,0.96%,50.358000000000004,0.008087440445209815
2017-08-01,51.94,52.86,53.08,51.08,223.97K,-1.48%,50.644,0.005679335954565268
2017-08-02,52.44,51.57,52.49,51.36,249.25K,0.96%,50.894999999999996,0.004956164599952517
2017-08-03,52.02,52.31,52.87,51.78,273.92K,-0.80%,51.144999999999996,0.004912073877591183
2017-08-04,52.46,51.99,52.55,51.48,153.59K,0.85%,51.56,0.00811418515983986
2017-08-07,52.42,52.46,52.55,51.43,141.05K,-0.08%,51.92,0.006982156710628296
2017-08-08,52.19,52.3,52.76,51.87,98.38K,-0.44%,52.102999999999994,0.003524653312788839
2017-08-09,52.65,52.04,52.78,51.87,162.65K,0.88%,52.257999999999996,0.002974876686563155
2017-08-10,51.78,52.71,53.47,51.53,285.83K,-1.65%,52.284000000000006,0.0004975314784341212
2017-08-11,51.94,51.82,52.12,51.14,130.26K,0.31%,52.25600000000001,-0.0005355366842628717
2017-08-14,50.63,51.86,52.23,50.49,153.85K,-2.52%,52.047000000000004,-0.003999540722596562
2017-08-15,50.63,50.61,50.98,49.98,212.32K,0.00%,51.916,-0.0025169558283860693
2017-08-16,50.1,50.79,51.22,49.99,204.43K,-1.05%,51.682,-0.004507280992372187
2017-08-17,50.75,50.22,50.84,49.81,231.59K,1.30%,51.55500000000001,-0.0024573352424440698
2017-08-18,52.41,50.61,52.64,50.54,186.53K,3.27%,51.55,-9.698380370493087e-05
2017-08-21,51.28,52.63,52.67,50.96,172.77K,-2.16%,51.436,-0.002211445198835982
2017-08-22,51.58,51.37,51.93,51.08,221.02K,0.59%,51.375,-0.001185939808694303
2017-08-23,52.24,51.4,52.29,51.22,237.02K,1.28%,51.334,-0.0007980535279804579
2017-08-24,51.66,52.21,52.39,51.26,252.43K,-1.11%,51.322,-0.00023376319788059874
2017-08-25,51.98,51.91,52.27,51.52,237.60K,0.62%,51.326,7.793928529675753e-05
2017-08-28,51.42,52.0,52.44,51.07,207.89K,-1.08%,51.40500000000001,0.0015391809219500452
2017-08-29,51.66,51.54,51.79,50.98,299.42K,0.47%,51.508,0.0020036961385079266
2017-08-30,50.73,51.65,51.69,50.52,437.32K,-1.80%,51.571000000000005,0.0012231109730527212
2017-08-31,52.86,50.53,52.9,50.49,462.17K,4.20%,51.782,0.004091446743324623
2017-09-01,52.79,52.78,52.94,52.24,188.99K,-0.13%,51.81999999999999,0.0007338457379011398
2017-09-04,52.37,52.58,52.85,52.01,87.65K,-0.80%,51.928999999999995,0.0021034349671942287
2017-09-05,53.36,52.26,53.62,52.13,210.93K,1.89%,52.107000000000006,0.003427757129927711
2017-09-06,54.07,53.19,54.19,53.06,278.90K,1.33%,52.29,0.003512004145316272
2017-09-07,54.33,54.08,54.48,53.75,259.80K,0.48%,52.556999999999995,0.005106138841078467
2017-09-08,53.58,54.38,54.64,53.34,280.01K,-1.38%,52.717,0.0030443137926441377
2017-09-11,53.69,53.64,53.93,52.87,218.53K,0.21%,52.943999999999996,0.004306011343589322
2017-09-12,54.03,53.77,54.2,53.28,256.35K,0.63%,53.181,0.004476427923844062
2017-09-13,54.89,53.99,54.92,53.82,292.20K,1.59%,53.597,0.007822342565954044
2017-09-14,55.22,54.81,55.66,54.63,340.29K,0.60%,53.833000000000006,0.004403231524152451
2017-09-15,55.42,55.11,55.57,54.61,279.43K,0.36%,54.09599999999999,0.004885479167053397
2017-09-18,55.25,55.41,55.74,54.63,286.39K,-0.31%,54.38399999999999,0.0053238686779060185
2017-09-19,54.9,55.2,55.63,54.67,247.22K,-0.63%,54.538,0.0028317152103560783
2017-09-20,55.93,55.09,56.11,55.02,319.99K,1.88%,54.724000000000004,0.0034104660970333267
2017-09-21,56.09,55.93,56.18,55.46,324.27K,0.29%,54.9,0.003216139171113186
2017-09-22,56.42,56.16,56.47,55.89,289.05K,0.59%,55.184000000000005,0.005173041894353414
2017-09-25,58.43,56.46,58.66,56.23,373.29K,3.56%,55.658,0.008589446216294538
2017-09-26,57.92,58.55,58.88,57.22,452.77K,-0.87%,56.047000000000004,0.006989112077329551
2017-09-27,57.57,58.11,58.34,57.25,405.23K,-0.60%,56.315,0.004781701072314126
2017-09-28,57.16,57.39,58.28,56.56,446.37K,-0.71%,56.509,0.003444908106188471
2017-09-29,56.79,57.29,57.43,56.44,343.51K,-0.65%,56.646,0.0024243925746341155
2017-10-02,55.89,56.54,56.55,55.31,133.10K,-1.58%,56.71,0.001129823818098341
2017-10-03,55.78,55.81,56.13,55.45,123.99K,-0.20%,56.798,0.001551754540645378
2017-10-04,55.6,55.4,55.97,55.19,143.95K,-0.32%,56.765,-0.0005810063734639215
2017-10-05,56.71,55.55,56.94,55.49,194.96K,2.00%,56.827,0.0010922223200915404
2017-10-06,55.62,56.99,57.28,55.13,395.65K,-1.92%,56.747,-0.0014077815123092474
2017-10-09,55.79,55.5,55.98,55.06,301.15K,0.31%,56.483000000000004,-0.004652228311628703
2017-10-10,56.61,55.78,56.91,55.73,290.34K,1.47%,56.352,-0.002319281907830817
2017-10-11,56.94,56.56,57.09,56.51,85.99K,0.58%,56.289,-0.0011179727427597097
2017-10-12,56.25,56.74,56.83,55.88,339.53K,-1.21%,56.198,-0.001616656895663482
2017-10-13,57.17,56.44,57.57,56.34,332.60K,1.64%,56.236000000000004,0.000676180646998148
2017-10-16,57.82,57.28,58.47,57.12,341.78K,1.14%,56.42900000000001,0.0034319652891388053
2017-10-17,57.88,57.78,58.35,57.18,405.22K,0.10%,56.638999999999996,0.003721490722855103
2017-10-18,58.15,58.16,58.54,57.74,329.33K,0.47%,56.89399999999999,0.004502198132029012
2017-10-19,57.23,58.24,58.3,57.02,430.67K,-1.58%,56.946000000000005,0.0009139803845750194
2017-10-20,57.75,57.32,57.94,56.6,369.89K,0.91%,57.159000000000006,0.003740385628490106
2017-10-23,57.37,57.95,58.05,57.27,353.07K,-0.66%,57.31699999999999,0.002764219108101651
2017-10-24,58.33,57.41,58.57,57.04,334.68K,1.67%,57.489,0.0030008548947084712
2017-10-25,58.44,58.44,58.74,57.85,260.55K,0.19%,57.638999999999996,0.002609194802484005
2017-10-26,59.3,58.42,59.55,58.05,232.28K,1.47%,57.944,0.005291556064470404
2017-10-27,60.44,59.37,60.65,58.82,209.89K,1.92%,58.270999999999994,0.005643379814993743
2017-10-30,60.9,60.66,61.0,60.14,168.54K,0.76%,58.57899999999999,0.0052856480925331795
2017-10-31,61.37,60.86,61.41,60.53,29.12K,0.77%,58.928,0.005957766435070733
2017-11-01,60.49,61.07,61.7,60.0,337.76K,-1.43%,59.162,0.003970947597067731
2017-11-02,60.62,60.5,60.86,60.02,289.30K,0.21%,59.501,0.0057300294107704985
2017-11-03,62.07,60.88,62.23,60.6,272.74K,2.39%,59.93300000000001,0.00726038217845093
2017-11-06,64.27,62.27,64.44,62.08,356.99K,3.54%,60.623000000000005,0.011512856022558582
2017-11-07,63.69,64.12,64.65,63.5,389.46K,-0.90%,61.15899999999999,0.008841528792702169
2017-11-08,63.49,63.69,64.64,62.95,418.07K,-0.31%,61.664,0.008257165748295492
2017-11-09,63.93,63.52,64.25,63.26,319.86K,0.69%,62.126999999999995,0.007508432797093789
2017-11-10,63.52,63.8,64.27,63.35,307.97K,-0.64%,62.435,0.004957586878491016
2017-11-13,63.16,63.68,63.77,62.61,335.15K,-0.57%,62.661,0.0036197645551372393
2017-11-14,62.21,63.06,63.17,61.21,418.94K,-1.50%,62.745000000000005,0.001340546751567917
2017-11-15,61.87,61.55,62.13,61.3,279.41K,-0.55%,62.883,0.0021993784365288427
2017-11-16,61.36,61.88,62.15,61.25,314.06K,-0.82%,62.95700000000001,0.0011767886392188842
2017-11-17,62.72,61.41,62.92,61.08,356.74K,2.22%,63.02199999999999,0.001032450720332756
2017-11-20,62.22,62.8,62.8,61.44,283.48K,-0.80%,62.81699999999999,-0.003252832344260659
2017-11-21,62.57,62.1,62.87,62.07,338.16K,0.56%,62.705000000000005,-0.0017829568428926468
2017-11-22,63.32,62.78,63.43,62.62,322.87K,1.20%,62.688,-0.0002711107567180404
2017-11-23,63.55,63.24,63.57,62.88,113.08K,0.36%,62.65,-0.0006061766207249297
2017-11-24,63.86,63.35,63.95,63.28,152.70K,0.49%,62.68399999999999,0.0005426975259377187
2017-11-27,63.84,63.8,63.99,63.1,249.09K,-0.03%,62.751999999999995,0.0010848063301640565
2017-11-28,63.61,63.78,63.89,63.1,186.93K,-0.36%,62.891999999999996,0.0022310045894951003
2017-11-29,63.11,63.3,64.07,62.5,178.20K,-0.79%,63.016,0.001971633912103421
2017-11-30,63.57,63.28,64.21,63.21,26.21K,0.73%,63.23699999999999,0.003507045829630462
2017-12-01,63.73,62.74,64.32,62.59,308.15K,0.25%,63.338,0.0015971662159812716
2017-12-04,62.45,63.5,63.68,62.31,250.52K,-2.01%,63.361000000000004,0.0003631311377056967
2017-12-05,62.86,62.45,63.15,62.12,219.34K,0.66%,63.39,0.0004576947964836098
2017-12-06,61.22,62.64,62.93,61.13,314.26K,-2.61%,63.18000000000001,-0.003312825366777017
2017-12-07,62.2,61.3,62.26,61.15,238.96K,1.60%,63.044999999999995,-0.002136752136752351
2017-12-08,63.4,62.08,63.64,62.01,362.43K,1.93%,62.999,-0.0007296375604725069
2017-12-11,64.69,63.29,64.93,62.99,488.01K,2.03%,63.084,0.0013492277655200446
2017-12-12,63.34,64.66,65.83,63.07,508.99K,-2.09%,63.057,-0.00042800076089022365
2017-12-13,62.44,63.8,64.32,62.36,354.37K,-1.42%,62.989999999999995,-0.0010625307261684647
2017-12-14,63.31,62.81,63.5,62.01,277.67K,1.39%,62.964,-0.0004127639307826003
2017-12-15,63.23,63.39,63.68,63.08,213.00K,-0.13%,62.914,-0.0007941045676894687
2017-12-18,63.41,63.36,63.91,63.0,234.62K,0.28%,63.010000000000005,0.0015258924881584868
2017-12-19,63.8,63.41,63.91,63.3,213.19K,0.62%,63.104,0.0014918266941754688
2017-12-20,64.56,63.83,64.6,63.67,222.73K,1.19%,63.43799999999999,0.005292849898580032
2017-12-21,64.9,64.49,64.93,64.2,155.42K,0.53%,63.708000000000006,0.004256124089662583
2017-12-22,65.25,64.63,65.28,64.38,110.42K,0.54%,63.89300000000001,0.0029038739247817524
2017-12-26,67.02,65.2,67.1,65.0,74.25K,2.71%,64.126,0.0036467218631148768
2017-12-27,66.44,66.76,66.94,66.03,122.43K,-0.87%,64.43599999999999,0.0048342326045596185
2017-12-28,66.72,66.43,66.85,66.23,35.09K,0.42%,64.864,0.006642249674095435
2017-12-29,66.87,66.15,66.98,66.15,157.95K,0.22%,65.22,0.005488406512086819
2018-01-02,66.57,66.55,67.29,66.24,211.74K,-0.45%,65.554,0.0051211284881937935
2018-01-03,67.84,66.54,68.03,66.4,260.86K,1.91%,65.99699999999999,0.006757787472922772
2018-01-04,68.07,67.89,68.27,67.62,246.15K,0.34%,66.424,0.006469991060199964
2018-01-05,67.62,67.97,68.11,67.26,183.45K,-0.66%,66.73,0.004606768637841707
2018-01-08,67.78,67.8,67.99,67.44,210.35K,0.24%,67.018,0.0043158998950996175
2018-01-09,68.82,68.0,69.29,67.7,319.92K,1.53%,67.375,0.005326927094213563
2018-01-10,69.2,69.12,69.37,68.75,290.54K,0.55%,67.59299999999999,0.0032356215213356077
2018-01-11,69.26,69.15,70.05,69.0,341.94K,0.09%,67.875,0.004172029648040532
2018-01-12,69.87,69.15,69.93,68.59,302.10K,0.88%,68.19,0.004640883977900412
2018-01-15,70.26,69.88,70.37,69.55,173.46K,0.56%,68.529,0.004971403431588195
2018-01-16,69.15,70.05,70.13,68.83,322.95K,-1.58%,68.787,0.0037648294882459687
2018-01-17,69.38,69.35,69.59,68.55,280.42K,0.33%,68.941,0.002238795121171089
2018-01-18,69.31,69.53,69.63,68.8,270.23K,-0.10%,69.065,0.0017986394163125308
2018-01-19,68.61,69.01,69.08,68.28,278.36K,-1.01%,69.164,0.001433432273944879
2018-01-22,69.03,68.8,69.51,68.39,250.60K,0.61%,69.289,0.0018072985946446796
2018-01-23,69.96,69.17,70.24,69.12,343.73K,1.35%,69.40299999999999,0.001645282801021608
2018-01-24,70.53,69.97,70.94,69.54,308.37K,0.81%,69.536,0.0019163436739046968
2018-01-25,70.42,70.95,71.28,69.97,301.93K,-0.16%,69.65200000000002,0.0016682006442707564
2018-01-26,70.52,70.07,70.83,70.05,227.60K,0.14%,69.71700000000001,0.0009332108195025945
2018-01-29,69.46,70.47,70.64,69.07,202.24K,-1.50%,69.637,-0.001147496306496465
2018-01-30,69.02,69.3,69.39,68.4,135.87K,-0.63%,69.624,-0.00018668236713248465
2018-01-31,69.05,68.43,69.15,68.33,20.43K,0.04%,69.591,-0.00047397449155461846
2018-02-01,69.65,69.0,69.97,68.81,336.92K,0.87%,69.625,0.0004885689241425073
2018-02-02,68.58,70.0,70.02,67.96,307.13K,-1.54%,69.622,-4.3087971274724524e-05
2018-02-05,67.62,68.15,68.46,66.9,335.64K,-1.40%,69.48100000000001,-0.002025221912613673
2018-02-06,66.86,67.02,67.6,66.53,328.85K,-1.12%,69.171,-0.004461651386710064
2018-02-07,65.51,67.2,67.72,65.16,567.76K,-2.02%,68.66900000000001,-0.007257376646282343
2018-02-08,64.81,65.28,65.6,64.1,346.32K,-1.07%,68.10799999999999,-0.008169625303994787
2018-02-09,62.79,64.44,64.64,61.77,399.50K,-3.12%,67.33500000000001,-0.011349621189874592
2018-02-12,62.59,62.5,64.4,62.5,349.67K,-0.32%,66.648,-0.010202717754511204
2018-02-13,62.72,62.85,63.1,61.76,367.26K,0.21%,66.018,-0.009452646741087478
2018-02-14,64.36,62.84,64.58,61.95,349.10K,2.61%,65.549,-0.0071041231179374
2018-02-15,64.33,64.44,65.15,63.12,292.91K,-0.05%,65.01700000000001,-0.008116065843872478
2018-02-16,64.84,64.66,65.22,64.19,239.58K,0.79%,64.643,-0.005752341695249075
2018-02-19,65.67,64.96,65.9,64.84,125.63K,1.28%,64.44800000000001,-0.0030165679191868078
2018-02-20,65.25,65.64,65.81,64.78,289.17K,-0.64%,64.287,-0.0024981380337636416
2018-02-21,65.42,65.05,65.53,64.4,245.87K,0.26%,64.27799999999999,-0.00013999720005619665
2018-02-22,66.39,64.91,66.56,64.62,253.00K,1.48%,64.436,0.002458072746507556
2018-02-23,67.31,66.3,67.37,65.79,201.72K,1.39%,64.888,0.007014712272642498
2018-02-26,67.5,67.29,67.9,66.72,188.30K,0.28%,65.379,0.007566884477869573
2018-02-27,66.63,67.57,67.61,66.32,106.34K,-1.29%,65.77000000000001,0.005980513620581718
2018-02-28,65.78,66.41,66.87,65.43,27.39K,-1.28%,65.912,0.00215903907556636
2018-03-01,63.83,64.57,65.04,63.19,340.97K,-2.96%,65.862,-0.0007585872071854682
2018-03-02,64.37,64.07,64.64,63.2,266.38K,0.85%,65.81500000000001,-0.0007136133126838251
2018-03-05,65.54,64.65,65.88,64.1,261.06K,1.82%,65.80199999999999,-0.0001975233609362581
2018-03-06,65.79,65.74,66.16,65.3,199.79K,0.38%,65.856,0.0008206437494302499
2018-03-07,64.34,65.23,65.8,63.83,332.91K,-2.20%,65.748,-0.0016399416909619324
2018-03-08,63.61,64.51,64.56,63.43,294.79K,-1.13%,65.47,-0.0042282654985703605
2018-03-09,65.49,63.93,65.63,63.69,286.49K,2.96%,65.288,-0.0027798991904689485
2018-03-12,64.95,65.5,65.86,64.18,240.03K,-0.82%,65.03299999999999,-0.0039057713515502357
2018-03-13,64.64,64.92,65.68,64.05,320.57K,-0.48%,64.834,-0.003059984930727233
2018-03-14,64.89,64.73,65.21,64.06,267.59K,0.39%,64.745,-0.001372736527130769
2018-03-15,65.12,64.9,65.38,64.61,208.59K,0.35%,64.874,0.001992431848019116
2018-03-16,66.21,65.07,66.42,64.88,264.21K,1.67%,65.05799999999999,0.002836267225698963
2018-03-19,66.05,66.01,66.39,65.39,272.42K,-0.24%,65.10900000000001,0.0007839158904365817
2018-03-20,67.42,66.15,67.88,66.15,326.47K,2.07%,65.272,0.0025034941405950306
2018-03-21,69.47,67.61,69.86,67.48,401.05K,3.04%,65.785,0.007859419046451599
2018-03-22,68.91,69.63,69.7,68.58,286.63K,-0.81%,66.315,0.008056547845253448
2018-03-23,70.45,69.11,70.57,68.87,283.01K,2.23%,66.811,0.0074794541204856735
2018-03-26,70.12,70.43,71.05,69.67,183.69K,-0.47%,67.328,0.007738246695903284
2018-03-27,70.11,70.13,71.03,69.45,131.39K,-0.01%,67.875,0.008124405893536135
2018-03-28,69.53,69.72,70.25,68.78,141.89K,-0.83%,68.339,0.006836095764272576
2018-03-29,70.27,69.86,70.44,69.1,25.29K,1.06%,68.854,0.00753596043254956
2018-04-02,67.64,69.32,70.04,67.49,190.05K,-3.74%,68.997,0.0020768582798385005
2018-04-03,68.12,67.63,68.46,67.62,232.26K,0.71%,69.204,0.0030001304404538853
2018-04-04,68.02,68.15,68.28,66.69,361.48K,-0.15%,69.264,0.0008670019074041857
2018-04-05,68.33,68.36,68.93,67.73,270.82K,0.46%,69.15,-0.001645876645876454
2018-04-06,67.11,68.09,68.62,66.86,296.09K,-1.79%,68.97,-0.0026030368763558798
2018-04-09,68.65,67.1,68.8,67.0,257.50K,2.29%,68.78999999999999,-0.002609830361026577
2018-04-10,71.04,68.46,71.34,68.46,452.34K,3.48%,68.88199999999999,0.00133740369239721
2018-04-11,72.06,71.03,73.09,70.57,495.41K,1.44%,69.077,0.0028309282541159053
2018-04-12,72.02,72.09,72.49,71.1,330.21K,-0.06%,69.326,0.0036046730460210785
2018-04-13,72.58,71.94,72.88,71.56,328.50K,0.78%,69.557,0.003332083201107894
2018-04-16,71.42,72.7,72.85,71.11,297.44K,-1.60%,69.935,0.005434391937547689
2018-04-17,71.58,71.65,71.89,70.83,315.04K,0.22%,70.281,0.00494745120469009
2018-04-18,73.48,71.72,73.93,71.66,352.65K,2.65%,70.827,0.00776881376189853
2018-04-19,73.78,73.72,74.75,73.46,393.96K,0.41%,71.372,0.007694805653211345
2018-04-20,74.06,73.94,74.2,72.83,371.90K,0.38%,72.067,0.00973771226811615
2018-04-23,74.71,73.77,75.1,73.13,317.45K,0.88%,72.673,0.008408841772239883
2018-04-24,73.86,75.09,75.47,73.68,330.60K,-1.14%,72.95500000000001,0.0038803957453250604
2018-04-25,74.0,74.0,74.19,73.17,275.13K,0.19%,73.149,0.0026591734630936337
2018-04-26,74.74,74.23,74.97,74.11,179.48K,1.00%,73.421,0.003718437709333111
2018-04-27,74.64,74.72,75.03,74.35,156.53K,-0.13%,73.627,0.0028057367783058673
2018-04-30,75.17,74.62,75.41,73.47,24.76K,0.71%,74.002,0.0050932402515382336
2018-05-01,73.13,74.65,74.98,72.74,360.97K,-2.71%,74.157,0.0020945379854597768
2018-05-02,73.36,73.28,73.63,72.38,347.06K,0.31%,74.145,-0.00016181884380439548
2018-05-03,73.62,73.07,74.09,72.47,382.14K,0.35%,74.12899999999999,-0.00021579337784083386
2018-05-04,74.87,73.74,75.08,73.24,289.86K,1.70%,74.21000000000001,0.0010926897705354488
2018-05-07,76.17,75.0,76.34,74.83,230.47K,1.74%,74.356,0.0019673898396441736
2018-05-08,74.85,75.6,76.18,73.1,519.80K,-1.73%,74.455,0.0013314325676476724
2018-05-09,77.21,76.19,77.43,76.08,364.75K,3.15%,74.776,0.004311328990665553
2018-05-10,77.47,77.44,78.0,76.51,314.19K,0.34%,75.049,0.003650904033379865
2018-05-11,77.12,77.55,77.6,76.95,261.80K,-0.45%,75.297,0.00330450772162183
2018-05-14,78.23,77.05,78.53,76.55,290.13K,1.44%,75.603,0.004063906928562844
2018-05-15,78.43,78.42,79.47,77.9,390.92K,0.26%,76.13300000000001,0.007010303823922426
2018-05-16,79.28,78.1,79.35,77.61,336.57K,1.08%,76.725,0.007775865918852265
2018-05-17,79.3,79.26,80.5,79.12,330.17K,0.03%,77.293,0.007403062886933931
2018-05-18,78.51,79.46,79.87,78.33,277.28K,-1.00%,77.65700000000001,0.00470935272275641
2018-05-21,79.22,78.61,79.59,78.1,245.77K,0.90%,77.962,0.003927527460499292
2018-05-22,79.57,79.36,80.49,79.16,305.31K,0.44%,78.434,0.006054231548703104
2018-05-23,79.8,79.47,79.85,78.21,292.97K,0.29%,78.693,0.003302139378330793
2018-05-24,78.79,79.65,79.78,78.57,228.58K,-1.27%,78.82500000000002,0.0016774045976137852
2018-05-25,76.44,78.82,78.88,76.01,275.72K,-2.98%,78.757,-0.0008626704725659406
2018-05-28,75.3,76.11,76.17,74.49,65.10K,-1.49%,78.46400000000001,-0.003720304226925708
2018-05-29,75.39,75.82,76.2,74.54,114.46K,0.12%,78.16,-0.003874388254486383
2018-05-30,77.5,75.37,77.73,74.81,125.33K,2.80%,77.982,-0.0022773797338792034
2018-05-31,77.59,77.37,78.75,77.04,21.44K,0.12%,77.81099999999999,-0.00219281372624458
2018-06-01,76.79,77.71,77.95,76.35,296.57K,-1.03%,77.639,-0.002210484378815325
2018-06-04,75.29,76.66,76.95,75.2,324.29K,-1.95%,77.24600000000001,-0.005061888999085329
2018-06-05,75.38,75.4,75.74,73.81,400.85K,0.12%,76.827,-0.0054242290862959175
2018-06-06,75.36,75.19,76.25,74.46,365.65K,-0.03%,76.38300000000001,-0.005779218243586071
2018-06-07,77.32,75.88,77.45,75.44,327.98K,2.60%,76.23599999999999,-0.001924511998743439
2018-06-08,76.46,77.39,77.61,76.12,251.83K,-1.11%,76.238,2.623432499104794e-05
2018-06-11,76.46,76.3,76.84,75.52,231.28K,0.00%,76.354,0.001521550932605864
2018-06-12,75.88,76.5,77.07,75.43,260.33K,-0.76%,76.40299999999999,0.0006417476491080709
2018-06-13,76.74,75.4,76.87,75.26,292.47K,1.13%,76.327,-0.0009947253380101495
2018-06-14,75.94,76.56,76.92,75.76,279.21K,-1.04%,76.162,-0.0021617514116890613
2018-06-15,73.44,75.98,76.06,73.0,285.80K,-3.29%,75.827,-0.004398518946456376
2018-06-18,75.34,73.06,75.49,72.45,316.12K,2.59%,75.832,6.593957297518216e-05
2018-06-19,75.08,75.24,75.55,74.45,290.59K,-0.35%,75.80199999999999,-0.0003956113514084203
2018-06-20,74.74,75.2,75.86,74.1,368.84K,-0.45%,75.74,-0.0008179203714940853
2018-06-21,73.05,74.46,74.69,72.93,411.81K,-2.26%,75.31299999999999,-0.005637707948244031
2018-06-22,75.55,73.24,75.83,73.24,377.39K,3.42%,75.22200000000001,-0.001208290733339279
2018-06-25,74.73,74.8,75.13,73.74,274.38K,-1.09%,75.049,-0.0022998590837787214
2018-06-26,76.31,74.74,76.72,74.13,289.47K,2.11%,75.092,0.0005729590001197771
2018-06-27,77.62,76.54,78.16,76.28,166.19K,1.72%,75.17999999999999,0.0011718958078090758
2018-06-28,77.85,77.5,78.42,77.09,144.22K,0.30%,75.37100000000001,0.002540569300345963
2018-06-29,79.44,77.79,79.7,77.45,17.12K,2.04%,75.97099999999999,0.007960621459181638
2018-07-02,77.3,78.55,78.95,77.16,265.38K,-2.69%,76.167,0.0025799318160879547
2018-07-03,77.76,77.4,78.55,76.67,273.46K,0.60%,76.435,0.0035185841637455084
2018-07-04,78.24,77.89,78.28,77.61,97.25K,0.62%,76.785,0.004579054098253321
2018-07-05,77.39,78.14,78.5,77.3,254.02K,-1.09%,77.21900000000001,0.005652145601354519
2018-07-06,77.11,77.57,77.68,76.36,315.28K,-0.36%,77.375,0.0020202281821830592
2018-07-09,78.07,77.21,78.31,77.04,212.19K,1.24%,77.70899999999999,0.004316639741518413
2018-07-10,78.86,78.25,79.51,78.15,261.55K,1.01%,77.964,0.003281473188433859
2018-07-11,73.4,78.78,78.83,73.04,560.84K,-6.92%,77.542,-0.005412754604689263
2018-07-12,74.45,74.17,75.1,72.67,416.41K,1.43%,77.202,-0.004384720538546882
2018-07-13,75.33,74.34,75.93,73.22,302.43K,1.18%,76.79100000000001,-0.00532369627729834
2018-07-16,71.84,74.92,75.37,71.52,330.00K,-4.63%,76.24499999999999,-0.0071102082275269485
2018-07-17,72.16,72.01,72.78,71.35,286.44K,0.45%,75.68499999999999,-0.007344743917633956
2018-07-18,72.9,71.74,73.28,71.19,287.11K,1.03%,75.151,-0.007055559225738195
2018-07-19,72.58,73.06,73.79,71.83,313.81K,-0.44%,74.66999999999999,-0.006400447099839113
2018-07-20,73.07,72.65,73.47,72.26,231.51K,0.68%,74.26599999999999,-0.005410472746752326
2018-07-23,73.06,73.22,74.5,72.52,316.98K,-0.01%,73.765,-0.006746021059434892
2018-07-24,73.44,72.91,74.0,72.68,215.15K,0.52%,73.223,-0.007347658103436627
2018-07-25,73.93,73.7,74.6,73.07,210.87K,0.67%,73.276,0.0007238162872320597
2018-07-26,74.54,74.37,74.83,73.77,183.35K,0.83%,73.285,0.00012282329821489135
2018-07-27,74.29,74.5,74.85,73.83,119.34K,-0.34%,73.181,-0.0014191171453912244
2018-07-30,74.97,74.31,75.27,74.14,81.03K,0.92%,73.494,0.004277066451674694
2018-07-31,74.25,74.93,75.1,74.14,21.88K,-0.96%,73.703,0.0028437695594198953
2018-08-01,72.39,74.07,74.12,72.13,284.02K,-2.51%,73.652,-0.0006919664057094543
2018-08-02,73.45,72.42,73.75,71.84,226.45K,1.46%,73.739,0.0011812306522565041
2018-08-03,73.21,73.37,73.73,72.48,175.36K,-0.33%,73.753,0.0001898588264011014
2018-08-06,73.75,73.21,74.47,73.08,200.58K,0.74%,73.822,0.000935555163857682
2018-08-07,74.65,73.61,74.9,73.57,228.99K,1.22%,73.94300000000001,0.001639077781691256
2018-08-08,72.28,74.64,74.87,71.65,269.51K,-3.17%,73.778,-0.0022314485482061164
2018-08-09,72.07,72.16,72.89,71.86,197.06K,-0.29%,73.53099999999999,-0.003347881482284931
2018-08-10,72.81,71.97,73.14,71.4,228.74K,1.03%,73.38300000000001,-0.0020127565244588697
2018-08-13,72.61,73.0,73.09,71.04,220.34K,-0.27%,73.147,-0.0032160037065805946
2018-08-14,72.46,72.82,73.93,72.16,242.75K,-0.21%,72.96799999999999,-0.0024471270181964933
2018-08-15,70.76,72.22,72.44,70.3,298.11K,-2.35%,72.80499999999999,-0.002233855936848994
2018-08-16,71.43,70.65,71.52,70.4,227.20K,0.95%,72.603,-0.002774534716022181
2018-08-17,71.83,71.35,72.49,71.25,217.16K,0.56%,72.465,-0.0019007479029791163
2018-08-20,72.21,71.77,72.75,71.42,249.10K,0.53%,72.311,-0.0021251638722141752
2018-08-21,72.63,72.15,72.95,72.05,201.24K,0.58%,72.10900000000001,-0.0027934892340031325
2018-08-22,74.78,72.76,75.0,72.7,300.69K,2.96%,72.359,0.0034669736093966286
2018-08-23,74.73,74.72,74.87,74.21,199.66K,-0.07%,72.625,0.0036761149269615156
2018-08-24,75.82,74.73,76.42,74.68,235.09K,1.46%,72.926,0.004144578313252989
2018-08-27,76.21,75.54,76.34,75.39,101.08K,0.51%,73.28599999999999,0.004936510983736708
2018-08-28,75.95,76.34,76.97,75.73,179.66K,-0.34%,73.635,0.00476216466992363
2018-08-29,77.14,75.99,77.42,75.67,130.44K,1.57%,74.273,0.008664357981937876
2018-08-30,77.77,77.33,78.03,77.18,90.22K,0.82%,74.907,0.008536076366916667
2018-08-31,77.42,77.53,77.79,77.0,25.83K,-0.45%,75.46600000000001,0.007462586941140437
2018-09-03,78.15,77.69,78.44,77.3,110.91K,0.94%,76.06,0.007871094267617229
2018-09-04,78.17,78.19,79.72,77.44,320.45K,0.03%,76.614,0.007283723376281914
2018-09-05,77.27,77.82,78.09,76.91,277.12K,-1.15%,76.863,0.003250058736001149
2018-09-06,76.5,77.02,77.77,75.64,274.79K,-1.00%,77.03999999999999,0.002302798485617208
2018-09-07,76.83,76.69,77.1,75.88,209.00K,0.43%,77.14099999999999,0.0013110072689512808
2018-09-10,77.37,77.08,77.92,76.9,244.53K,0.70%,77.257,0.0015037399048496436
2018-09-11,79.06,77.38,79.54,77.36,280.31K,2.18%,77.56800000000001,0.004025525195127999
2018-09-12,79.74,79.42,80.13,78.75,315.27K,0.86%,77.828,0.0033518976897688457
2018-09-13,78.18,79.6,79.71,77.87,298.14K,-1.96%,77.869,0.0005268026931182224
2018-09-14,78.09,78.45,78.94,77.37,261.06K,-0.12%,77.936,0.0008604194223633677
2018-09-17,78.05,78.07,78.9,77.73,207.61K,-0.05%,77.926,-0.00012831040854044407
2018-09-18,79.03,77.78,79.73,77.46,259.18K,1.26%,78.012,0.0011036111182403108
2018-09-19,79.4,78.97,79.5,78.51,275.87K,0.47%,78.225,0.002730349177049618
2018-09-20,78.7,79.44,79.83,78.51,300.16K,-0.88%,78.44500000000001,0.0028124001278364563
2018-09-21,78.8,78.67,80.12,78.23,297.57K,0.13%,78.64200000000001,0.002511313659251835
2018-09-24,81.2,78.97,81.48,78.97,243.31K,3.05%,79.025,0.004870171155362257
2018-09-25,81.87,81.35,82.55,81.17,240.40K,0.83%,79.30600000000001,0.003555836760518849
2018-09-26,81.34,81.45,82.22,81.1,130.53K,-0.65%,79.46600000000001,0.0020175018283610235
2018-09-27,81.72,81.8,82.44,81.32,124.00K,0.47%,79.82000000000001,0.004454735358518036
2018-09-28,82.72,81.63,82.87,81.6,19.68K,1.22%,80.28299999999999,0.00580055124029033
2018-10-01,84.98,82.79,85.45,82.55,347.53K,2.73%,80.976,0.008631964425843686
2018-10-02,84.8,84.95,85.38,84.31,268.61K,-0.21%,81.55300000000001,0.007125568069551669
2018-10-03,86.29,84.79,86.74,84.01,345.22K,1.76%,82.242,0.008448493617647435
2018-10-04,84.58,85.99,86.43,84.14,361.25K,-1.98%,82.83000000000001,0.007149631575107618
2018-10-05,84.16,84.89,85.12,83.92,300.62K,-0.50%,83.366,0.006471085355547412
2018-10-08,83.91,84.17,84.31,82.66,290.09K,-0.30%,83.637,0.0032507257155194313
2018-10-09,85.0,83.91,85.45,83.73,351.40K,1.30%,83.95,0.0037423628298480782
2018-10-10,83.09,84.98,85.17,82.26,319.09K,-2.25%,84.125,0.002084574151280494
2018-10-11,80.26,82.47,82.63,79.8,482.51K,-3.41%,83.979,-0.0017355126300149237
2018-10-12,80.43,80.28,81.48,79.23,373.09K,0.21%,83.75,-0.0027268721942390606
2018-10-15,80.78,81.0,81.92,79.85,284.65K,0.44%,83.33000000000001,-0.005014925373134194
2018-10-16,81.41,80.88,81.75,79.8,329.33K,0.78%,82.991,-0.004068162726509228
2018-10-17,80.05,81.74,81.85,79.17,336.60K,-1.67%,82.36699999999999,-0.007518887590220791
2018-10-18,79.29,80.23,80.31,78.69,359.01K,-0.95%,81.838,-0.006422475020335772
2018-10-19,79.78,79.44,80.88,79.22,291.07K,0.62%,81.4,-0.005352036951049466
2018-10-22,79.83,80.11,80.41,78.99,269.91K,0.06%,80.992,-0.0050122850122850116
2018-10-23,76.44,80.04,80.12,75.88,513.72K,-4.25%,80.136,-0.010568945080995706
2018-10-24,76.17,76.35,77.57,75.11,366.65K,-0.35%,79.444,-0.008635319956074583
2018-10-25,76.89,75.67,77.08,75.35,215.24K,0.95%,79.107,-0.004241981773324688
2018-10-26,77.62,76.6,77.91,75.77,229.75K,0.95%,78.82600000000001,-0.0035521508842453198
2018-10-29,77.34,77.64,78.03,76.55,117.94K,-0.36%,78.482,-0.00436404232106169
2018-10-30,75.91,76.82,77.32,75.09,115.19K,-1.85%,77.932,-0.007007976351265266
2018-10-31,75.47,76.28,76.92,75.42,34.70K,-0.58%,77.474,-0.005876918339064785
2018-11-01,72.89,74.69,74.99,72.56,360.16K,-3.42%,76.83399999999999,-0.008260835893332152
2018-11-02,72.83,72.75,73.5,72.16,312.87K,-0.08%,76.139,-0.009045474659655772
2018-11-05,73.17,72.85,74.13,72.26,231.14K,0.47%,75.473,-0.008747159799839754
2018-11-06,72.13,72.85,73.28,71.18,290.88K,-1.42%,75.042,-0.005710651491261709
2018-11-07,72.07,71.66,73.55,71.36,361.36K,-0.08%,74.63199999999999,-0.005463607046720664
2018-11-08,70.65,72.1,73.08,70.56,350.47K,-1.97%,74.008,-0.00836102476149636
2018-11-09,70.18,70.87,70.99,69.13,292.21K,-0.67%,73.264,-0.010052967246784172
2018-11-12,70.12,70.69,71.88,68.87,319.23K,-0.09%,72.542,-0.00985477178423233
2018-11-13,65.47,69.13,69.68,64.61,445.04K,-6.63%,71.498,-0.014391662760883328
2018-11-14,66.12,65.62,67.63,65.02,379.72K,0.99%,70.56300000000002,-0.013077288875213089
2018-11-15,66.62,66.12,67.42,65.77,316.04K,0.76%,69.93599999999999,-0.008885676629395323
2018-11-16,66.76,66.68,68.38,66.06,327.72K,0.21%,69.32900000000001,-0.008679363989933409
2018-11-19,66.79,66.99,67.64,65.27,262.55K,0.04%,68.691,-0.00920249823306274
2018-11-20,62.53,66.9,66.9,61.71,417.01K,-6.38%,67.731,-0.01397562999519597
2018-11-21,63.48,62.6,64.48,62.56,334.98K,1.52%,66.872,-0.01268252351212873
2018-11-22,62.6,63.6,63.81,62.27,164.11K,-1.39%,66.06700000000001,-0.0120379231965545
2018-11-23,58.8,62.58,62.79,58.41,279.67K,-6.07%,64.929,-0.01722493832019023
2018-11-26,60.48,58.98,61.13,58.6,267.38K,2.86%,63.964999999999996,-0.014846986708558663
2018-11-27,60.21,60.39,61.4,58.92,271.17K,-0.45%,63.43900000000001,-0.008223247088251173
2018-11-28,58.76,60.63,61.27,58.55,150.81K,-2.41%,62.702999999999996,-0.011601696117530369
2018-11-29,59.51,59.12,60.37,57.5,94.57K,1.28%,61.992000000000004,-0.011339170374623064
2018-11-30,58.71,59.28,59.93,58.25,27.02K,-1.34%,61.187,-0.012985546522132019
2018-12-03,61.69,59.98,62.6,59.85,294.77K,5.08%,60.677,-0.00833510386193137
2018-12-04,62.08,61.9,63.58,61.24,277.42K,0.63%,60.632000000000005,-0.0007416319198377819
2018-12-05,61.56,61.35,63.29,60.8,256.24K,-0.84%,60.44,-0.0031666446760787448
2018-12-06,60.06,61.36,61.97,58.36,399.99K,-2.44%,60.186,-0.0042025148908008125
2018-12-07,61.67,60.25,63.73,59.1,423.08K,2.68%,60.473,0.004768550825773321
2018-12-10,59.97,61.34,62.33,59.61,264.95K,-2.76%,60.422000000000004,-0.0008433515783902168
2018-12-11,60.2,59.91,61.1,59.58,235.33K,0.38%,60.42099999999999,-1.6550263149395228e-05
2018-12-12,60.15,60.67,61.43,59.98,246.92K,-0.08%,60.56,0.0023005246520251266
2018-12-13,61.45,60.29,62.02,59.33,252.40K,2.16%,60.754,0.0032034346103038125
2018-12-14,60.28,61.53,61.58,59.92,206.56K,-1.90%,60.91099999999999,0.0025841919873585972
2018-12-17,59.61,60.25,61.21,58.64,246.03K,-1.11%,60.702999999999996,-0.0034148183415145805
2018-12-18,56.26,59.0,59.24,55.89,398.56K,-5.62%,60.120999999999995,-0.00958766453058335
2018-12-19,57.24,56.51,58.11,56.04,319.37K,1.74%,59.689,-0.007185509223066711
2018-12-20,54.35,56.49,56.75,54.28,299.45K,-5.05%,59.117999999999995,-0.009566251738176268
2018-12-21,53.82,54.97,55.33,52.79,226.34K,-0.98%,58.333000000000006,-0.013278527690381736
2018-12-24,50.47,53.49,54.66,50.36,76.22K,-6.22%,57.382999999999996,-0.01628580734747076
2018-12-26,54.47,50.84,55.29,49.93,77.00K,7.93%,56.81,-0.009985535785859811
2018-12-27,52.16,54.65,54.67,51.94,102.59K,-4.24%,56.011,-0.014064425277239945
2018-12-28,52.2,53.44,53.8,51.6,17.11K,0.08%,55.086,-0.016514613200978467
2018-12-31,53.8,53.0,54.82,52.66,109.11K,3.07%,54.438,-0.011763424463566041
2019-01-02,54.91,54.12,56.56,52.51,300.95K,2.06%,53.967999999999996,-0.00863367500642942
2019-01-03,55.95,54.29,56.3,53.93,278.36K,1.89%,53.937,-0.0005744144678327956
2019-01-04,57.06,55.67,58.31,55.34,321.11K,1.98%,53.919,-0.00033372267645592757
2019-01-07,57.33,57.41,58.93,57.26,296.58K,0.47%,54.217000000000006,0.00552680873161604
2019-01-08,58.72,57.64,58.87,57.13,288.25K,2.42%,54.706999999999994,0.009037755685485926
2019-01-09,61.44,59.15,61.69,59.05,329.05K,4.63%,55.803999999999995,0.020052278501837106
2019-01-10,61.68,61.15,61.91,60.44,300.92K,0.39%,56.525,0.012920220772704605
2019-01-11,60.48,61.19,62.49,60.08,292.79K,-1.95%,57.35699999999999,0.014719150818221838
2019-01-14,58.99,60.62,61.04,58.9,263.28K,-2.46%,58.03599999999999,0.01183813658315458
2019-01-15,60.64,59.36,60.86,59.11,234.36K,2.80%,58.720000000000006,0.011785788131504882
2019-01-16,61.32,60.42,61.45,60.03,315.59K,1.12%,59.361000000000004,0.010916212534059833
2019-01-17,61.18,61.05,61.54,60.04,278.42K,-0.23%,59.884,0.008810498475430029
2019-01-18,62.7,61.33,63.0,61.32,288.91K,2.48%,60.448,0.009418208536503991
2019-01-21,62.74,62.74,63.15,62.25,138.08K,0.06%,60.989,0.008949841185812657
2019-01-22,61.5,62.59,62.71,60.57,283.22K,-1.98%,61.266999999999996,0.00455819901949539
2019-01-23,61.14,61.37,62.33,60.21,308.46K,-0.59%,61.237,-0.0004896600127310968
2019-01-24,61.09,61.02,61.51,60.41,274.48K,-0.08%,61.178,-0.000963469797671368
2019-01-25,61.64,61.13,61.92,60.7,218.03K,0.90%,61.294,0.0018961064434928065
2019-01-28,59.93,61.49,61.69,59.49,214.19K,-2.77%,61.38800000000001,0.0015335921949948261
2019-01-29,61.32,59.87,61.79,59.75,142.13K,2.32%,61.455999999999996,0.0011077083469079874
2019-01-30,61.65,61.26,62.67,61.04,90.93K,0.54%,61.489,0.0005369695391825857
2019-01-31,61.89,61.97,62.32,61.57,20.63K,0.39%,61.55999999999999,0.0011546780725006922
2019-02-01,62.75,61.06,62.97,60.46,267.22K,1.39%,61.565,8.122157244971895e-05
2019-02-04,62.51,62.83,63.63,61.28,297.43K,-0.38%,61.54200000000001,-0.00037358888979110993
2019-02-05,61.98,62.64,63.02,61.72,215.36K,-0.85%,61.589999999999996,0.0007799551525784487
2019-02-06,62.69,62.06,62.8,61.05,225.57K,1.15%,61.745000000000005,0.0025166423120637216
2019-02-07,61.63,62.5,62.91,60.6,286.17K,-1.69%,61.799,0.0008745647420842495
2019-02-08,62.1,61.66,62.36,61.04,254.95K,0.76%,61.845000000000006,0.0007443486140552569
2019-02-11,61.51,62.11,62.34,60.9,280.96K,-0.95%,62.003,0.0025547740318536682
2019-02-12,62.42,61.59,63.34,61.59,278.80K,1.48%,62.113,0.0017741077044659548
2019-02-13,63.61,62.7,63.98,62.69,269.68K,1.91%,62.309000000000005,0.0031555390980955167
2019-02-14,64.57,63.69,64.81,63.25,287.45K,1.51%,62.577,0.004301144296971371
2019-02-15,66.25,64.86,66.39,64.42,294.49K,2.60%,62.927,0.0055931092893555245
2019-02-18,66.5,66.39,66.83,65.9,175.24K,0.38%,63.326,0.006340680471021987
2019-02-19,66.45,66.44,66.65,65.58,246.65K,-0.08%,63.773,0.0070587120613965215
2019-02-20,67.08,66.3,67.38,65.63,276.48K,0.95%,64.212,0.006883790946011548
2019-02-21,67.07,67.05,67.31,66.69,245.86K,-0.01%,64.756,0.008471936709649297
2019-02-22,67.12,66.96,67.73,66.87,177.62K,0.07%,65.258,0.007752177404410254
2019-02-25,64.76,66.97,67.47,64.54,220.94K,-3.52%,65.583,0.004980232308682497
2019-02-26,65.21,64.79,65.74,64.32,127.60K,0.69%,65.862,0.004254151228214598
2019-02-27,66.39,65.64,66.7,65.27,102.14K,1.81%,66.14,0.00422094682821661
2019-02-28,66.03,66.38,66.38,65.67,19.67K,-0.54%,66.28599999999999,0.002207438766253178
2019-03-01,65.07,66.48,67.14,64.59,297.19K,-1.45%,66.16799999999999,-0.0017801647406691101
2019-03-04,65.67,64.97,66.34,64.93,233.54K,0.92%,66.08500000000001,-0.0012543827832182108
2019-03-05,65.86,65.46,66.23,65.04,216.39K,0.29%,66.026,-0.0008927895891656101
2019-03-06,65.99,65.49,66.18,65.22,283.20K,0.20%,65.917,-0.0016508648108319868
2019-03-07,66.3,65.88,67.0,65.75,276.24K,0.47%,65.84,-0.0011681356857866643
2019-03-08,65.74,66.08,66.09,64.02,316.39K,-0.84%,65.702,-0.0020959902794654983
2019-03-11,66.58,65.76,66.75,65.63,247.81K,1.28%,65.884,0.0027700831024930483
2019-03-12,66.67,66.7,67.39,66.34,252.13K,0.14%,66.03,0.0022160160281707864
2019-03-13,67.55,66.91,67.76,66.7,243.20K,1.32%,66.146,0.0017567772224746925
2019-03-14,67.23,67.65,68.14,67.03,235.99K,-0.47%,66.266,0.0018141686572128446
2019-03-15,67.16,67.18,67.71,66.13,254.32K,-0.10%,66.475,0.003153955271179676
2019-03-18,67.54,67.14,67.69,66.69,208.53K,0.57%,66.662,0.0028130876269276683
2019-03-19,67.61,67.49,68.2,67.13,234.14K,0.10%,66.837,0.002625183762863248
2019-03-20,68.5,67.66,68.57,67.19,235.49K,1.32%,67.088,0.0037554049403771828
2019-03-21,67.86,68.38,68.69,67.59,303.23K,-0.93%,67.244,0.0023253040782256207
2019-03-22,67.03,67.76,67.98,66.2,284.52K,-1.22%,67.373,0.0019183867705669932
2019-03-25,67.21,67.0,67.65,66.36,216.76K,0.27%,67.436,0.0009350926929185821
2019-03-26,67.97,67.36,68.23,67.24,197.54K,1.13%,67.566,0.0019277537220474539
2019-03-27,67.83,67.9,68.35,67.19,148.15K,-0.21%,67.594,0.0004144096143028353
2019-03-28,67.82,67.75,68.0,66.54,131.64K,-0.01%,67.653,0.0008728585377402176
2019-03-29,68.39,68.01,68.89,67.81,20.62K,0.84%,67.776,0.001818101192851529
2019-04-01,69.01,67.58,69.22,67.58,320.77K,0.91%,67.923,0.0021689093484420496
2019-04-02,69.37,69.22,69.58,68.69,299.30K,0.52%,68.099,0.002591169412422989
2019-04-03,69.31,69.47,69.96,68.8,341.50K,-0.09%,68.17999999999999,0.0011894447789246865
2019-04-04,69.4,69.44,70.03,68.87,281.88K,0.13%,68.334,0.0022587268993841114
2019-04-05,70.34,69.13,70.48,68.92,263.87K,1.35%,68.66499999999999,0.004843855181900558
2019-04-08,71.1,70.56,71.19,70.43,288.13K,1.08%,69.054,0.005665186048205095
2019-04-09,70.61,71.19,71.34,70.3,267.49K,-0.69%,69.318,0.0038230949691544502
2019-04-10,71.73,70.82,71.78,70.57,288.89K,1.59%,69.708,0.0056262442655588
2019-04-11,70.83,71.56,71.68,70.57,278.09K,-1.25%,70.00899999999999,0.004318012279795447
2019-04-12,71.55,70.95,71.87,70.9,237.22K,1.02%,70.325,0.004513705380736921
2019-04-15,71.18,71.55,71.6,70.78,219.15K,-0.52%,70.542,0.0030856736580162636
2019-04-16,71.72,71.21,71.95,70.74,273.90K,0.76%,70.777,0.0033313487000652398
2019-04-17,71.62,71.83,72.27,71.45,276.61K,-0.14%,71.00800000000001,0.0032637721293642397
2019-04-18,71.97,71.63,72.04,71.2,259.04K,0.49%,71.265,0.003619310500225126
2019-04-22,74.04,71.93,74.52,71.86,305.17K,2.88%,71.635,0.005191889426787499
2019-04-23,74.51,74.38,74.73,73.99,308.99K,0.63%,71.976,0.00476024289802468
2019-04-24,74.57,74.27,74.73,74.02,276.67K,0.08%,72.372,0.0055018339446482045
2019-04-25,74.35,74.46,75.6,74.0,309.21K,-0.30%,72.634,0.003620184601779597
2019-04-26,72.15,74.2,74.42,71.3,222.89K,-2.96%,72.76599999999999,0.0018173307266569072
2019-04-29,72.04,71.56,72.5,71.06,147.41K,-0.15%,72.815,0.0006733914190695245
2019-04-30,72.8,71.94,73.27,71.73,25.34K,1.05%,72.977,0.0022248163153197886
2019-05-01,72.18,71.73,72.36,71.3,230.80K,-0.85%,73.023,0.0006303355851842163
2019-05-02,70.75,72.0,72.22,69.68,346.63K,-1.98%,72.936,-0.001191405447598548
2019-05-03,70.85,70.48,71.54,69.95,249.81K,0.14%,72.824,-0.0015355928485248915
2019-05-06,71.24,70.59,71.79,68.79,227.02K,0.55%,72.54400000000001,-0.0038448863012191525
2019-05-07,69.88,71.15,71.33,69.38,332.07K,-1.91%,72.081,-0.00638233348037065
2019-05-08,70.37,69.88,70.7,69.33,295.44K,0.70%,71.661,-0.005826778207849492
2019-05-09,70.39,70.23,70.65,69.4,328.74K,0.03%,71.265,-0.0055260183363335935
2019-05-10,70.62,70.45,71.23,70.18,300.46K,0.33%,71.112,-0.0021469164386446193
2019-05-13,70.23,70.83,72.58,69.72,373.47K,-0.55%,70.93100000000001,-0.00254528068399118
2019-05-14,71.24,70.02,71.65,69.93,299.77K,1.44%,70.775,-0.002199320466368837
2019-05-15,71.77,70.9,72.25,70.42,272.44K,0.74%,70.73400000000001,-0.0005793006004944923
2019-05-16,72.62,72.05,73.36,71.82,326.44K,1.18%,70.921,0.002643707410863172
2019-05-17,72.21,72.82,73.23,71.79,255.53K,-0.56%,71.05699999999999,0.0019176266550102739
2019-05-20,71.97,72.5,73.4,71.6,301.98K,-0.33%,71.13,0.0010273442447612524
2019-05-21,72.18,72.15,72.52,71.63,303.74K,0.29%,71.36,0.003233516097286726
2019-05-22,70.99,71.91,72.04,70.42,371.52K,-1.65%,71.422,0.0008688340807174733
2019-05-23,67.76,70.86,70.97,67.02,434.54K,-4.55%,71.159,-0.0036823387751672154
2019-05-24,68.69,67.99,69.3,67.33,292.09K,1.37%,70.966,-0.0027122359785833883
2019-05-27,70.11,69.15,70.23,68.53,72.18K,2.07%,70.954,-0.0001690950596060503
2019-05-28,70.11,69.99,70.59,69.58,238.88K,0.00%,70.841,-0.001592581108887492
2019-05-29,69.45,70.1,70.1,68.08,148.48K,-0.94%,70.609,-0.0032749396535903808
2019-05-30,66.87,69.68,69.96,66.31,105.27K,-3.71%,70.03399999999999,-0.008143437805378961
2019-05-31,64.49,66.24,66.28,64.37,21.75K,-3.56%,69.262,-0.011023217294456877
2019-06-03,61.28,61.64,62.84,60.55,386.56K,-4.98%,68.19300000000001,-0.015434148595189101
2019-06-04,61.97,61.0,62.12,60.21,370.27K,1.13%,67.172,-0.014972211224026144
2019-06-05,60.63,61.58,62.27,59.45,428.01K,-2.16%,66.136,-0.015423092955398121
2019-06-06,61.67,60.4,62.43,60.22,343.64K,1.72%,65.527,-0.009208298052497788
2019-06-07,63.29,62.4,63.59,61.77,307.96K,2.63%,64.987,-0.008240877806095281
2019-06-10,62.29,63.58,64.1,62.05,278.49K,-1.58%,64.205,-0.012033175865942325
2019-06-11,62.29,62.3,62.87,62.01,302.74K,0.00%,63.423,-0.012179736780624562
2019-06-12,59.97,61.79,61.85,59.57,343.21K,-3.72%,62.475,-0.014947258880847691
2019-06-13,61.31,59.94,62.64,59.78,435.42K,2.23%,61.919000000000004,-0.008899559823929537
2019-06-14,62.01,61.25,62.57,60.74,262.31K,1.14%,61.67100000000001,-0.004005232642645962
2019-06-17,60.94,62.07,62.37,60.74,236.16K,-1.73%,61.637,-0.0005513126104652599
2019-06-18,62.14,60.93,62.84,60.25,327.70K,1.97%,61.65400000000001,0.0002758083618608076
2019-06-19,61.82,62.4,62.55,61.4,320.06K,-0.51%,61.773,0.0019301261880817489
2019-06-20,64.45,62.45,64.82,62.4,394.17K,4.25%,62.051,0.004500348048500191
2019-06-21,65.2,64.86,65.76,64.0,257.92K,1.16%,62.242000000000004,0.003078113164977303
2019-06-24,64.86,65.5,65.79,64.08,217.44K,-0.52%,62.499,0.004129044696507211
2019-06-25,65.05,64.89,65.98,64.17,205.80K,0.29%,62.775,0.004416070657130344
2019-06-26,66.49,65.8,66.85,65.6,141.95K,2.21%,63.427,0.010386300278773408
2019-06-27,66.55,66.05,66.82,65.63,103.16K,0.09%,63.951,0.008261465937219103
2019-06-28,66.55,66.51,66.84,66.08,34.62K,0.00%,64.405,0.0070991853137558625
2019-07-01,65.06,65.05,66.75,64.22,361.41K,-2.24%,64.817,0.006397018864994886
2019-07-02,62.4,64.8,65.51,62.22,386.94K,-4.09%,64.84299999999999,0.0004011293333539001
2019-07-03,63.82,62.9,64.01,62.09,281.75K,2.28%,65.043,0.0030843730240737166
2019-07-04,63.3,63.88,64.07,62.95,114.98K,-0.81%,64.928,-0.001768061128791909
2019-07-05,64.23,63.27,64.52,62.91,203.54K,1.47%,64.83099999999999,-0.0014939625431248382
2019-07-08,64.11,64.34,65.14,63.79,253.82K,-0.19%,64.756,-0.001156853974178862
2019-07-09,64.16,63.81,64.75,63.76,263.89K,0.08%,64.667,-0.001374390017913396
2019-07-10,67.01,64.78,67.12,64.63,349.51K,4.44%,64.719,0.0008041195663939238
2019-07-11,66.52,66.81,67.65,66.43,283.02K,-0.73%,64.716,-4.635423909515879e-05
2019-07-12,66.72,66.83,67.29,66.51,244.70K,0.30%,64.733,0.00026268619815827954
2019-07-15,66.48,66.87,67.47,66.11,283.09K,-0.36%,64.875,0.0021936261257782252
2019-07-16,64.35,66.31,67.09,63.82,356.74K,-3.20%,65.07000000000001,0.0030057803468208633
2019-07-17,63.66,64.44,65.28,63.22,274.93K,-1.07%,65.054,-0.00024588904256961364
2019-07-18,61.93,63.52,64.46,61.29,374.89K,-2.72%,64.917,-0.002105942755249446
2019-07-19,62.47,62.5,63.37,61.83,298.98K,0.87%,64.741,-0.002711154243110414
2019-07-22,63.26,63.05,64.03,62.77,267.78K,1.26%,64.65599999999999,-0.0013129238040809899
2019-07-23,63.83,63.26,64.46,62.66,272.73K,0.90%,64.623,-0.0005103934669634658
2019-07-24,63.18,64.13,64.66,62.59,301.51K,-1.02%,64.24,-0.005926682450520859
2019-07-25,63.39,63.21,64.23,63.01,169.84K,0.33%,63.927,-0.004872353673723517
2019-07-26,63.46,63.28,63.96,63.01,159.86K,0.11%,63.601,-0.005099566693259505
2019-07-29,63.71,63.32,63.9,62.92,101.70K,0.39%,63.324,-0.004355277432744775
2019-07-30,64.72,63.91,65.14,63.9,86.10K,1.59%,63.36099999999999,0.0005842966331879307
2019-07-31,65.17,64.95,65.42,64.95,18.76K,0.70%,63.512,0.0023831694575529028
2019-08-01,60.5,64.09,64.54,60.02,433.72K,-7.17%,63.36900000000001,-0.0022515430154930183
2019-08-02,61.89,61.16,62.95,60.98,364.14K,2.30%,63.311,-0.0009152740298885575
2019-08-05,59.81,61.46,61.56,59.66,378.86K,-3.36%,62.96600000000001,-0.005449290012793817
2019-08-06,58.94,59.56,60.56,58.55,328.15K,-1.45%,62.477,-0.00776609598831135
2019-08-07,56.23,58.68,59.23,55.88,485.19K,-4.60%,61.782000000000004,-0.01112409366646916
2019-08-08,57.38,57.48,58.01,56.77,299.69K,2.05%,61.181000000000004,-0.009727752419798619
2019-08-09,58.53,57.74,59.1,57.11,281.80K,2.00%,60.688,-0.008058057239992866
2019-08-12,58.57,58.3,58.88,57.88,221.35K,0.07%,60.174,-0.008469549169522805
2019-08-13,61.3,58.47,61.5,58.0,338.08K,4.66%,59.831999999999994,-0.0056835177983848295
2019-08-14,59.48,61.07,61.08,58.21,320.43K,-2.97%,59.263,-0.009509961224762553
2019-08-15,58.23,59.07,59.42,57.67,298.67K,-2.10%,59.036,-0.003830383207059973
2019-08-16,58.64,58.41,59.5,58.28,209.43K,0.70%,58.711,-0.005505115522731918
2019-08-19,59.74,58.72,59.92,58.64,211.45K,1.88%,58.70399999999999,-0.00011922808332343049
2019-08-20,60.03,59.68,60.32,58.95,245.25K,0.49%,58.813,0.0018567729626601803
2019-08-21,60.3,60.11,61.41,60.07,269.68K,0.45%,59.21999999999999,0.006920238722731176
2019-08-22,59.92,60.43,60.89,59.47,276.11K,-0.63%,59.474000000000004,0.00428909152313417
2019-08-23,59.34,60.11,60.29,58.3,321.24K,-0.97%,59.55499999999999,0.001361939671116641
2019-08-26,58.7,58.35,60.17,58.24,183.30K,-1.08%,59.568,0.0002182856183361448
2019-08-27,59.51,58.8,60.17,58.51,218.37K,1.38%,59.388999999999996,-0.0030049691109320653
2019-08-28,60.49,60.04,61.0,59.8,134.26K,1.65%,59.489999999999995,0.0017006516358248902
2019-08-29,61.08,60.48,61.19,59.98,131.09K,0.98%,59.775,0.0047907211296016605
2019-08-30,60.43,60.98,61.17,60.25,25.14K,-1.06%,59.95399999999999,0.0029945629443746125
2019-09-02,58.66,58.8,59.26,58.1,121.64K,-2.93%,59.84599999999999,-0.0018013810588117796
2019-09-03,58.26,58.54,58.87,57.23,265.12K,-0.68%,59.669000000000004,-0.002957591150619665
2019-09-04,60.7,58.17,60.96,58.13,283.10K,4.19%,59.709,0.0006703648460675282
2019-09-05,60.95,60.49,62.4,60.25,292.06K,0.41%,59.812,0.0017250330770903766
2019-09-06,61.54,60.81,61.88,59.4,287.36K,0.97%,60.032,0.00367819166722394
2019-09-09,62.59,61.6,63.0,61.57,249.71K,1.71%,60.42100000000001,0.006479877398720912
2019-09-10,62.38,62.82,63.78,62.17,267.55K,-0.34%,60.708000000000006,0.004750004137634267
2019-09-11,60.81,62.88,63.27,60.52,315.12K,-2.52%,60.739999999999995,0.0005271133952688967
2019-09-12,60.38,61.16,61.39,58.92,358.09K,-0.71%,60.669999999999995,-0.0011524530786960474
2019-09-13,60.22,60.45,60.81,59.6,195.83K,-0.26%,60.649,-0.00034613482775658344
2019-09-16,69.02,66.45,71.95,64.75,735.54K,14.61%,61.685,0.017081897475638597
2019-09-17,64.55,68.15,69.26,63.55,620.49K,-6.48%,62.314,0.010196968468833445
2019-09-18,63.6,64.23,64.99,63.04,295.05K,-1.47%,62.604,0.004653849857174874
2019-09-19,64.4,63.51,65.57,63.46,258.85K,1.26%,62.949,0.005510829978915055
2019-09-20,64.28,65.0,65.28,64.05,224.88K,-0.19%,63.223,0.004352729987767923
2019-09-23,64.77,65.23,65.5,63.53,204.78K,0.76%,63.440999999999995,0.0034481122376350815
2019-09-24,63.1,64.4,64.6,62.3,216.28K,-2.58%,63.513,0.001134912753582018
2019-09-25,62.39,62.44,62.81,61.23,201.47K,-1.13%,63.67100000000001,0.002487679687623201
2019-09-26,62.74,62.58,62.92,61.45,115.57K,0.56%,63.907000000000004,0.0037065540041776313
2019-09-27,61.91,62.48,62.75,60.76,97.33K,-1.32%,64.076,0.0026444677421877394
2019-09-30,60.78,62.24,62.24,60.73,22.01K,-1.83%,63.251999999999995,-0.012859729071727277
2019-10-01,58.89,59.38,60.1,58.41,291.67K,-3.11%,62.686,-0.00894833364952885
2019-10-02,57.69,59.25,59.5,57.22,307.91K,-2.04%,62.095000000000006,-0.009427942443288706
2019-10-03,57.71,57.54,57.99,56.15,336.90K,0.03%,61.426,-0.010773814316772712
2019-10-04,58.37,57.69,58.96,57.67,299.92K,1.14%,60.835,-0.00962133298603196
2019-10-07,58.35,58.02,59.68,58.02,228.41K,-0.03%,60.193000000000005,-0.010553135530533386
2019-10-08,58.24,58.47,58.92,57.38,274.74K,-0.19%,59.706999999999994,-0.008074028541524947
2019-10-09,58.32,58.02,59.35,57.91,266.48K,0.14%,59.3,-0.006816621166697345
2019-10-10,59.1,58.04,59.6,57.8,262.53K,1.34%,58.936,-0.006138279932546342
2019-10-11,60.51,59.53,60.69,59.21,367.63K,2.39%,58.79600000000001,-0.0023754581240666983
2019-10-14,59.35,60.69,60.73,58.5,283.07K,-1.92%,58.653000000000006,-0.0024321382406966574
2019-10-15,58.74,59.3,59.68,58.0,305.68K,-1.03%,58.638,-0.000255741394302178
2019-10-16,59.42,58.9,59.75,58.36,257.88K,1.16%,58.811,0.0029503052627988247
2019-10-17,59.91,58.99,60.04,58.69,269.84K,0.82%,59.03099999999999,0.003740796789716061
2019-10-18,59.42,59.78,60.29,59.01,228.14K,-0.82%,59.136,0.001778726431874933
2019-10-21,58.96,59.23,59.55,58.26,212.57K,-0.77%,59.19699999999999,0.0010315205627702273
2019-10-22,59.7,59.05,60.26,58.75,260.60K,1.26%,59.343,0.002466341199723221
2019-10-23,61.17,59.48,61.3,58.85,313.23K,2.46%,59.628,0.0048025883423485904
2019-10-24,61.67,60.99,61.9,60.64,215.54K,0.82%,59.885000000000005,0.004310055678540259
2019-10-25,62.02,61.5,62.11,60.93,204.45K,0.57%,60.036,0.0025214995407865093
2019-10-28,61.57,62.04,62.34,61.19,167.86K,-0.73%,60.257999999999996,0.003697781331201133
2019-10-29,61.59,61.61,61.98,60.66,136.93K,0.03%,60.54299999999999,0.004729662451458561
2019-10-30,60.61,61.6,61.93,60.45,105.87K,-1.59%,60.662,0.001965545149728465
2019-10-31,60.23,60.57,61.13,60.07,13.90K,-0.63%,60.694,0.0005275131054036653
2019-11-01,61.69,59.45,61.82,59.4,236.09K,2.42%,60.92099999999999,0.003740073153853496
2019-11-04,62.13,61.8,62.78,61.28,235.38K,0.71%,61.238000000000014,0.005203460218972555
2019-11-05,62.96,62.04,63.19,61.85,231.67K,1.34%,61.564,0.005323491949442927
2019-11-06,61.74,62.78,63.32,61.59,275.94K,-1.94%,61.621,0.00092586576570719
2019-11-07,62.29,61.73,62.89,61.65,261.07K,0.89%,61.68299999999999,0.001006150500640901
2019-11-08,62.51,62.29,62.7,60.66,287.67K,0.35%,61.73199999999999,0.0007943841901334459
2019-11-11,62.18,62.6,62.76,61.57,213.34K,-0.53%,61.793000000000006,0.000988142292490446
2019-11-12,62.06,62.11,62.85,61.82,238.17K,-0.19%,61.839999999999996,0.0007606039519036933
2019-11-13,62.37,61.85,62.74,61.22,273.03K,0.50%,62.016,0.002846054333764503
2019-11-14,62.28,62.61,63.21,62.15,234.78K,-0.14%,62.221000000000004,0.0033055985552117306
2019-11-15,63.3,62.47,63.65,61.7,255.68K,1.64%,62.382000000000005,0.002587550826891327
2019-11-18,62.44,63.36,63.57,61.94,228.25K,-1.36%,62.41300000000001,0.0004969382193582561
2019-11-19,60.91,62.28,62.57,60.7,296.80K,-2.45%,62.208000000000006,-0.003284572124397256
2019-11-20,62.4,60.94,62.8,60.3,343.31K,2.45%,62.274,0.001060956790123413
2019-11-21,63.97,62.22,64.03,61.92,318.49K,2.52%,62.44200000000001,0.002697755082377906
2019-11-22,63.39,63.62,64.27,62.98,228.74K,-0.91%,62.53000000000001,0.0014093078376733459
2019-11-25,63.65,63.6,63.8,62.97,212.05K,0.41%,62.677,0.002350871581640712
2019-11-26,64.27,63.7,64.32,63.44,181.10K,0.97%,62.898,0.00352601432742472
2019-11-27,64.06,64.02,64.6,63.51,125.47K,-0.33%,63.06700000000001,0.0026868898852110412
2019-11-28,63.87,63.91,64.0,63.19,96.08K,-0.30%,63.226,0.002521128323845989
2019-11-29,62.43,63.77,63.86,62.36,19.65K,-2.25%,63.138999999999996,-0.001376016195868801
2019-12-02,60.92,60.73,62.09,60.72,297.87K,-2.42%,62.987,-0.002407386876573825
2019-12-03,60.82,61.05,61.58,60.3,248.55K,-0.16%,62.977999999999994,-0.00014288662739947444
2019-12-04,63.0,61.08,63.51,61.0,319.04K,3.58%,63.038,0.0009527136460352192
2019-12-05,63.39,62.97,63.91,62.75,294.84K,0.62%,62.98,-0.0009200799517751213
2019-12-06,64.39,63.41,64.88,62.83,314.60K,1.58%,63.08,0.0015878056525882034
2019-12-09,64.25,64.29,64.5,63.61,239.77K,-0.22%,63.14,0.0009511731135067869
2019-12-10,64.34,64.03,64.69,63.78,235.19K,0.14%,63.147000000000006,0.00011086474501120769
2019-12-11,63.72,64.0,64.26,63.01,250.14K,-0.96%,63.113,-0.0005384262118549588
2019-12-12,64.2,63.9,64.85,63.87,238.31K,0.75%,63.145999999999994,0.0005228716746152884
2019-12-13,65.22,64.56,65.79,64.5,232.75K,1.59%,63.425,0.00441833211921594
2019-12-16,65.34,65.05,65.66,64.88,186.09K,0.18%,63.867000000000004,0.006968860859282833
2019-12-17,66.1,65.31,66.24,65.12,245.83K,1.16%,64.39500000000001,0.00826718023392381
2019-12-18,66.17,65.84,66.43,65.56,262.34K,0.11%,64.712,0.004922742448947748
2019-12-19,66.54,66.19,66.78,66.03,249.54K,0.56%,65.027,0.004867721597230812
2019-12-20,66.14,66.56,66.72,65.7,217.98K,-0.60%,65.202,0.002691189813462058
2019-12-23,66.39,66.15,66.62,65.81,131.42K,0.38%,65.41600000000001,0.0032821079108005247
2019-12-24,67.2,66.44,67.26,66.36,106.43K,1.22%,65.702,0.004372019077901301
2019-12-26,67.92,67.27,67.99,67.22,69.82K,1.07%,66.122,0.006392499467291701
2019-12-27,68.16,67.91,68.33,67.57,112.22K,0.35%,66.518,0.005988929554459954
2019-12-30,68.44,68.2,68.99,68.16,29.42K,0.41%,66.84,0.004840794972789331
2019-12-31,66.0,66.65,66.93,65.63,171.01K,-3.57%,66.90599999999999,0.0009874326750447526
2020-01-02,66.25,66.41,66.58,65.72,205.69K,0.38%,66.92099999999999,0.0002241951394494901
2020-01-03,68.6,66.28,69.5,66.22,479.70K,3.55%,67.164,0.003631147173533078
2020-01-06,68.91,69.35,70.74,68.21,341.14K,0.45%,67.401,0.0035286760764694503
2020-01-07,68.27,68.63,68.75,67.65,284.92K,-0.93%,67.61399999999999,0.003160190501624527
2020-01-08,65.44,71.22,71.75,64.94,560.89K,-4.15%,67.51899999999999,-0.0014050344603188103
2020-01-09,65.37,66.0,66.1,64.56,364.45K,-0.11%,67.336,-0.002710348198284862
2020-01-10,64.98,65.29,65.66,64.86,272.17K,-0.60%,67.042,-0.004366163716288396
2020-01-13,64.2,65.13,65.27,63.92,262.47K,-1.20%,66.646,-0.005906745025506366
2020-01-14,64.49,64.29,65.05,63.92,270.50K,0.45%,66.251,-0.0059268373195690005
2020-01-15,64.0,64.44,64.6,63.55,229.53K,-0.76%,66.051,-0.0030188223573984763
2020-01-16,64.62,64.26,64.97,63.9,220.17K,0.97%,65.888,-0.0024677900410288167
2020-01-17,64.85,64.69,65.6,64.48,238.64K,0.36%,65.513,-0.005691476444876109
2020-01-20,65.2,65.98,66.0,64.92,154.79K,0.54%,65.14200000000001,-0.0056629981835665255
2020-01-21,64.59,65.26,65.35,64.06,248.56K,-0.94%,64.774,-0.005649197138558937
2020-01-22,63.21,64.57,64.58,62.62,273.30K,-2.14%,64.551,-0.0034427393707351372
2020-01-23,62.04,62.68,62.69,61.25,361.91K,-1.85%,64.218,-0.005158711716317321
2020-01-24,60.69,62.01,62.46,60.25,257.95K,-2.18%,63.789,-0.0066803699897225455
2020-01-27,59.32,60.23,60.49,58.5,259.77K,-2.26%,63.30100000000001,-0.007650221825079462
2020-01-28,59.51,59.03,60.12,58.5,248.95K,0.32%,62.80300000000001,-0.007867174294244883
2020-01-29,59.81,59.86,60.62,59.26,142.68K,0.50%,62.384,-0.006671655812620636
2020-01-30,58.29,59.6,59.65,57.71,104.27K,-2.54%,61.751,-0.010146832521159332
2020-01-31,58.16,59.3,59.45,57.94,19.60K,-0.22%,61.08200000000001,-0.01083383265048321
2020-02-03,54.45,56.16,56.77,54.08,477.22K,-6.38%,60.00699999999999,-0.01759929275400307
2020-02-04,53.96,54.33,55.65,53.69,409.86K,-0.90%,58.944,-0.017714599963337463
2020-02-05,55.28,54.05,56.46,54.05,412.27K,2.45%,58.150999999999996,-0.013453447339848101
2020-02-06,54.93,55.56,56.58,54.25,379.87K,-0.63%,57.44000000000001,-0.012226788877233163
2020-02-07,54.47,55.14,55.4,54.21,270.80K,-0.84%,56.818,-0.01082869080779969
2020-02-10,53.27,54.2,54.71,53.11,280.18K,-2.20%,56.213,-0.010648034073708956
2020-02-11,54.01,53.62,54.69,53.6,272.81K,1.39%,55.663,-0.009784213616067516
2020-02-12,55.79,54.41,56.36,54.39,305.45K,3.30%,55.261,-0.007222032588972804
2020-02-13,56.34,55.75,56.83,54.96,325.51K,0.99%,55.065999999999995,-0.0035287092162648026
2020-02-14,57.32,56.41,57.53,56.15,258.14K,1.74%,54.982000000000006,-0.0015254421966365284
2020-02-17,57.67,57.29,57.7,56.83,115.34K,0.61%,55.303999999999995,0.005856462114873784
2020-02-18,57.75,57.35,57.83,56.3,249.20K,0.14%,55.68300000000001,0.006853030522204762
2020-02-19,59.12,57.6,59.4,57.51,262.15K,2.37%,56.06700000000001,0.0068961801627067665
2020-02-20,59.31,59.31,60.0,58.9,268.65K,0.32%,56.50500000000001,0.007812081973353369
2020-02-21,58.5,59.0,59.25,57.73,236.49K,-1.37%,56.908,0.007132112202459906
2020-02-24,56.3,57.85,57.86,55.13,236.33K,-3.76%,57.211,0.005324383215013606
2020-02-25,54.95,56.46,56.98,54.62,210.28K,-2.40%,57.30500000000001,0.0016430406739964543
2020-02-26,53.43,55.13,55.45,53.03,171.50K,-2.77%,57.068999999999996,-0.004118314283221514
2020-02-27,52.18,53.18,53.25,50.97,112.16K,-2.34%,56.653,-0.007289421577388766
2020-02-28,50.52,51.42,51.52,50.05,20.36K,-3.18%,55.973,-0.012002894815808518
2020-03-02,51.9,48.95,53.2,48.4,417.56K,2.73%,55.396,-0.01030854161828021
2020-03-03,51.86,53.47,53.9,51.22,407.55K,-0.08%,54.807,-0.010632536645245105
2020-03-04,51.13,52.11,53.03,51.04,363.50K,-1.41%,54.008,-0.01457842976262158
2020-03-05,49.99,51.66,52.04,49.7,361.04K,-2.23%,53.076,-0.01725670271070956
2020-03-06,45.27,50.25,50.45,45.18,636.39K,-9.44%,51.753,-0.024926520461225454
2020-03-09,34.36,38.28,38.34,31.02,779.72K,-24.10%,49.559000000000005,-0.04239367766119828
2020-03-10,37.22,35.84,38.22,35.0,551.29K,8.32%,47.786,-0.03577554026513863
2020-03-11,35.79,37.27,39.7,35.35,471.77K,-3.84%,46.022000000000006,-0.036914577491315326
2020-03-12,33.22,35.99,36.46,32.5,472.74K,-7.18%,44.126,-0.04119768806223123
2020-03-13,33.85,32.85,36.15,32.5,360.63K,1.90%,42.459,-0.0377781806644607
2020-03-16,30.05,35.82,35.84,29.45,330.12K,-11.23%,40.274,-0.051461409830660165
2020-03-17,28.73,30.14,31.25,28.5,270.24K,-4.39%,37.961,-0.05743159358395
2020-03-18,24.88,28.4,29.21,24.52,348.40K,-13.40%,35.336,-0.06914991702009954
2020-03-19,28.47,27.19,29.42,24.96,335.72K,14.43%,33.184000000000005,-0.060901064070636
2020-03-20,26.98,28.1,30.94,26.81,313.84K,-5.23%,31.355,-0.05511692381870792
2020-03-23,27.03,26.75,27.54,24.68,257.59K,0.19%,30.621999999999996,-0.023377451762079504
2020-03-24,27.15,27.72,28.65,26.69,198.91K,0.44%,29.615,-0.03288485402651686
2020-03-25,27.39,27.8,28.29,25.68,154.94K,0.88%,28.775,-0.028364004727334136
2020-03-26,26.34,27.35,27.75,26.03,139.18K,-3.83%,28.087,-0.023909643788010415
2020-03-27,24.93,26.68,27.0,24.13,112.74K,-5.35%,27.195,-0.03175846477017841
2020-03-30,22.76,23.85,24.44,21.65,62.08K,-8.70%,26.466,-0.026806398234969664
2020-03-31,22.74,23.0,23.87,22.59,14.77K,-0.09%,25.867,-0.022632811909619854
2020-04-01,24.74,25.99,26.28,24.52,347.29K,8.80%,25.852999999999998,-0.00054123013878693
2020-04-02,29.94,25.61,36.29,25.45,612.27K,21.02%,26.0,0.005685993888523644
2020-04-03,34.11,29.89,35.0,28.25,541.28K,13.93%,26.713,0.027423076923076994
2020-04-06,33.05,31.76,34.24,30.03,296.07K,-3.11%,27.314999999999998,0.02253584397110009
2020-04-07,31.87,33.66,34.18,31.74,303.42K,-3.57%,27.787,0.017279882848251882
2020-04-08,32.84,32.63,33.87,31.54,320.61K,3.04%,28.332000000000004,0.01961348832187726
2020-04-09,31.48,33.82,36.4,31.18,493.00K,-4.14%,28.845999999999997,0.018142030213186278
2020-04-13,31.74,33.99,33.99,30.63,223.29K,0.83%,29.526999999999997,0.02360812591000494
2020-04-14,29.6,32.25,32.32,29.38,297.55K,-6.74%,30.211000000000002,0.023165238595184157
2020-04-15,27.69,30.26,30.33,27.16,284.34K,-6.45%,30.706,0.01638476051769211
2020-04-16,27.82,28.05,29.0,27.2,272.98K,0.47%,31.014000000000003,0.010030612909529113
2020-04-17,28.08,28.66,28.93,27.58,286.17K,0.93%,30.828000000000003,-0.005997291545753569
2020-04-20,25.57,28.05,28.25,25.37,361.83K,-8.94%,29.974,-0.02770208900999105
2020-04-21,19.33,26.33,26.5,17.51,637.21K,-24.40%,28.601999999999997,-0.0457730032695004
2020-04-22,20.37,20.23,22.45,15.98,344.76K,5.38%,27.451999999999998,-0.04020697853296973
2020-04-23,21.33,20.89,23.22,20.07,256.30K,4.71%,26.301,-0.041927728398659436
2020-04-24,21.44,21.93,22.7,20.5,187.00K,0.52%,25.297,-0.03817345348085621
2020-04-27,19.99,21.55,21.91,19.11,162.39K,-6.76%,24.122,-0.04644819543819423
2020-04-28,20.46,19.9,21.29,18.73,123.22K,2.35%,23.208000000000002,-0.03789072216234135
2020-04-29,22.54,20.66,23.88,20.53,86.55K,10.17%,22.693,-0.022190623922785258
2020-04-30,25.27,22.87,25.76,22.87,9.69K,12.11%,22.438,-0.01123694531353292
2020-05-01,26.44,26.95,27.88,25.76,216.98K,4.63%,22.274,-0.007309029325251681
2020-05-04,27.2,26.1,28.08,25.5,215.73K,2.87%,22.437,0.007317949178414329
2020-05-05,30.97,28.1,32.06,27.77,267.14K,13.86%,23.601,0.05187859339483869
2020-05-06,29.72,32.27,32.27,28.66,268.46K,-4.04%,24.535999999999998,0.039616965382822666
2020-05-07,29.46,29.64,31.84,29.08,259.89K,-0.87%,25.349,0.03313498532768189
2020-05-08,30.97,29.6,31.14,29.43,147.30K,5.13%,26.302,0.03759517140715607
2020-05-11,29.63,30.7,31.47,29.35,242.21K,-4.33%,27.266,0.036651205231541306
2020-05-12,29.98,30.07,30.7,29.35,202.47K,1.18%,28.218,0.03491527910217851
2020-05-13,29.19,29.35,30.55,28.86,221.11K,-2.64%,28.883,0.023566517825501343
2020-05-14,31.13,29.52,31.55,28.88,222.21K,6.65%,29.469,0.02028875116850748
2020-05-15,32.5,31.52,32.91,30.94,211.28K,4.40%,30.075,0.020563982490074295
2020-05-18,34.81,32.78,35.72,32.69,232.25K,7.11%,30.836000000000002,0.025303408146301054
2020-05-19,34.65,35.66,35.76,34.2,188.93K,-0.46%,31.203999999999997,0.011934102996497442
2020-05-20,35.75,34.45,36.46,34.38,191.27K,3.17%,31.807,0.019324445583899452
2020-05-21,36.06,35.82,36.98,35.75,178.55K,0.87%,32.467,0.020750149338196078
2020-05-22,35.13,36.18,36.23,33.54,174.59K,-2.58%,32.882999999999996,0.01281301013336611
2020-05-25,35.53,34.98,35.97,34.46,28.96K,1.14%,33.473,0.017942401848979772
2020-05-26,36.17,35.66,36.68,35.26,129.98K,1.80%,34.092,0.018492516356466426
2020-05-27,34.74,35.93,36.16,33.98,112.25K,-3.95%,34.647,0.016279479056670265
2020-05-28,35.29,33.92,35.95,33.62,70.99K,1.58%,35.063,0.01200681155655614
2020-05-29,35.33,35.15,35.37,34.06,14.71K,0.11%,35.346,0.008071186150643062
2020-06-01,38.32,37.56,38.68,37.18,212.78K,8.46%,35.696999999999996,0.009930402308606423
2020-06-02,39.57,38.34,39.75,38.26,205.22K,3.26%,36.189,0.01378267081267337
2020-06-03,39.79,39.75,40.53,38.76,239.43K,0.56%,36.593,0.011163613252646032
2020-06-04,39.99,39.6,40.1,39.04,172.61K,0.50%,36.986000000000004,0.010739758970294888
2020-06-05,42.3,39.84,42.48,39.72,250.31K,5.78%,37.703,0.01938571351322116
2020-06-08,40.8,42.4,43.41,40.68,227.88K,-3.55%,38.23,0.013977667559610385
2020-06-09,41.18,41.1,41.45,39.85,222.36K,0.93%,38.731,0.013104891446508171
2020-06-10,41.73,40.72,41.99,40.14,234.19K,1.34%,39.43,0.018047558803025998
2020-06-11,38.55,40.95,41.01,37.82,290.17K,-7.62%,39.756,0.00826781638346441
2020-06-12,38.73,37.88,39.45,37.01,237.89K,0.47%,40.096,0.008552168226179546
2020-06-15,39.72,38.8,39.9,37.24,215.42K,2.56%,40.236000000000004,0.0034916201117320966
2020-06-16,40.96,39.94,41.65,38.95,248.58K,3.12%,40.37499999999999,0.003454617755243694
2020-06-17,40.71,40.61,41.46,40.03,175.24K,-0.61%,40.467,0.0022786377708978733
2020-06-18,41.51,40.43,41.64,40.06,175.79K,1.97%,40.619,0.0037561469839622053
2020-06-19,42.19,41.72,42.92,41.03,217.49K,1.64%,40.608,-0.00027080922720901235
2020-06-22,43.08,41.74,43.18,41.58,187.65K,2.11%,40.836,0.0056146572104018855
2020-06-23,42.63,43.21,43.93,42.21,183.03K,-1.04%,40.981,0.003550788519933512
2020-06-24,40.31,42.45,42.89,39.63,195.72K,-5.44%,40.839,-0.0034650203752959463
2020-06-25,41.05,40.35,41.64,39.47,166.05K,1.84%,41.089,0.0061215994515047
2020-06-26,41.02,41.44,41.81,40.29,120.32K,-0.07%,41.318,0.005573267784565239
2020-06-29,41.71,40.56,41.95,40.04,86.78K,1.68%,41.517,0.004816302822014729
2020-06-30,41.15,41.33,41.62,40.9,12.60K,-1.34%,41.536,0.000457643856733414
2020-07-01,42.03,41.58,42.62,41.03,252.52K,2.14%,41.66799999999999,0.0031779661016946292
2020-07-02,43.14,41.84,43.23,41.73,196.69K,2.64%,41.831,0.003911874820005989
2020-07-03,42.8,42.76,42.99,42.32,96.78K,-0.79%,41.891999999999996,0.001458248667256079
2020-07-06,43.1,42.79,43.71,42.74,185.02K,0.70%,41.894,4.774181227928942e-05
2020-07-07,43.08,43.13,43.45,42.46,183.23K,-0.05%,41.939,0.00107413949491586
2020-07-08,43.29,42.81,43.47,42.75,185.14K,0.49%,42.237,0.0071055580724386225
2020-07-09,42.35,43.3,43.5,41.94,237.75K,-2.17%,42.367000000000004,0.003077870113881165
2020-07-10,43.24,42.36,43.42,41.32,214.05K,2.10%,42.589,0.005239927301909475
2020-07-13,42.72,43.12,43.34,42.14,200.31K,-1.20%,42.69,0.0023715043790650814
2020-07-14,42.9,42.24,43.22,41.8,221.12K,0.42%,42.864999999999995,0.004099320684000762
2020-07-15,43.79,43.07,43.85,42.7,232.18K,2.07%,43.041000000000004,0.004105913915782411
2020-07-16,43.37,43.71,43.8,43.14,172.16K,-0.96%,43.064,0.0005343742013428354
2020-07-17,43.14,43.4,43.45,42.64,162.40K,-0.53%,43.098,0.000789522571057022
2020-07-20,43.28,43.08,43.45,42.36,179.43K,0.32%,43.116,0.0004176527913128947
2020-07-21,44.32,43.17,44.89,43.16,229.78K,2.40%,43.24,0.002875962519714337
2020-07-22,44.29,44.03,44.4,43.62,202.16K,-0.07%,43.339999999999996,0.002312673450508562
2020-07-23,43.31,44.1,44.77,43.13,262.24K,-2.21%,43.43599999999999,0.002215043839409292
2020-07-24,43.34,43.27,43.9,42.79,191.05K,0.07%,43.446000000000005,0.0002302237775120286
2020-07-27,43.41,43.35,43.77,42.39,174.75K,0.16%,43.515,0.0015881784283937606
2020-07-28,43.22,43.55,43.84,43.0,107.34K,-0.44%,43.547000000000004,0.0007353786050787736
2020-07-29,43.75,43.31,43.95,43.2,64.92K,1.23%,43.543,-9.185477759676708e-05
2020-07-30,42.94,43.73,43.8,41.38,63.20K,-1.85%,43.5,-0.0009875295684724783
2020-07-31,43.3,43.29,43.44,43.05,14.42K,0.84%,43.516000000000005,0.0003678160919542428
2020-08-03,44.15,43.53,44.46,42.89,198.70K,1.96%,43.602999999999994,0.0019992646382938073
2020-08-04,44.43,43.84,44.82,43.24,227.12K,0.63%,43.614,0.00025227621952628176
2020-08-05,45.17,44.28,46.23,44.24,246.98K,1.67%,43.702000000000005,0.002017700738295325
2020-08-06,45.09,45.32,45.71,44.85,184.52K,-0.18%,43.88,0.004073040135462946
2020-08-07,44.4,45.15,45.3,44.27,171.72K,-1.53%,43.986000000000004,0.002415679124886161
2020-08-10,44.99,44.66,45.26,44.37,135.30K,1.33%,44.144,0.003592052016550662
2020-08-11,44.5,45.05,45.79,44.39,202.74K,-1.09%,44.272,0.002899601304820587
2020-08-12,45.43,44.62,45.63,44.49,166.48K,2.09%,44.44,0.003794723527285937
2020-08-13,44.96,45.32,45.58,44.82,148.41K,-1.03%,44.642,0.00454545454545463
2020-08-14,44.8,45.29,45.29,44.47,151.46K,-0.36%,44.791999999999994,0.0033600645132385587
2020-08-17,45.37,44.86,45.41,44.53,164.23K,1.27%,44.914,0.0027237006608324954
2020-08-18,45.46,45.27,45.55,44.76,181.69K,0.20%,45.017,0.002293271585697143
2020-08-19,45.37,45.17,45.48,44.81,174.88K,-0.20%,45.037,0.00044427660661527923
2020-08-20,44.9,45.14,45.18,44.02,249.74K,-1.04%,45.018,-0.0004218753469369396
2020-08-21,44.35,45.03,45.08,43.59,221.99K,-1.22%,45.013,-0.00011106668443738865
2020-08-24,45.13,44.5,45.18,44.29,176.64K,1.76%,45.027,0.00031102126052484635
2020-08-25,45.86,45.12,46.07,45.08,178.31K,1.62%,45.163,0.0030204099762363157
2020-08-26,45.64,45.97,46.1,45.54,132.51K,-0.48%,45.184000000000005,0.00046498239709524825
2020-08-27,45.09,45.7,45.87,44.56,102.26K,-1.21%,45.196999999999996,0.00028771246458902944
2020-08-28,45.05,45.1,45.3,44.8,21.14K,-0.09%,45.222,0.0005531340575704036
2020-08-31,45.28,45.8,46.53,45.21,174.31K,0.51%,45.213,-0.0001990181769935262
2020-09-01,45.58,45.6,46.22,45.47,206.72K,0.66%,45.225,0.0002654103908168448
2020-09-02,44.43,45.83,46.05,44.2,260.14K,-2.52%,45.13099999999999,-0.0020784964068547573
2020-09-03,44.07,44.65,44.65,43.15,274.93K,-0.81%,45.048,-0.0018390906472267599
2020-09-04,42.66,43.76,44.54,42.3,270.96K,-3.20%,44.879,-0.0037515538980643637
2020-09-07,42.01,42.2,42.43,41.51,122.98K,-1.52%,44.56699999999999,-0.00695202656030669
2020-09-08,39.78,42.08,42.23,39.31,363.53K,-5.31%,43.959,-0.013642381134022719
2020-09-09,40.79,39.65,41.2,39.37,278.22K,2.54%,43.474,-0.011033008030210123
2020-09-10,40.06,40.58,40.96,39.71,208.86K,-1.79%,42.971,-0.011570133873119559
2020-09-11,39.83,39.96,40.34,39.38,211.88K,-0.57%,42.449,-0.01214772753717619
2020-09-14,39.61,39.78,40.09,39.3,200.09K,-0.55%,41.882,-0.013357205116728332
2020-09-15,40.53,39.7,40.82,39.39,214.80K,2.32%,41.376999999999995,-0.012057685879375502
2020-09-16,42.22,40.72,42.44,40.59,237.25K,4.17%,41.156,-0.00534113154651128
2020-09-17,43.3,42.32,43.5,41.5,237.40K,2.56%,41.07899999999999,-0.001870930119545311
2020-09-18,43.15,43.22,43.8,42.53,204.66K,-0.35%,41.128,0.0011928235838265522
2020-09-21,41.44,43.01,43.3,40.96,217.36K,-3.96%,41.071000000000005,-0.0013859171367437417
2020-09-22,41.72,41.79,42.2,41.21,210.74K,0.68%,41.265,0.004723527549852502
2020-09-23,41.77,41.67,42.62,41.21,183.88K,0.12%,41.363,0.0023748939779473233
2020-09-24,41.94,41.36,42.02,41.27,162.93K,0.41%,41.551,0.004545124870052986
2020-09-25,41.92,41.85,42.33,41.52,129.40K,-0.05%,41.76,0.005029963177781482
2020-09-28,42.43,41.87,42.62,41.48,91.82K,1.22%,42.042,0.00675287356321852
2020-09-29,41.03,42.47,42.52,40.43,91.60K,-3.30%,42.092,0.0011892869035725617
2020-09-30,40.95,40.66,40.98,40.3,19.38K,-0.19%,41.965,-0.0030172004181315826
2020-10-01,40.93,42.17,42.56,39.92,338.72K,-0.05%,41.728,-0.005647563445728587
2020-10-02,39.27,40.65,40.77,38.79,337.41K,-4.06%,41.339999999999996,-0.009298312883435744
2020-10-05,41.29,39.19,41.78,39.14,273.76K,5.14%,41.325,-0.0003628447024671688
2020-10-06,42.65,41.41,42.84,41.22,291.68K,3.29%,41.418,0.0022504537205081387
2020-10-07,41.99,41.85,42.42,41.36,241.20K,-1.55%,41.440000000000005,0.0005311700226955374
2020-10-08,43.34,42.15,43.47,41.86,266.26K,3.22%,41.58,0.0033783783783782884
2020-10-09,42.85,43.36,43.57,42.61,254.62K,-1.13%,41.673,0.00223665223665237
2020-10-12,41.72,42.6,42.71,41.36,238.87K,-2.64%,41.602,-0.0017037410313633927
2020-10-13,42.45,41.81,42.68,41.66,227.85K,1.75%,41.74400000000001,0.0034132974376235303
2020-10-14,43.32,42.43,43.45,42.13,279.12K,2.05%,41.981,0.005677462629359864
2020-10-15,43.16,43.45,43.48,41.56,295.28K,-0.37%,42.20399999999999,0.005311926824039359
2020-10-16,42.93,43.1,43.21,42.27,197.16K,-0.53%,42.57,0.008672163775945485
2020-10-19,42.62,42.69,43.23,42.36,209.06K,-0.72%,42.702999999999996,0.003124265914963509
2020-10-20,43.16,42.45,43.3,42.19,252.05K,1.27%,42.754000000000005,0.0011942954827530716
2020-10-21,41.73,42.91,43.04,41.45,268.88K,-3.31%,42.727999999999994,-0.0006081302334286498
2020-10-22,42.46,41.59,42.79,41.46,257.20K,1.75%,42.64,-0.002059539412095024
2020-10-23,41.77,42.4,42.8,41.5,205.21K,-1.63%,42.532,-0.0025328330206380034
2020-10-26,40.46,41.53,41.63,40.22,210.53K,-3.14%,42.406,-0.002962475312705659
2020-10-27,41.2,40.5,41.47,40.4,207.54K,1.83%,42.281,-0.0029476960807433006
2020-10-28,39.12,40.61,40.7,38.75,163.83K,-5.05%,41.861000000000004,-0.009933539887892806
2020-10-29,37.65,39.16,39.45,36.64,112.49K,-3.76%,41.31,-0.013162609588877494
2020-10-30,37.46,37.5,38.1,36.8,20.19K,-0.50%,40.763,-0.013241345921084613
2020-11-02,38.97,37.37,39.36,35.74,326.07K,4.03%,40.398,-0.008954198660549917
2020-11-03,39.71,39.26,40.45,38.65,278.63K,1.90%,40.053,-0.008540026733996897
2020-11-04,41.23,40.13,41.33,39.42,250.87K,3.83%,40.003,-0.0012483459416272602
2020-11-05,40.93,40.96,41.53,40.33,219.20K,-0.73%,39.85,-0.0038247131465140027
2020-11-06,39.45,40.63,40.69,39.34,255.44K,-3.62%,39.618,-0.005821831869510685
2020-11-09,42.4,39.65,43.48,39.46,393.05K,7.48%,39.812,0.00489676409712736
2020-11-10,43.61,41.75,44.11,41.71,315.25K,2.85%,40.053,0.006053451220737527
2020-11-11,43.8,43.77,45.3,43.6,346.77K,0.44%,40.521,0.011684518013632017
2020-11-12,43.53,43.73,44.5,43.26,266.04K,-0.62%,41.108999999999995,0.014510994299252067
2020-11-13,42.78,43.2,43.34,42.63,216.74K,-1.72%,41.641000000000005,0.012941205088910168
2020-11-16,43.82,42.71,44.67,42.71,268.43K,2.43%,42.126,0.011647174659590087
2020-11-17,43.75,43.89,44.25,43.08,226.35K,-0.16%,42.53,0.00959027678868174
2020-11-18,44.34,43.75,44.89,43.48,242.88K,1.35%,42.840999999999994,0.007312485304490801
2020-11-19,44.2,43.96,44.57,43.79,210.30K,-0.32%,43.168,0.007632875049602195
2020-11-20,44.96,44.15,45.24,44.05,264.01K,1.72%,43.719,0.01276408450704225
2020-11-23,46.06,45.08,46.12,44.89,267.25K,2.45%,44.085,0.008371646195018068
2020-11-24,47.86,45.9,48.03,45.89,263.24K,3.91%,44.510000000000005,0.009640467279119935
2020-11-25,48.61,47.8,49.06,47.72,231.03K,1.57%,44.991,0.010806560323522785
2020-11-26,47.8,48.76,49.09,47.53,88.76K,-1.67%,45.418,0.009490787046298133
2020-11-27,48.18,47.81,48.44,47.34,87.75K,0.79%,45.958,0.011889559205601197
2020-11-30,47.59,47.91,47.99,46.85,20.68K,-1.22%,46.335,0.00820314199921679
2020-12-01,47.42,47.79,48.3,46.88,258.69K,-0.36%,46.702,0.007920578396460431
2020-12-02,48.25,47.05,48.76,46.82,285.74K,1.75%,47.093,0.008372232452571682
2020-12-03,48.71,48.0,48.94,47.67,274.73K,0.95%,47.544,0.009576794852738102
2020-12-04,49.25,48.96,49.92,48.84,253.64K,1.11%,47.973,0.009023220595658854
2020-12-07,48.79,49.23,49.43,48.4,207.51K,-0.93%,48.245999999999995,0.00569070101932323
2020-12-08,48.84,48.58,49.0,48.09,225.24K,0.10%,48.344,0.002031256477221133
2020-12-09,48.86,48.84,49.55,48.4,267.79K,0.04%,48.36900000000001,0.0005171272546748984
2020-12-10,50.25,49.0,51.06,48.86,288.73K,2.84%,48.614000000000004,0.005065227728503707
2020-12-11,49.97,50.45,50.74,49.74,231.87K,-0.56%,48.793,0.0036820668943102763
2020-12-14,50.29,50.05,50.8,49.13,236.96K,0.64%,49.063,0.005533580636566837
2020-12-15,50.76,50.3,50.89,49.78,190.55K,0.93%,49.397000000000006,0.0068075739355524245
2020-12-16,51.08,50.64,51.2,50.34,222.74K,0.63%,49.68,0.005729092859890095
2020-12-17,51.5,51.12,51.9,51.08,233.88K,0.82%,49.958999999999996,0.00561594202898541
2020-12-18,52.26,51.43,52.48,51.13,246.12K,1.48%,50.26,0.00602494045117008
2020-12-21,50.91,52.22,52.32,49.2,288.74K,-2.58%,50.472,0.00421806605650632
2020-12-22,50.08,50.65,50.86,49.56,194.10K,-1.63%,50.596,0.002456807734981581
2020-12-23,51.2,49.7,51.59,49.2,182.63K,2.24%,50.83,0.004624871531346386
2020-12-24,51.29,51.11,51.77,50.62,96.69K,0.18%,50.934,0.002046035805626678
2020-12-28,50.86,51.25,52.02,50.53,81.06K,-0.84%,51.023,0.0017473593277577137
2020-12-29,51.09,51.02,51.63,50.86,91.33K,0.45%,51.102999999999994,0.0015679203496461458
2020-12-30,51.34,51.32,51.56,51.04,17.63K,0.49%,51.161,0.0011349627223451453
2020-12-31,51.8,51.49,51.84,50.9,133.22K,0.90%,51.233000000000004,0.001407321983542209
2021-01-04,51.09,51.5,53.33,50.56,382.90K,-1.37%,51.192,-0.0008002654539067677
2021-01-05,53.6,50.95,53.9,50.7,455.35K,4.91%,51.326,0.0026175964994530343
2021-01-06,54.3,53.52,54.73,53.02,414.41K,1.31%,51.665,0.006604839652417871
2021-01-07,54.38,54.13,54.9,53.94,267.19K,0.15%,52.095000000000006,0.008322849124165366
2021-01-08,55.99,54.56,56.36,54.34,336.65K,2.96%,52.574,0.009194740378155153
2021-01-11,55.66,56.24,56.39,54.99,295.07K,-0.59%,53.011,0.008312093430212775
2021-01-12,56.58,55.66,56.79,55.51,288.14K,1.65%,53.58299999999999,0.010790213351945521
2021-01-13,56.06,56.83,57.42,55.77,324.30K,-0.92%,54.08,0.009275329862083348
2021-01-14,56.42,55.93,56.57,55.24,331.29K,0.64%,54.588,0.009393491124260356
2021-01-15,55.1,56.41,56.5,54.64,298.41K,-2.34%,54.918000000000006,0.00604528467795129
2021-01-18,54.75,54.75,55.21,54.49,142.87K,-0.64%,55.284000000000006,0.006664481590735294
2021-01-19,55.9,55.01,56.08,54.89,261.10K,2.10%,55.513999999999996,0.004160335721004049
2021-01-20,56.08,56.07,56.64,55.66,310.89K,0.32%,55.69200000000001,0.0032063983859929035
2021-01-21,56.1,55.82,56.24,55.49,254.59K,0.04%,55.864,0.0030884148531205025
2021-01-22,55.41,56.0,56.03,54.48,269.37K,-1.23%,55.806000000000004,-0.0010382357153084776
2021-01-25,55.88,55.26,56.02,55.07,198.27K,0.85%,55.827999999999996,0.000394222843421721
2021-01-26,55.91,55.93,56.34,55.39,163.20K,0.05%,55.761,-0.0012001146378159966
2021-01-27,55.81,56.05,56.49,55.2,132.41K,-0.18%,55.736000000000004,-0.00044834203116872473
2021-01-28,55.53,55.41,56.59,55.31,122.48K,-0.50%,55.647000000000006,-0.0015968135495909586
2021-01-29,55.88,55.52,56.37,55.31,19.94K,0.63%,55.725,0.0014016928136286744
2021-02-01,56.35,54.91,56.53,54.6,288.25K,0.84%,55.885000000000005,0.0028712427097352666
2021-02-02,57.46,56.35,58.05,56.33,337.68K,1.97%,56.041,0.002791446720944668
2021-02-03,58.46,57.85,58.94,57.5,276.86K,1.74%,56.278999999999996,0.004246890669331371
2021-02-04,58.84,58.59,59.12,58.04,244.07K,0.65%,56.553,0.004868601076778223
2021-02-05,59.34,59.17,59.79,59.08,229.42K,0.85%,56.946000000000005,0.006949233462415938
2021-02-08,60.56,59.43,60.72,59.43,269.31K,2.06%,57.414,0.008218312085133128
2021-02-09,61.09,60.8,61.34,60.05,319.50K,0.88%,57.932,0.009022189709826822
2021-02-10,61.47,61.21,61.69,60.87,287.71K,0.62%,58.498000000000005,0.009770075260650435
2021-02-11,61.14,61.01,61.5,60.72,209.69K,-0.54%,59.059000000000005,0.009590071455434446
2021-02-12,62.43,60.82,62.83,60.35,307.72K,2.11%,59.714,0.011090604310943109
2021-02-15,63.3,62.83,63.76,62.82,220.38K,1.39%,60.409000000000006,0.011638811668955418
2021-02-16,63.35,63.47,63.7,62.69,284.67K,0.08%,60.998000000000005,0.009750202784353235
2021-02-17,64.34,63.15,64.96,62.73,391.26K,1.56%,61.586,0.00963966031673169
2021-02-18,63.93,65.02,65.52,63.22,420.56K,-0.64%,62.095000000000006,0.008264865391485188
2021-02-19,62.91,63.3,63.94,62.09,305.83K,-1.60%,62.452,0.005749255173524315
2021-02-22,65.24,62.68,65.85,62.55,213.75K,3.70%,62.92,0.007493755203996644
2021-02-23,65.37,65.51,66.79,64.47,231.18K,0.20%,63.348,0.006802288620470387
2021-02-24,67.04,65.06,67.31,64.8,129.71K,2.55%,63.904999999999994,0.008792700637747064
2021-02-25,66.88,67.2,67.7,66.48,109.65K,-0.24%,64.479,0.008982082779125378
2021-02-26,66.13,66.89,66.9,65.72,16.10K,-1.12%,64.849,0.005738302393027306
2021-03-01,63.69,64.85,65.93,63.17,291.91K,-3.69%,64.888,0.000601397091705369
2021-03-02,62.7,63.12,64.13,62.38,367.12K,-1.55%,64.82300000000001,-0.0010017260510417625
2021-03-03,64.07,62.38,64.7,62.38,341.67K,2.19%,64.796,-0.00041651882819371266
2021-03-04,66.74,64.1,67.75,63.33,510.68K,4.17%,65.077,0.004336687449842502
2021-03-05,69.36,67.16,69.69,66.67,361.76K,3.93%,65.72200000000001,0.009911335802203602
2021-03-08,68.24,69.97,71.38,67.8,352.59K,-1.61%,66.022,0.004564681537384763
2021-03-09,67.52,68.13,69.33,67.12,302.61K,-1.06%,66.237,0.003256490260822087
2021-03-10,67.9,67.46,68.42,66.5,361.94K,0.56%,66.32300000000001,0.0012983679816418459
2021-03-11,69.63,68.45,69.84,67.99,289.61K,2.55%,66.598,0.004146374560861199
2021-03-12,69.22,69.59,69.9,69.03,251.54K,-0.59%,66.90700000000001,0.004639778972341579
2021-03-15,68.88,69.08,70.03,67.82,262.60K,-0.49%,67.426,0.007757035885632257
2021-03-16,68.39,68.81,68.94,67.36,248.99K,-0.71%,67.99499999999999,0.008438881143772337
2021-03-17,68.0,68.39,68.89,66.96,309.76K,-0.57%,68.388,0.005779836752702661
2021-03-18,63.28,67.77,68.15,61.45,516.08K,-6.94%,68.042,-0.00505936714043409
2021-03-19,64.53,62.99,64.95,62.07,446.11K,1.98%,67.559,-0.007098556773757481
2021-03-22,64.62,64.53,65.12,63.45,236.34K,0.14%,67.19699999999999,-0.005358279429831803
2021-03-23,60.79,64.3,64.3,60.27,392.60K,-5.93%,66.524,-0.010015328065240858
2021-03-24,64.41,60.5,64.57,60.47,255.12K,5.95%,66.175,-0.005246226925620934
2021-03-25,61.95,63.99,64.19,60.98,202.58K,-3.82%,65.40700000000001,-0.011605591235360535
2021-03-26,64.57,62.01,64.89,61.85,147.74K,4.23%,64.942,-0.007109330805571523
2021-03-29,64.98,64.58,65.46,63.13,91.75K,0.63%,64.55199999999999,-0.006005358627698576
2021-03-30,64.14,65.2,65.41,63.52,74.36K,-1.29%,64.127,-0.006583839385301715
2021-03-31,63.54,64.13,64.79,63.53,9.70K,-0.94%,63.681,-0.006954948773527536
2021-04-01,64.86,63.12,65.17,62.38,480.37K,2.08%,63.839,0.002481116816632989
2021-04-05,62.15,64.57,64.81,61.25,231.78K,-4.18%,63.601,-0.003728128573442513
2021-04-06,62.74,62.32,64.28,62.08,307.87K,0.95%,63.413,-0.002955928365906191
2021-04-07,63.16,62.6,63.55,61.6,321.39K,0.67%,63.65,0.0037374040023339106
2021-04-08,63.2,63.02,63.43,62.38,265.18K,0.06%,63.528999999999996,-0.001901021209740783
2021-04-09,62.95,63.28,63.49,62.57,216.24K,-0.40%,63.629,0.0015740842764722096
2021-04-12,63.28,63.03,64.31,62.41,257.84K,0.52%,63.5,-0.0020273774536767597
2021-04-13,63.67,63.24,64.19,63.18,242.41K,0.62%,63.36900000000001,-0.0020629921259841533
2021-04-14,66.58,64.01,66.9,63.88,323.04K,4.57%,63.613,0.0038504631602200856
2021-04-15,66.94,66.38,67.03,65.95,240.31K,0.54%,63.95300000000001,0.0053448194551430905
2021-04-16,66.77,66.86,67.38,66.44,212.20K,-0.25%,64.144,0.00298656826106658
2021-04-19,67.05,66.7,67.23,66.17,193.81K,0.42%,64.634,0.007639062110251782
2021-04-20,66.57,67.2,68.08,65.51,328.24K,-0.72%,65.01700000000001,0.00592567379397857
2021-04-21,65.32,66.22,66.52,64.96,260.88K,-1.88%,65.23299999999999,0.0033222080378974006
2021-04-22,65.4,65.13,65.83,64.58,242.47K,0.12%,65.453,0.0033725261754022906
2021-04-23,66.11,65.8,66.3,65.16,187.90K,1.09%,65.76899999999999,0.004827891769666692
2021-04-26,65.65,66.1,66.26,64.57,257.58K,-0.70%,66.006,0.00360352141586473
2021-04-27,66.42,65.76,66.8,65.66,222.92K,1.17%,66.28099999999999,0.004166287913219824
2021-04-28,67.27,66.58,67.85,66.13,148.95K,1.28%,66.35,0.0010410223140870922
2021-04-29,68.56,67.18,68.95,67.13,91.52K,1.92%,66.51199999999999,0.002441597588545452
2021-04-30,67.25,68.33,68.4,67.06,14.84K,-1.91%,66.55999999999999,0.0007216742843396684
2021-05-03,67.56,66.7,67.82,66.1,148.71K,0.46%,66.611,0.0007662259615386358
2021-05-04,68.88,67.75,69.5,67.37,249.64K,1.95%,66.842,0.003467895692903511
2021-05-05,68.96,69.35,69.95,68.35,283.73K,0.12%,67.206,0.0054456778672093975
2021-05-06,68.09,68.47,69.37,67.93,273.28K,-1.26%,67.475,0.004002618813796266
2021-05-07,68.28,68.26,68.65,67.39,262.58K,0.28%,67.69200000000001,0.003216005928121657
2021-05-10,68.32,68.74,69.2,67.41,265.60K,0.06%,67.95899999999999,0.003944336110618396
2021-05-11,68.55,68.29,68.75,67.13,321.86K,0.34%,68.172,0.003134242705160606
2021-05-12,69.32,68.78,69.9,68.18,310.30K,1.12%,68.377,0.003007099689021908
2021-05-13,67.05,68.88,69.04,66.48,312.00K,-3.27%,68.226,-0.0022083449113005083
2021-05-14,68.71,67.0,68.89,66.5,286.13K,2.48%,68.372,0.0021399466479055107
2021-05-17,69.46,68.92,69.62,68.18,230.78K,1.09%,68.562,0.002778915345462929
2021-05-18,68.71,69.61,70.24,67.28,378.02K,-1.08%,68.54499999999999,-0.0002479507598962538
2021-05-19,66.66,68.41,68.46,65.3,386.89K,-2.98%,68.31499999999998,-0.003355459916843051
2021-05-20,65.11,66.63,67.17,64.8,388.16K,-2.33%,68.017,-0.004362145941593898
2021-05-21,66.44,65.22,66.94,64.57,257.64K,2.04%,67.833,-0.0027052060514283216
2021-05-24,68.46,66.72,68.64,66.46,227.25K,3.04%,67.84700000000001,0.00020638922058591191
2021-05-25,68.65,68.47,68.9,67.83,183.13K,0.28%,67.857,0.0001473904520463698
2021-05-26,68.87,68.55,69.17,68.02,134.62K,0.32%,67.812,-0.0006631592908616923
2021-05-27,69.46,68.78,69.51,68.11,86.51K,0.86%,68.053,0.003553943254881231
2021-05-28,69.63,69.69,69.92,69.26,21.26K,0.24%,68.145,0.0013518874994489227
2021-05-31,69.32,68.98,69.82,68.75,80.18K,-0.45%,68.131,-0.00020544427324087344
2021-06-01,70.25,69.39,71.34,69.29,302.49K,1.34%,68.285,0.002260351381896619
2021-06-02,71.35,70.55,71.48,70.35,221.63K,1.57%,68.754,0.006868272680676801
2021-06-03,71.31,71.27,71.99,70.66,229.79K,-0.06%,69.374,0.009017657154492653
2021-06-04,71.89,71.25,72.17,70.73,222.00K,0.81%,69.919,0.007855969095050153
2021-06-07,71.49,71.82,72.27,71.1,224.33K,-0.56%,70.22200000000001,0.004333586006665113
2021-06-08,72.22,71.42,72.42,70.71,285.23K,1.02%,70.579,0.005083876847711277
2021-06-09,72.22,72.17,72.87,71.82,266.37K,0.00%,70.914,0.004746454327774652
2021-06-10,72.52,72.03,72.93,70.95,346.58K,0.42%,71.22,0.0043150858786698
2021-06-11,72.69,72.41,73.09,71.88,276.48K,0.23%,71.526,0.004296545914069139
2021-06-14,72.86,72.7,73.64,72.59,200.72K,0.23%,71.88,0.004949249224058372
2021-06-15,73.99,73.03,74.33,72.79,228.62K,1.55%,72.25399999999999,0.005203116304952626
2021-06-16,74.39,74.26,74.96,73.86,306.09K,0.54%,72.55799999999999,0.004207379522241039
2021-06-17,73.08,73.8,74.5,72.01,336.64K,-1.76%,72.735,0.002439427768130331
2021-06-18,73.51,73.0,73.76,72.18,231.55K,0.59%,72.897,0.002227263353268727
2021-06-21,74.9,73.33,74.95,72.98,265.47K,1.89%,73.238,0.004677833106986551
2021-06-22,74.81,74.88,75.3,74.32,294.72K,-0.12%,73.497,0.003536415521996794
2021-06-23,75.19,74.75,76.02,74.7,229.04K,0.51%,73.794,0.004040981264541443
2021-06-24,75.56,75.3,75.78,74.51,165.05K,0.49%,74.098,0.004119576117299628
2021-06-25,76.18,75.54,76.21,74.95,172.41K,0.82%,74.447,0.004709978676887383
2021-06-28,74.68,75.99,76.6,74.51,142.11K,-1.97%,74.629,0.0024446921971335023
2021-06-29,74.76,74.67,75.51,73.9,94.94K,0.11%,74.706,0.001031770491363826
2021-06-30,75.13,75.18,75.6,74.39,15.06K,0.49%,74.78,0.0009905496211817244
2021-07-01,75.84,74.69,76.74,74.55,405.16K,0.95%,75.056,0.003690826424177507
2021-07-02,76.17,75.64,76.43,75.21,236.22K,0.44%,75.322,0.0035440204647196882
2021-07-05,77.16,76.23,77.26,75.7,157.22K,1.30%,75.548,0.0030004513953425516
2021-07-06,74.53,77.06,77.84,74.13,410.70K,-3.41%,75.52,-0.0003706252978239455
2021-07-07,73.43,74.69,75.99,72.6,387.43K,-1.48%,75.34400000000001,-0.002330508474576054
2021-07-08,74.12,73.35,74.4,72.11,314.34K,0.94%,75.2,-0.001911233807602497
2021-07-09,75.55,74.39,75.8,73.8,248.18K,1.93%,75.137,-0.0008377659574468899
2021-07-12,75.16,75.79,75.84,74.23,262.30K,-0.52%,75.18499999999999,0.0006388330649345075
2021-07-13,76.49,75.25,76.6,74.93,275.91K,1.77%,75.35799999999999,0.002300990889140042
2021-07-14,74.76,76.28,76.72,73.79,376.94K,-2.26%,75.321,-0.0004909896759467403
2021-07-15,73.47,74.5,74.59,73.19,322.33K,-1.73%,75.084,-0.0031465328394471026
2021-07-16,73.59,73.18,74.09,72.34,292.66K,0.16%,74.826,-0.003436151510308627
2021-07-19,68.62,72.86,73.34,67.75,510.92K,-6.75%,73.97200000000001,-0.011413145163445715
2021-07-20,69.35,68.99,69.73,67.44,316.48K,1.06%,73.45400000000001,-0.007002649651219439
2021-07-21,72.23,68.92,72.38,68.63,306.32K,4.15%,73.334,-0.0016336754975904144
2021-07-22,73.79,72.24,73.9,71.74,251.60K,2.16%,73.301,-0.00044999590912808696
2021-07-23,74.1,73.56,74.22,73.32,181.66K,0.42%,73.156,-0.0019781449093463355
2021-07-26,74.5,74.12,74.84,72.75,210.64K,0.54%,73.09,-0.000902181639236721
2021-07-27,74.48,74.67,75.05,74.02,181.94K,-0.03%,72.88900000000001,-0.0027500342044054493
2021-07-28,74.74,74.77,75.32,74.42,111.62K,0.35%,72.88700000000001,-2.7438982562411063e-05
2021-07-29,76.05,74.76,76.15,74.63,78.27K,1.75%,73.14500000000001,0.0035397258770424322
2021-07-30,76.33,75.81,76.38,75.38,14.39K,0.37%,73.41900000000001,0.0037459840043749804
2021-08-02,72.89,75.39,75.39,72.31,304.87K,-4.51%,73.846,0.005815933205300938
2021-08-03,72.41,73.08,73.55,71.05,303.73K,-0.66%,74.152,0.004143758632830341
2021-08-04,70.38,72.33,72.83,70.11,370.13K,-2.80%,73.967,-0.0024948753910886134
2021-08-05,71.29,70.27,71.5,69.75,261.05K,1.29%,73.717,-0.003379885624670509
2021-08-06,70.7,71.2,72.43,70.28,298.96K,-0.83%,73.377,-0.004612233270480437
2021-08-09,69.04,70.26,70.26,67.6,353.68K,-2.35%,72.83099999999999,-0.007441023754037435
2021-08-10,70.63,69.35,71.24,68.94,246.13K,2.30%,72.446,-0.005286210542214009
2021-08-11,71.44,70.83,71.72,69.07,324.04K,1.15%,72.11600000000001,-0.0045551169146672565
2021-08-12,71.31,71.57,71.9,70.67,224.99K,-0.18%,71.642,-0.006572743912585555
2021-08-13,70.59,71.12,71.38,70.0,202.42K,-1.01%,71.068,-0.008012059964825125
2021-08-16,69.51,70.05,70.45,68.14,294.02K,-1.53%,70.72999999999999,-0.004756008330050188
2021-08-17,69.03,69.77,70.0,68.82,239.96K,-0.69%,70.392,-0.004778736038456022
2021-08-18,68.23,68.96,70.04,67.23,316.98K,-1.16%,70.17699999999999,-0.003054324355040383
2021-08-19,66.45,67.57,67.64,65.57,345.97K,-2.61%,69.69300000000001,-0.006896846545164093
2021-08-20,65.18,66.54,66.93,64.94,254.45K,-1.91%,69.14099999999999,-0.007920451121346761
2021-08-23,68.75,64.97,68.9,64.6,271.56K,5.48%,69.112,-0.00041943275335898367
2021-08-24,71.05,68.66,71.27,68.53,301.30K,3.35%,69.15400000000001,0.0006077092256049355
2021-08-25,72.25,71.0,72.42,70.5,242.07K,1.69%,69.235,0.0011712988402694524
2021-08-26,71.07,71.94,72.13,70.66,179.57K,-1.63%,69.211,-0.00034664548277607565
2021-08-27,72.7,71.53,72.76,71.17,92.20K,2.29%,69.422,0.003048648336247073
2021-08-30,73.41,73.25,73.69,72.0,68.66K,0.98%,69.812,0.005617815678027105
2021-08-31,72.99,73.14,73.52,72.62,12.59K,-0.57%,70.208,0.005672377241734861
2021-09-01,71.59,71.68,72.38,70.42,282.49K,-1.92%,70.54400000000001,0.0047857793983594465
2021-09-02,73.03,71.31,73.47,70.92,255.42K,2.01%,71.202,0.009327511907461838
2021-09-03,72.61,72.86,73.69,72.4,211.42K,-0.58%,71.94500000000001,0.010435100137636821
2021-09-06,72.22,72.57,72.78,71.51,127.87K,-0.54%,72.292,0.00482312877892821
2021-09-07,71.69,72.29,72.81,71.1,257.40K,-0.73%,72.356,0.0008852985115916923
2021-09-08,72.6,71.64,72.95,71.55,325.36K,1.27%,72.39099999999999,0.0004837193874729362
2021-09-09,71.45,72.61,73.2,70.88,377.81K,-1.58%,72.429,0.0005249271318259474
2021-09-10,72.92,71.37,73.15,70.94,250.51K,2.06%,72.451,0.0003037457372045971
2021-09-13,73.51,72.88,73.92,72.69,244.73K,0.81%,72.461,0.00013802431988518826
2021-09-14,73.6,73.62,74.28,73.08,278.58K,0.12%,72.522,0.000841832157988609
2021-09-15,75.46,73.92,76.13,73.78,289.45K,2.53%,72.90899999999999,0.005336311739885691
2021-09-16,75.67,75.46,75.87,74.48,236.51K,0.28%,73.173,0.0036209521458256955
2021-09-17,75.34,75.68,75.78,74.58,254.86K,-0.44%,73.446,0.0037308843425853944
2021-09-20,73.92,75.33,75.4,73.52,313.75K,-1.88%,73.616,0.002314625711407059
2021-09-21,74.36,74.33,75.18,73.26,258.71K,0.60%,73.88300000000001,0.003626928928494033
2021-09-22,76.19,74.56,76.26,74.49,255.75K,2.46%,74.24199999999999,0.004859033877887775
2021-09-23,77.25,75.9,77.35,75.6,226.59K,1.39%,74.822,0.00781228953961377
2021-09-24,78.09,77.26,78.24,76.85,163.23K,1.09%,75.339,0.006909732431637616
2021-09-27,79.53,78.25,79.9,78.21,231.13K,1.84%,75.941,0.00799054938345356
2021-09-28,79.09,79.4,80.75,78.1,132.33K,-0.55%,76.49,0.0072292964274895954
2021-09-29,78.64,78.25,79.4,77.5,97.97K,-0.57%,76.808,0.004157406196888536
2021-09-30,78.52,78.46,79.11,77.6,20.51K,-0.15%,77.09299999999999,0.0037105509842723094
2021-10-01,79.28,78.49,79.41,77.55,282.37K,0.97%,77.487,0.005110710440636712
2021-10-04,81.26,79.49,82.0,78.75,362.37K,2.50%,78.221,0.009472556686928257
2021-10-05,82.56,81.27,83.13,81.19,340.27K,1.60%,79.041,0.010483118344178477
2021-10-06,81.08,82.57,83.47,80.6,401.36K,-1.79%,79.53,0.006186662618135053
2021-10-07,81.95,80.98,82.5,79.08,393.10K,1.07%,80.0,0.00590971960266562
2021-10-08,82.39,82.38,83.43,81.96,360.97K,0.54%,80.42999999999999,0.005374999999999908
2021-10-11,83.65,82.65,84.6,82.54,330.44K,1.53%,80.84200000000001,0.00512246674126593
2021-10-12,83.42,83.49,84.23,82.72,331.41K,-0.27%,81.275,0.005356126765790004
2021-10-13,83.18,83.1,83.69,82.2,333.68K,-0.29%,81.72900000000001,0.005585973546601064
2021-10-14,84.0,83.45,84.5,83.18,316.64K,0.99%,82.27700000000002,0.006705086321868725
2021-10-15,84.86,84.3,85.1,84.16,276.47K,1.02%,82.835,0.006781968229274016
2021-10-18,84.33,84.95,86.04,83.95,340.96K,-0.62%,83.142,0.0037061628538661573
2021-10-19,85.08,84.21,85.4,83.7,371.79K,0.89%,83.394,0.003030959082052531
2021-10-20,85.82,85.19,85.89,83.61,378.69K,0.87%,83.868,0.005683862148355923
2021-10-21,84.61,85.9,86.1,83.36,373.65K,-1.41%,84.134,0.0031716506891783514
2021-10-22,85.53,84.52,85.93,83.82,298.35K,1.09%,84.44800000000001,0.0037321415836641947
2021-10-25,85.99,85.65,86.7,85.43,294.55K,0.54%,84.68199999999999,0.00277093596059097
2021-10-26,86.4,86.03,86.5,85.27,222.56K,0.48%,84.97999999999999,0.0035190477315132362
2021-10-27,84.58,86.07,86.28,84.05,149.75K,-2.11%,85.11999999999999,0.0016474464579900872
2021-10-28,84.32,84.21,84.59,82.32,118.14K,-0.31%,85.152,0.0003759398496241406
2021-10-29,84.38,84.33,84.83,83.79,22.77K,0.07%,85.10400000000001,-0.0005636978579479646
2021-11-01,84.71,83.63,85.12,83.03,302.90K,0.39%,85.142,0.0004465125023498384
2021-11-02,84.72,84.45,85.23,83.76,317.07K,0.01%,85.106,-0.0004228230485542328
2021-11-03,81.99,84.07,84.2,81.1,380.11K,-3.22%,84.723,-0.004500270251216132
2021-11-04,80.54,81.58,84.49,80.2,472.43K,-1.77%,84.316,-0.004803890324941218
2021-11-05,82.74,81.25,83.16,80.26,379.69K,2.73%,84.037,-0.0033089805019212992
2021-11-08,83.43,82.58,84.0,82.53,269.60K,0.83%,83.781,-0.0030462772350274836
2021-11-09,84.78,83.47,85.3,83.16,346.57K,1.62%,83.619,-0.0019336126329358994
2021-11-10,82.64,84.99,85.5,82.08,366.31K,-2.52%,83.425,-0.0023200468792977658
2021-11-11,82.87,82.85,83.44,81.66,336.14K,0.28%,83.28,-0.0017380881030865103
2021-11-12,82.17,82.83,82.87,81.26,289.30K,-0.84%,83.059,-0.0026536983669549485
2021-11-15,82.05,81.92,82.49,80.67,273.72K,-0.15%,82.793,-0.003202542770801342
2021-11-16,82.43,82.0,83.14,81.52,340.72K,0.46%,82.564,-0.00276593431811889
2021-11-17,80.28,82.05,82.22,79.78,406.75K,-2.61%,82.393,-0.002071120585242836
2021-11-18,81.24,80.1,81.41,79.28,306.85K,1.20%,82.463,0.0008495867367372956
2021-11-19,78.89,81.0,82.24,78.05,479.93K,-2.89%,82.078,-0.004668760535027738
2021-11-22,79.7,78.58,80.07,77.58,350.90K,1.03%,81.705,-0.004544457710957905
2021-11-23,82.31,79.51,82.6,78.55,366.60K,3.27%,81.458,-0.003023070803500394
2021-11-24,82.25,81.88,83.0,81.74,231.07K,-0.07%,81.41900000000001,-0.0004787743376953868
2021-11-25,82.22,82.24,82.58,81.7,80.45K,-0.04%,81.354,-0.0007983394539359256
2021-11-26,72.72,81.65,81.66,72.14,170.78K,-11.55%,80.409,-0.011615900877645746
2021-11-29,73.44,73.88,77.02,72.41,126.35K,0.99%,79.548,-0.010707756594411144
2021-11-30,70.57,74.42,74.56,70.22,24.82K,-3.91%,78.362,-0.01490923719012427
2021-12-01,68.87,69.8,72.87,68.14,420.40K,-2.41%,77.22099999999999,-0.0145606288762411
2021-12-02,69.67,69.72,70.7,65.72,526.60K,1.16%,76.06400000000001,-0.014982970953496877
2021-12-03,69.88,70.22,72.62,69.24,331.82K,0.30%,75.16299999999998,-0.011845288178376379
2021-12-06,73.08,70.24,73.8,70.24,255.40K,4.58%,74.501,-0.008807524979045245
2021-12-07,75.44,73.6,76.27,73.2,312.28K,3.23%,73.814,-0.009221352733520538
2021-12-08,75.82,75.44,76.37,74.38,322.08K,0.50%,73.17099999999999,-0.008711084618094111
2021-12-09,74.42,75.94,76.7,73.84,283.39K,-1.85%,72.391,-0.01065996091347643
2021-12-10,75.15,73.99,75.71,73.8,221.36K,0.98%,72.634,0.0033567708693069687
2021-12-13,74.39,75.37,76.39,74.2,265.51K,-1.01%,72.729,0.0013079274169121025
2021-12-14,73.7,74.42,75.16,72.57,277.86K,-0.93%,73.042,0.004303647788365117
2021-12-15,73.88,73.25,74.58,72.5,233.19K,0.24%,73.543,0.006859067385887707
2021-12-16,75.02,74.47,75.61,74.0,223.64K,1.54%,74.078,0.00727465564363694
2021-12-17,73.52,74.5,74.98,72.65,231.41K,-2.00%,74.44200000000001,0.004913739571802855
2021-12-20,71.52,72.82,72.87,69.28,333.76K,-2.72%,74.286,-0.0020955911985170994
2021-12-21,73.98,71.88,74.27,71.24,214.07K,3.44%,74.14,-0.0019653770562421125
2021-12-22,75.29,74.05,75.67,73.62,166.71K,1.77%,74.087,-0.0007148637712435235
2021-12-23,76.85,75.47,77.0,74.78,161.24K,2.07%,74.33000000000001,0.003279927652624748
2021-12-24,76.14,76.72,76.79,75.75,30.54K,-0.92%,74.429,0.0013318982914030109
2021-12-27,78.6,76.32,79.08,75.75,85.39K,3.23%,74.85,0.0056563973719920835
2021-12-28,78.94,78.67,79.85,78.48,50.41K,0.43%,75.374,0.007000668002671961
2021-12-29,79.23,79.28,80.17,78.13,69.63K,0.37%,75.90899999999999,0.007097938281104943
2021-12-30,79.32,79.19,79.66,78.5,10.90K,0.11%,76.339,0.005664677442727584
2021-12-31,77.78,78.81,79.68,77.55,148.96K,-1.94%,76.765,0.005580371762794911
2022-01-03,78.98,78.11,79.28,77.04,201.03K,1.54%,77.511,0.009717970429232059
2022-01-04,80.0,78.91,80.55,78.62,291.68K,1.29%,78.113,0.00776663957373791
2022-01-05,80.8,80.07,81.5,79.51,331.74K,1.00%,78.664,0.007053883476501932
2022-01-06,81.99,80.22,82.83,79.61,353.16K,1.47%,79.178,0.006534119800671201
2022-01-07,81.75,82.0,83.0,81.42,286.11K,-0.29%,79.739,0.007085301472631311
2022-01-10,80.87,81.76,82.3,80.5,300.65K,-1.08%,79.966,0.002846787644690707
2022-01-11,83.72,81.08,83.98,80.89,324.94K,3.52%,80.444,0.005977540454693342
2022-01-12,84.67,83.78,85.21,83.52,301.39K,1.13%,80.988,0.006762468300929747
2022-01-13,84.47,84.87,85.1,83.79,265.20K,-0.24%,81.503,0.006358966760507734
2022-01-14,86.06,84.12,86.5,83.99,304.72K,1.88%,82.33099999999999,0.010159135246555095
2022-01-17,86.48,86.15,86.71,85.54,139.82K,0.49%,83.08099999999999,0.009109569906839532
2022-01-18,87.51,86.47,88.66,86.44,356.88K,1.19%,83.832,0.009039371216042147
2022-01-19,88.44,88.65,89.17,87.61,350.94K,1.06%,84.596,0.00911346502528887
2022-01-20,88.38,87.89,89.5,87.05,279.52K,-0.07%,85.235,0.007553548631140883
2022-01-21,87.89,86.75,88.23,85.71,288.21K,-0.55%,85.849,0.0072036135390392
2022-01-24,86.27,87.93,88.9,85.04,309.89K,-1.84%,86.389,0.006290114037437844
2022-01-25,88.2,86.76,88.37,86.2,256.21K,2.24%,86.837,0.0051858454201345605
2022-01-26,89.96,87.95,90.47,87.79,260.11K,2.00%,87.366,0.006091873279822968
2022-01-27,89.34,89.7,91.04,89.0,131.70K,-0.69%,87.853,0.00557425085273433
2022-01-28,90.03,89.98,91.7,89.41,102.01K,0.77%,88.25,0.004518912273912212
2022-01-31,91.21,90.8,91.48,90.61,11.01K,1.31%,88.723,0.005359773371104826
2022-02-01,89.16,89.62,89.96,87.72,271.77K,-2.25%,88.888,0.00185972070376339
2022-02-02,89.47,89.48,90.52,88.28,319.43K,0.35%,88.991,0.001158761587615853
2022-02-03,91.11,89.07,91.3,88.02,301.79K,1.83%,89.264,0.003067725949815081
2022-02-04,93.27,91.3,93.7,91.2,322.13K,2.37%,89.80199999999999,0.0060270657823982
2022-02-07,92.69,92.75,94.0,92.13,317.29K,-0.62%,90.444,0.0071490612681233134
2022-02-08,90.78,92.63,92.93,89.93,368.55K,-2.06%,90.702,0.002852593870240172
2022-02-09,91.55,91.08,92.09,90.05,294.00K,0.85%,90.861,0.001752993318780316
2022-02-10,91.41,91.75,93.1,90.88,369.01K,-0.15%,91.068,0.00227820517053523
2022-02-11,94.44,91.17,95.66,90.51,452.11K,3.31%,91.509,0.004842535248385849
2022-02-14,96.48,95.2,96.78,93.44,373.09K,2.16%,92.036,0.005758996382869475
2022-02-15,93.28,95.81,96.26,92.06,378.25K,-3.32%,92.44800000000001,0.0044765091920553335
2022-02-16,94.81,93.49,96.07,91.11,393.79K,1.64%,92.982,0.005776220145379041
2022-02-17,92.97,92.2,94.5,92.14,347.79K,-1.94%,93.16799999999999,0.0020003871717104715
2022-02-18,93.54,92.73,94.15,90.12,348.35K,0.61%,93.19500000000001,0.00028979907264314875
2022-02-21,95.39,94.29,97.4,92.57,217.04K,1.98%,93.465,0.002897151134717557
2022-02-22,96.84,96.55,99.5,95.8,316.38K,1.52%,94.071,0.00648371047985874
2022-02-23,96.84,96.65,98.71,95.81,238.63K,0.00%,94.6,0.005623412103623826
2022-02-24,99.08,98.08,105.79,97.56,167.79K,2.31%,95.367,0.008107822410148069
2022-02-25,97.93,100.69,101.99,96.0,68.98K,-1.16%,95.716,0.0036595468034015255
2022-02-28,100.99,101.98,105.07,99.64,22.96K,3.12%,96.167,0.004711855907058471
2022-03-01,104.97,98.43,107.67,98.3,492.51K,3.94%,97.336,0.012155937067809042
2022-03-02,112.93,107.34,115.11,106.83,490.57K,7.58%,99.148,0.018615928330730558
2022-03-03,110.46,115.27,119.84,109.4,452.52K,-2.19%,100.897,0.017640295316093235
2022-03-04,118.11,114.23,118.98,109.62,334.41K,6.93%,103.354,0.024351566448952866
2022-03-07,123.21,122.79,139.13,119.04,419.93K,4.32%,106.136,0.026917197205720056
2022-03-08,127.98,124.56,133.15,121.31,469.99K,3.87%,109.25,0.029339715082535633
2022-03-09,111.14,130.28,131.64,105.6,521.58K,-13.16%,110.67999999999999,0.013089244851258508
2022-03-10,109.33,112.65,118.36,109.0,352.34K,-1.63%,111.705,0.009260932417781031
2022-03-11,112.67,110.26,113.91,107.13,287.39K,3.05%,113.179,0.013195470211718296
2022-03-14,106.9,113.15,113.15,103.49,265.91K,-5.12%,113.77000000000001,0.0052218167681283845
2022-03-15,99.91,105.34,105.71,97.44,318.12K,-6.54%,113.26400000000001,-0.004447569658082129
2022-03-16,98.02,99.14,103.7,96.93,246.82K,-1.89%,111.773,-0.01316393558412221
2022-03-17,106.64,98.61,107.5,97.75,200.95K,8.79%,111.391,-0.0034176411118963523
2022-03-18,107.93,106.8,109.59,105.78,168.91K,1.21%,110.373,-0.009138978912120344
2022-03-21,115.62,107.5,116.8,107.06,196.49K,7.12%,109.61399999999999,-0.0068766817971788186
2022-03-22,115.48,117.04,119.48,112.64,204.66K,-0.12%,108.36399999999999,-0.011403652818070653
2022-03-23,121.6,114.7,122.34,114.45,224.53K,5.30%,109.41,0.009652652172308152
2022-03-24,119.03,121.56,123.74,116.93,177.66K,-2.11%,110.38,0.008865734393565416
2022-03-25,120.65,118.88,120.92,115.16,133.46K,1.36%,111.178,0.007229570574379451
2022-03-28,112.48,119.9,119.9,109.06,150.82K,-6.77%,111.73599999999999,0.005018978574897748
2022-03-29,110.23,110.1,114.83,104.84,93.68K,-2.00%,112.768,0.009236056418701288
2022-03-30,113.45,112.0,114.8,110.74,72.33K,2.92%,114.311,0.01368295970488087
2022-03-31,107.91,112.81,112.94,106.5,8.68K,-4.88%,114.43799999999999,0.0011110041903226175
2022-04-01,104.39,105.25,106.24,102.35,238.62K,-3.26%,114.08400000000002,-0.0030933780737165684
2022-04-04,107.53,104.08,108.68,102.89,218.68K,3.01%,113.275,-0.007091266084639503
2022-04-05,106.64,108.51,109.9,104.53,203.06K,-0.83%,112.391,-0.007804016773339195
2022-04-06,101.07,105.7,108.67,100.54,286.52K,-5.22%,110.33800000000001,-0.018266587182247718
2022-04-07,100.58,101.78,103.59,98.41,296.03K,-0.48%,108.49300000000001,-0.016721347133353825
2022-04-08,102.78,101.42,103.3,99.65,217.64K,2.19%,106.70599999999999,-0.016471108735125917
2022-04-11,98.48,103.21,103.3,97.57,238.69K,-4.18%,105.306,-0.013120161940284425
2022-04-12,104.64,99.35,105.6,98.9,273.95K,6.26%,104.747,-0.0053083395058211025
2022-04-13,108.78,105.44,109.0,104.06,247.26K,3.96%,104.28,-0.00445836157598789
2022-04-14,111.7,108.29,112.39,106.63,210.18K,2.68%,104.65899999999999,0.00363444572305327
2022-04-18,113.16,112.32,114.84,110.71,132.15K,1.31%,105.53599999999999,0.008379594683686875
2022-04-19,107.25,112.85,114.21,106.74,239.91K,-5.22%,105.508,-0.00026531231049109483
2022-04-20,106.8,108.1,109.0,104.65,243.67K,-0.42%,105.524,0.00015164726845373622
2022-04-21,108.33,107.07,109.8,106.76,185.38K,1.43%,106.25,0.006879951480232016
2022-04-22,106.65,108.26,108.76,105.54,125.87K,-1.55%,106.857,0.005712941176470476
2022-04-25,102.32,105.49,105.85,99.48,156.35K,-4.06%,106.811,-0.00043048185893290736
2022-04-26,104.99,102.53,106.2,101.08,138.20K,2.61%,107.46200000000002,0.006094877868384474
2022-04-27,105.32,105.45,106.33,103.27,67.06K,0.31%,107.53,0.0006327818205502656
2022-04-28,107.59,104.96,108.0,103.29,73.32K,2.16%,107.41099999999999,-0.0011066679066308316
2022-04-29,109.34,107.55,110.3,107.0,12.02K,1.63%,107.175,-0.0021971678878326406
2022-05-02,107.58,106.3,108.46,103.1,151.34K,-1.61%,106.61699999999999,-0.005206438068579455
2022-05-03,104.97,107.61,108.32,104.62,184.20K,-2.43%,106.38899999999998,-0.0021384957370776947
2022-05-04,110.14,105.91,111.0,105.46,241.68K,4.93%,106.723,0.0031394223086975703
2022-05-05,110.9,110.55,114.0,109.2,279.88K,0.69%,106.97999999999999,0.0024081032204865682
2022-05-06,112.39,111.27,113.5,109.87,249.83K,1.34%,107.554,0.005365488876425628
2022-05-09,105.94,112.94,113.2,105.0,302.17K,-5.74%,107.91600000000001,0.0033657511575582166
2022-05-10,102.46,105.5,106.96,101.54,327.99K,-3.28%,107.66300000000001,-0.002344416027280527
2022-05-11,107.51,101.51,108.29,101.3,287.53K,4.93%,107.88199999999999,0.002034125001160847
2022-05-12,107.45,107.67,108.71,104.69,264.26K,-0.06%,107.86800000000001,-0.00012977141691827843
2022-05-13,111.55,108.25,111.69,107.79,220.32K,3.82%,108.08900000000001,0.0020488003856564685
2022-05-16,114.24,111.67,114.79,108.84,218.44K,2.41%,108.755,0.00616158906086639
2022-05-17,111.93,114.42,115.69,111.09,277.89K,-2.02%,109.451,0.006399705760654628
2022-05-18,109.11,112.91,114.15,108.35,245.04K,-2.52%,109.348,-0.0009410603831850883
2022-05-19,112.04,108.22,112.31,105.7,272.35K,2.69%,109.46199999999999,0.0010425430734899432
2022-05-20,112.55,111.45,113.23,110.52,180.89K,0.46%,109.478,0.00014616944693135459
2022-05-23,113.42,112.85,114.34,111.86,196.51K,0.77%,110.226,0.006832422952556705
2022-05-24,113.56,112.79,114.63,111.7,191.73K,0.12%,111.33600000000001,0.010070219367481537
2022-05-25,114.03,114.12,115.3,113.01,152.33K,0.41%,111.98800000000001,0.00585614715815197
2022-05-26,117.4,114.35,118.0,113.85,123.58K,2.96%,112.98299999999999,0.008884880522912919
2022-05-27,119.43,117.52,119.72,116.63,81.16K,1.73%,113.771,0.006974500588584176
2022-05-30,121.67,119.28,122.01,118.98,42.41K,1.88%,114.51400000000001,0.006530662471104343
2022-05-31,122.84,122.2,125.28,121.6,11.56K,0.96%,115.60499999999999,0.009527219379289686
2022-06-01,116.29,116.08,118.57,115.4,242.16K,-5.33%,116.32300000000001,0.0062108040309676316
2022-06-02,117.61,115.02,118.46,112.45,216.90K,1.14%,116.88000000000002,0.004788390945900778
2022-06-03,119.72,118.22,121.45,116.02,141.66K,1.79%,117.59700000000001,0.006134496919917742
2022-06-06,119.51,121.55,121.95,118.77,204.09K,-0.18%,118.20600000000002,0.0051787035383557
2022-06-07,120.57,119.94,121.37,118.55,276.72K,0.89%,118.907,0.005930325025802263
2022-06-08,123.58,120.65,124.4,120.45,256.29K,2.50%,119.862,0.008031486792198894
2022-06-09,123.07,123.6,124.34,122.5,218.98K,-0.41%,120.42900000000002,0.004730440006007086
2022-06-10,122.01,122.89,124.33,119.81,294.28K,-0.86%,120.68700000000001,0.002142341130458636
2022-06-13,122.27,121.94,123.7,118.93,257.11K,0.21%,120.747,0.000497153794526195
2022-06-14,121.17,121.88,125.19,118.91,291.26K,-0.90%,120.58,-0.0013830571359950694
2022-06-15,118.51,120.79,121.88,117.75,231.06K,-2.20%,120.80199999999999,0.0018411013435062351
2022-06-16,119.81,119.65,120.29,115.56,276.68K,1.10%,121.022,0.0018211619012931113
2022-06-17,113.12,119.13,121.25,111.72,319.91K,-5.58%,120.362,-0.005453553899291141
2022-06-20,114.13,113.88,114.5,111.52,161.60K,0.89%,119.824,-0.00446984928798122
2022-06-21,114.65,114.21,116.25,114.02,204.03K,0.46%,119.232,-0.00494057951662441
2022-06-22,111.74,114.4,114.45,107.03,293.05K,-2.54%,118.048,-0.009930220075147544
2022-06-23,110.05,109.58,112.7,108.04,195.92K,-1.51%,116.74599999999998,-0.011029411764706065
2022-06-24,113.12,110.04,114.0,109.24,134.18K,2.79%,115.857,-0.007614821921093529
2022-06-27,115.09,112.92,116.08,111.26,118.10K,1.74%,115.13899999999998,-0.0061972949411776
2022-06-28,117.98,115.74,118.27,115.72,65.76K,2.51%,114.82000000000001,-0.0027705642744854098
2022-06-29,116.26,117.96,120.41,115.2,54.34K,-1.46%,114.595,-0.0019595889217907114
2022-06-30,114.81,116.01,116.67,114.22,7.11K,-1.25%,114.095,-0.004363192111348613
2022-07-01,111.63,109.49,112.45,108.03,235.42K,-2.77%,113.946,-0.0013059292694684865
2022-07-04,113.5,111.65,114.0,110.4,100.59K,1.68%,113.883,-0.0005528934758569637
2022-07-05,102.77,113.54,114.75,101.1,428.84K,-9.45%,112.69500000000001,-0.010431758910460665
2022-07-06,100.69,104.88,105.85,98.5,350.30K,-2.02%,111.59,-0.009805226496295338
2022-07-07,104.65,100.14,106.35,98.5,279.66K,3.93%,111.05,-0.004839143292409753
2022-07-08,107.02,104.65,107.47,103.67,238.35K,2.26%,110.44000000000001,-0.005493021161638745
2022-07-11,107.1,107.0,107.7,103.64,194.66K,0.07%,109.64099999999999,-0.007234697573343163
2022-07-12,99.49,106.25,106.56,98.9,275.62K,-7.11%,107.79199999999999,-0.01686412929469816
2022-07-13,99.57,98.5,101.21,98.28,247.47K,0.08%,106.123,-0.01548352382366025
2022-07-14,99.1,99.43,100.39,94.5,318.79K,-0.47%,104.55199999999999,-0.014803576981427313
2022-07-15,101.16,99.91,102.64,98.17,218.09K,2.08%,103.505,-0.010014155635473254
2022-07-18,106.27,100.82,106.48,99.46,213.50K,5.05%,102.782,-0.006985169798560453
2022-07-19,107.35,105.74,107.61,103.6,226.40K,1.02%,103.24000000000001,0.004456033157556938
2022-07-20,106.92,107.07,107.45,105.08,186.70K,-0.40%,103.86299999999999,0.006034482758620507
2022-07-21,103.86,106.49,106.78,101.5,228.70K,-2.86%,103.78399999999999,-0.0007606173517036297
2022-07-22,103.2,103.86,105.72,101.9,137.24K,-0.64%,103.402,-0.003680721498496742
2022-07-25,105.15,103.85,105.38,101.64,123.67K,1.89%,103.207,-0.0018858436007040957
2022-07-26,104.4,104.73,107.34,103.99,110.00K,-0.71%,103.69800000000001,0.004757429244140576
2022-07-27,106.62,104.75,107.86,103.73,77.69K,2.13%,104.40299999999999,0.00679858820806567
2022-07-28,107.14,107.31,109.06,106.0,80.84K,0.49%,105.207,0.007700928134249052
2022-07-29,110.01,108.0,110.67,106.9,9.13K,2.68%,106.09200000000001,0.008411987795489129
2022-08-01,100.03,103.92,104.43,99.09,272.84K,-9.07%,105.468,-0.005881687591901441
2022-08-02,100.54,99.87,102.41,98.49,229.68K,0.51%,104.787,-0.006456934804869752
2022-08-03,96.78,99.73,102.41,96.5,293.11K,-3.74%,103.773,-0.009676772882132423
2022-08-04,94.12,97.1,97.66,93.2,264.81K,-2.75%,102.799,-0.009385871084000574
2022-08-05,94.92,93.65,96.4,92.78,216.20K,0.85%,101.971,-0.008054553059854697
2022-08-08,96.65,94.51,96.82,93.01,201.25K,1.82%,101.12100000000001,-0.008335703288189777
2022-08-09,96.31,96.36,98.4,94.9,219.67K,-0.35%,100.312,-0.008000316452566825
2022-08-10,97.4,96.34,97.97,93.63,247.74K,1.13%,99.39,-0.009191323072015312
2022-08-11,99.6,97.04,100.17,96.63,219.42K,2.26%,98.636,-0.007586276285340587
2022-08-12,98.15,99.33,100.38,96.94,188.13K,-1.46%,97.45,-0.012024007461778563
2022-08-15,95.1,97.72,98.17,92.78,217.57K,-3.11%,96.95700000000001,-0.00505900461775266
2022-08-16,92.34,94.01,95.95,91.71,217.75K,-2.90%,96.13700000000001,-0.008457357385232567
2022-08-17,93.65,92.67,94.48,91.51,199.19K,1.42%,95.824,-0.003255770410976133
2022-08-18,96.59,93.29,97.42,93.05,208.55K,3.14%,96.071,0.0025776423442978036
2022-08-19,96.72,96.68,97.88,94.25,178.60K,0.13%,96.251,0.0018736143060862354
2022-08-22,96.48,95.95,97.28,92.36,207.64K,-0.25%,96.23400000000001,-0.00017662154159436838
2022-08-23,100.22,96.78,100.45,96.53,210.63K,3.88%,96.625,0.004063013072302946
2022-08-24,101.22,100.19,101.9,99.1,183.73K,1.00%,97.007,0.0039534282018112155
2022-08-25,99.34,101.73,102.47,99.12,161.49K,-1.86%,96.981,-0.00026802189532726395
2022-08-26,100.99,99.83,101.21,98.1,130.63K,1.66%,97.265,0.0029284086573659884
2022-08-29,105.09,100.67,105.48,100.16,53.03K,4.06%,98.264,0.010270909371305148
2022-08-30,99.31,104.9,105.45,97.55,59.83K,-5.50%,98.96099999999998,0.007093136855816917
2022-08-31,96.49,99.79,100.46,95.44,10.07K,-2.84%,99.24499999999999,0.0028698174028152224
2022-09-01,92.36,95.18,95.68,91.81,297.55K,-4.28%,98.82199999999999,-0.004262179454884385
2022-09-02,93.02,92.66,95.32,92.65,210.00K,0.71%,98.452,-0.0037441055635384357
2022-09-05,95.74,93.02,96.99,93.02,144.26K,2.92%,98.378,-0.0007516353146710397
2022-09-06,92.83,95.19,95.94,92.3,225.95K,-3.04%,97.639,-0.00751184207851352
2022-09-07,88.0,92.81,93.8,87.4,300.20K,-5.20%,96.317,-0.013539671647599838
2022-09-08,89.15,87.7,89.83,87.24,208.66K,1.31%,95.298,-0.010579648452505697
2022-09-09,92.84,88.62,93.12,88.6,202.94K,4.14%,94.483,-0.008552120716069589
2022-09-12,94.0,92.54,95.17,91.21,210.43K,1.25%,93.374,-0.011737561254405615
2022-09-13,93.17,94.31,95.53,91.05,275.17K,-0.88%,92.76,-0.006575706299397965
2022-09-14,94.1,93.4,95.8,91.93,259.90K,1.00%,92.521,-0.002576541612764216
2022-09-15,90.84,94.65,94.66,90.03,257.62K,-3.46%,92.369,-0.001642870267290708
2022-09-16,91.35,90.51,92.66,90.25,197.48K,0.56%,92.202,-0.0018079658759974082
2022-09-19,92.0,91.43,92.57,88.5,138.53K,0.71%,91.828,-0.004056311142925262
2022-09-20,90.62,92.15,93.05,89.8,188.56K,-1.50%,91.607,-0.0024066733458204537
2022-09-21,89.83,90.74,93.5,89.3,216.93K,-0.87%,91.78999999999999,0.0019976639339787106
2022-09-22,90.46,89.99,92.81,89.3,170.28K,0.70%,91.921,0.0014271707157644808
2022-09-23,86.15,90.46,90.84,85.5,180.10K,-4.76%,91.252,-0.007277988707694805
2022-09-26,84.06,86.62,87.65,83.65,119.60K,-2.43%,90.258,-0.010892911936176697
2022-09-27,86.27,84.05,87.15,84.01,104.09K,2.63%,89.56800000000001,-0.00764475171175949
2022-09-28,89.32,86.14,89.47,84.26,74.33K,3.54%,89.09,-0.005336727402643904
2022-09-29,88.49,88.97,90.12,87.33,57.86K,-0.93%,88.85499999999999,-0.0026377820181839873
2022-09-30,87.96,88.53,89.8,87.69,5.89K,-0.60%,88.516,-0.0038152045467332307
2022-10-03,88.86,86.35,89.82,86.35,270.69K,1.02%,88.202,-0.003547381264404237
2022-10-04,91.8,88.81,92.4,88.78,282.38K,3.31%,88.32,0.0013378381442596954
2022-10-05,93.37,91.89,93.96,90.76,296.20K,1.71%,88.674,0.00400815217391326
2022-10-06,94.42,93.71,94.98,92.72,207.53K,1.12%,89.07,0.00446579606197961
2022-10-07,97.92,94.71,98.58,93.94,269.40K,3.71%,90.247,0.013214325811159888
2022-10-10,96.19,98.75,98.75,95.6,215.37K,-1.77%,91.46000000000001,0.013440890001883865
2022-10-11,94.29,95.93,96.46,93.11,259.03K,-1.98%,92.26199999999999,0.008768860704132742
2022-10-12,92.45,93.72,95.17,91.56,257.66K,-1.95%,92.575,0.0033925126270839545
2022-10-13,94.57,92.49,94.92,91.08,280.52K,2.29%,93.183,0.006567647853092051
2022-10-14,91.63,94.53,95.11,91.28,210.77K,-3.11%,93.55,0.003938486633827898
2022-10-17,91.62,91.71,93.21,90.83,203.80K,-0.01%,93.82600000000001,0.002950293960449102
2022-10-18,90.03,91.99,92.66,88.77,320.42K,-1.74%,93.649,-0.0018864707010850523
2022-10-19,92.41,90.79,92.85,89.32,272.35K,2.64%,93.553,-0.0010251043791178471
2022-10-20,92.38,92.4,94.77,91.91,237.54K,-0.03%,93.349,-0.0021805821299155648
2022-10-21,93.5,92.45,93.8,91.0,203.28K,1.21%,92.907,-0.004734919495656187
2022-10-24,93.26,93.59,94.4,91.22,179.20K,-0.26%,92.614,-0.003153691325734287
2022-10-25,93.52,93.47,94.38,91.62,165.51K,0.28%,92.53699999999999,-0.0008314077785217533
2022-10-26,95.69,92.91,96.25,92.06,138.00K,2.32%,92.861,0.0035013021818302015
2022-10-27,96.96,96.05,97.27,95.07,84.57K,1.33%,93.1,0.0025737392446774088
2022-10-28,95.77,96.58,96.89,94.96,89.94K,-1.23%,93.514,0.004446831364124604
2022-10-31,94.83,96.47,96.47,94.25,15.00K,-0.98%,93.835,0.003432641101867029
2022-11-01,94.65,92.67,95.55,92.33,247.65K,-0.19%,94.297,0.004923535994032058
2022-11-02,96.16,94.85,96.5,94.01,253.00K,1.60%,94.672,0.003976796716756548
2022-11-03,94.67,95.36,95.98,94.19,229.12K,-1.55%,94.901,0.002418877809700959
2022-11-04,98.57,94.58,98.81,94.33,307.09K,4.12%,95.408,0.005342409458277686
2022-11-07,97.92,97.31,99.56,96.5,241.94K,-0.66%,95.874,0.004884286433003426
2022-11-08,95.36,98.24,98.3,95.0,251.67K,-2.61%,96.058,0.0019191855977638284
2022-11-09,92.65,95.17,95.65,92.33,308.02K,-2.84%,95.75399999999999,-0.0031647546274127247
2022-11-10,93.67,92.53,94.32,91.73,278.53K,1.10%,95.425,-0.0034358877958100553
2022-11-11,95.99,93.84,96.92,93.69,238.07K,2.48%,95.44699999999999,0.0002305475504322807
2022-11-14,93.14,95.87,96.95,92.5,248.25K,-2.97%,95.27799999999999,-0.001770616153467297
2022-11-15,93.86,92.59,95.77,91.53,317.50K,0.77%,95.19899999999998,-0.0008291525850668835
2022-11-16,92.86,94.11,94.79,91.67,257.62K,-1.07%,94.869,-0.0034664229666275803
2022-11-17,89.78,92.73,92.91,89.53,313.53K,-3.32%,94.38,-0.005154476172406164
2022-11-18,87.62,90.1,90.63,85.8,379.66K,-2.41%,93.285,-0.011602034329307065
2022-11-21,87.45,87.74,87.98,82.31,354.60K,-0.19%,92.238,-0.011223669400225122
2022-11-22,88.36,87.76,89.9,87.35,190.85K,1.04%,91.538,-0.007589063075955749
2022-11-23,85.41,88.47,89.56,84.12,212.14K,-3.34%,90.814,-0.007909283576219783
2022-11-24,85.34,85.04,85.54,83.9,75.61K,-0.08%,89.98100000000001,-0.009172594533882306
2022-11-25,83.63,85.5,86.87,83.59,85.31K,-2.00%,88.745,-0.013736233204787673
2022-11-28,83.19,83.58,84.1,80.61,102.56K,-0.53%,87.75,-0.011211899261930336
2022-11-29,83.03,82.41,86.0,82.39,67.93K,-0.19%,86.667,-0.012341880341880329
2022-11-30,85.43,83.77,85.67,83.61,9.05K,2.89%,85.924,-0.008573043949830939
2022-12-01,86.88,86.78,89.37,86.26,229.13K,1.70%,85.634,-0.00337507564824735
2022-12-02,85.57,86.9,87.91,85.16,198.73K,-1.51%,85.429,-0.002393908961393798
2022-12-05,82.68,85.73,88.44,82.52,252.90K,-3.38%,84.952,-0.005583584028842736
2022-12-06,79.35,83.28,83.69,78.7,309.55K,-4.03%,84.051,-0.010605989264525828
2022-12-07,77.17,79.76,80.49,76.91,279.37K,-2.75%,83.227,-0.009803571641027409
2022-12-08,76.15,77.46,79.17,75.74,259.02K,-1.32%,82.308,-0.011042089706465363
2022-12-09,76.1,76.63,77.48,75.11,216.50K,-0.07%,81.55499999999999,-0.00914856393060226
2022-12-12,77.99,76.88,78.59,75.26,213.07K,2.48%,81.035,-0.0063760652320519196
2022-12-13,80.68,78.13,81.28,78.1,243.82K,3.45%,80.8,-0.002899981489479897
2022-12-14,82.7,80.35,83.15,80.11,209.83K,2.50%,80.527,-0.003378712871287104
2022-12-15,81.21,82.76,83.18,80.83,194.97K,-1.80%,79.96000000000001,-0.007041116644106893
2022-12-16,79.04,81.32,81.78,78.29,243.49K,-2.67%,79.30699999999999,-0.008166583291646101
2022-12-19,79.8,79.21,80.87,78.6,174.24K,0.96%,79.019,-0.0036314575005986782
2022-12-20,79.99,80.25,80.89,78.28,183.95K,0.24%,79.083,0.000809931788557039
2022-12-21,82.2,79.94,82.52,79.55,148.44K,2.76%,79.586,0.006360406155557996
2022-12-22,80.98,82.52,83.85,80.67,166.01K,-1.48%,80.06899999999999,0.006068906591611523
2022-12-23,83.92,81.69,84.12,81.29,82.36K,3.63%,80.851,0.009766576327917331
2022-12-27,84.33,84.5,85.6,83.65,62.00K,0.49%,81.485,0.007841585138093521
2022-12-28,83.26,84.6,84.76,81.92,57.56K,-1.27%,81.743,0.0031662269129286713
2022-12-29,82.26,82.88,83.14,81.28,10.99K,-1.20%,81.699,-0.0005382723902963571
2022-12-30,85.91,83.71,86.0,82.88,168.65K,4.44%,82.16900000000001,0.005752824391975553
2023-01-03,82.1,85.96,87.0,81.78,302.86K,-4.43%,82.475,0.0037240321775851015
2023-01-04,77.84,82.31,82.72,77.72,319.31K,-5.19%,82.279,-0.0023764777205212972
2023-01-05,78.69,78.16,79.97,77.61,259.58K,1.09%,82.149,-0.0015799900339089623
2023-01-06,78.57,78.8,80.59,78.05,215.42K,-0.15%,81.786,-0.004418799985392408
2023-01-09,79.65,78.42,81.37,78.42,245.12K,1.37%,81.65299999999999,-0.0016261951923313145
2023-01-10,80.1,79.54,80.89,78.81,244.35K,0.56%,81.27099999999999,-0.004678333925269174
2023-01-11,82.67,79.52,83.0,79.31,273.79K,3.21%,81.10499999999999,-0.002042549002719274
2023-01-12,84.03,82.88,84.62,82.37,264.07K,1.65%,81.182,0.0009493865976204496
2023-01-13,85.28,83.91,85.5,83.5,217.40K,1.49%,81.48400000000001,0.0037200364612846037
2023-01-16,84.46,85.36,85.59,83.83,125.96K,-0.96%,81.339,-0.0017794904521134525
2023-01-17,85.92,84.2,86.82,84.04,238.30K,1.73%,81.721,0.004696394103689494
2023-01-18,84.98,86.45,87.85,84.36,288.15K,-1.09%,82.435,0.008737044333769761
2023-01-19,86.16,84.34,86.85,83.76,250.96K,1.39%,83.18199999999999,0.009061684963910688
2023-01-20,87.63,86.42,87.79,85.58,212.92K,1.71%,84.088,0.010891779471520424
2023-01-23,88.19,87.7,89.09,86.92,192.41K,0.64%,84.94200000000001,0.010156027019313285
2023-01-24,86.13,88.07,88.71,85.8,207.75K,-2.34%,85.545,0.007098961644416146
2023-01-25,86.12,86.28,87.0,85.41,159.47K,-0.01%,85.89,0.0040329651060844185
2023-01-26,87.47,86.35,88.01,85.74,139.10K,1.57%,86.234,0.00400512283152854
2023-01-27,86.66,87.65,88.95,85.69,107.08K,-0.93%,86.372,0.001600296866665074
2023-01-30,84.9,86.88,87.48,84.66,65.55K,-2.03%,86.416,0.0005094243504839557
2023-01-31,84.49,85.18,85.25,83.73,11.89K,-0.48%,86.273,-0.0016547861507127948
2023-02-01,82.84,85.56,86.21,82.37,348.66K,-1.95%,86.059,-0.0024804979541687144
2023-02-02,82.17,83.34,83.61,81.25,287.09K,-0.81%,85.66,-0.0046363541291439825
2023-02-03,79.94,82.27,84.2,79.62,330.32K,-2.71%,84.89099999999999,-0.00897735232313801
2023-02-06,80.99,79.61,81.43,79.1,325.21K,1.31%,84.17099999999999,-0.008481464466197797
2023-02-07,83.69,81.26,84.13,81.19,290.98K,3.33%,83.92699999999999,-0.0028988606527188265
2023-02-08,85.09,84.11,85.15,83.51,254.14K,1.67%,83.824,-0.0012272570209824751
2023-02-09,84.5,84.96,85.5,83.05,260.73K,-0.69%,83.527,-0.003543138003435753
2023-02-10,86.39,84.22,86.9,83.93,297.34K,2.24%,83.5,-0.00032324876985889706
2023-02-13,86.61,86.51,86.95,85.1,207.62K,0.25%,83.671,0.002047904191616823
2023-02-14,85.58,85.83,86.42,84.13,231.63K,-1.19%,83.78,0.0013027213729965847
2023-02-15,85.38,85.2,85.85,83.88,245.98K,-0.23%,84.034,0.0030317498209597726
2023-02-16,85.14,85.27,86.21,84.6,197.02K,-0.28%,84.33099999999999,0.003534283742294475
2023-02-17,83.0,84.6,84.87,81.8,303.66K,-2.51%,84.637,0.0036285588929338974
2023-02-20,84.07,83.15,84.3,82.73,143.85K,1.29%,84.94500000000001,0.0036390703829294324
2023-02-21,83.05,83.86,84.2,82.56,231.63K,-1.21%,84.881,-0.0007534286891518471
2023-02-22,80.6,82.78,83.25,80.43,253.14K,-2.95%,84.432,-0.0052897586032210064
2023-02-23,82.21,80.48,82.77,80.4,157.67K,2.00%,84.203,-0.002712241804055271
2023-02-24,83.16,82.49,83.39,81.07,107.15K,1.16%,83.88,-0.003835967839625809
2023-02-27,82.45,83.19,83.6,81.73,58.85K,-0.85%,83.464,-0.004959465903671911
2023-02-28,83.89,82.3,84.15,82.19,12.30K,1.75%,83.295,-0.002024825074283476
2023-03-01,84.31,83.05,84.49,82.61,242.66K,0.50%,83.188,-0.0012845909118194276
2023-03-02,84.75,84.31,85.1,83.83,214.22K,0.52%,83.149,-0.00046881761792572085
2023-03-03,85.83,84.61,86.0,82.36,312.90K,1.27%,83.432,0.0034035286052749303
2023-03-06,86.18,85.83,86.35,84.34,244.34K,0.41%,83.643,0.0025290056573017416
2023-03-07,83.29,86.23,86.75,82.83,295.19K,-3.35%,83.667,0.00028693375416954936
2023-03-08,82.66,83.03,83.59,82.06,297.09K,-0.76%,83.873,0.0024621415850933914
2023-03-09,81.59,82.55,84.0,81.42,282.56K,-1.29%,83.81099999999999,-0.0007392128575347545
2023-03-10,82.78,81.47,83.11,80.73,369.28K,1.46%,83.773,-0.0004534011048669129
2023-03-13,80.77,82.6,83.48,78.34,467.28K,-2.43%,83.605,-0.0020054194072074427
2023-03-14,77.45,80.54,80.92,76.89,357.86K,-4.11%,82.96100000000001,-0.007702888583218548
2023-03-15,73.69,77.82,78.73,71.67,547.56K,-4.85%,81.899,-0.012801195742577987
2023-03-16,74.7,74.3,75.54,71.86,332.59K,1.37%,80.894,-0.01227121210271187
2023-03-17,72.97,74.7,75.92,71.4,427.49K,-2.32%,79.60799999999999,-0.01589734714564761
2023-03-20,73.79,73.01,73.87,70.12,282.57K,1.12%,78.369,-0.015563762435935935
2023-03-21,75.32,73.64,75.42,72.82,226.84K,2.07%,77.572,-0.010169837563322237
2023-03-22,76.69,75.15,77.12,74.5,194.04K,1.82%,76.975,-0.0076960759036767135
2023-03-23,75.91,75.87,77.44,75.12,199.64K,-1.02%,76.40700000000001,-0.007379019162065403
2023-03-24,74.99,75.53,76.32,72.68,156.31K,-1.21%,75.628,-0.010195400944939759
2023-03-27,78.12,75.0,78.42,74.8,146.95K,4.17%,75.363,-0.0035039932300205967
2023-03-28,78.65,78.23,79.2,77.54,145.68K,0.68%,75.483,0.0015922933004259843
2023-03-29,78.28,78.97,79.68,77.94,79.54K,-0.47%,75.942,0.006080839394300597
2023-03-30,79.27,78.23,79.55,77.86,62.92K,1.26%,76.399,0.006017750388454424
2023-03-31,79.77,79.19,79.8,78.54,6.85K,0.63%,77.07900000000001,0.008900640060733878
2023-04-03,84.93,86.0,86.44,83.5,478.31K,6.47%,78.193,0.014452704368245417
2023-04-04,84.94,84.89,86.04,83.82,308.53K,0.01%,79.155,0.012302891563183538
2023-04-05,84.99,85.22,85.54,84.01,246.48K,0.06%,79.98499999999999,0.010485755795590634
2023-04-06,85.12,84.89,85.45,84.05,259.62K,0.15%,80.90599999999999,0.01151465899856241
2023-04-10,84.18,85.1,85.66,84.09,140.53K,-1.10%,81.825,0.011358860900304135
2023-04-11,85.61,84.24,85.67,83.75,262.67K,1.70%,82.574,0.009153681637641187
2023-04-12,87.33,85.59,87.49,85.39,347.80K,2.01%,83.44200000000001,0.010511783370068084
2023-04-13,86.09,87.19,87.47,86.05,291.94K,-1.42%,84.223,0.009359794827544787
2023-04-14,86.31,86.18,86.87,85.53,262.58K,0.26%,84.927,0.008358761858399788
2023-04-17,84.76,86.43,86.52,84.34,261.81K,-1.80%,85.426,0.0058756343683397105
2023-04-18,84.77,84.74,85.41,83.81,315.70K,0.01%,85.41,-0.00018729660759020383
2023-04-19,83.12,84.9,85.15,82.39,333.22K,-1.95%,85.228,-0.002130898021309058
2023-04-20,81.1,82.75,82.92,80.77,302.90K,-2.43%,84.839,-0.004564227718590108
2023-04-21,81.66,80.79,82.05,80.45,196.85K,0.69%,84.493,-0.0040783130399933976
2023-04-24,82.73,81.87,82.99,80.48,197.90K,1.31%,84.348,-0.0017161184950231778
2023-04-25,80.77,82.59,83.06,80.35,209.28K,-2.37%,83.864,-0.005738132498695814
2023-04-26,77.69,80.92,81.47,77.46,172.82K,-3.81%,82.9,-0.011494801106553432
2023-04-27,78.37,77.77,78.61,77.39,104.39K,0.88%,82.128,-0.009312424607961445
2023-04-28,79.54,78.25,79.61,77.69,13.30K,1.49%,81.451,-0.008243230079875374
2023-05-01,79.31,80.11,80.24,78.13,146.56K,-0.29%,80.90599999999999,-0.006691139458079087
2023-05-02,75.32,79.28,79.78,75.07,383.59K,-5.03%,79.961,-0.011680221491607412
2023-05-03,72.33,75.31,75.58,71.7,469.62K,-3.97%,78.88199999999999,-0.013494078363202155
2023-05-04,72.5,71.28,73.72,71.28,362.23K,0.24%,78.022,-0.010902360487817009
2023-05-05,75.3,72.69,75.75,72.41,265.07K,3.86%,77.386,-0.00815154699956433
2023-05-08,77.01,75.23,77.43,74.95,185.75K,2.27%,76.814,-0.007391517845605211
2023-05-09,77.44,76.71,77.5,75.07,283.41K,0.56%,76.481,-0.004335147238784587
2023-05-10,76.41,77.36,77.6,75.68,311.37K,-1.33%,76.353,-0.0016736182842798097
2023-05-11,74.98,76.62,77.41,74.61,345.16K,-1.87%,76.01400000000001,-0.004439904129503569
2023-05-12,74.17,75.35,75.85,74.03,259.22K,-1.08%,75.477,-0.007064488120609447
2023-05-15,75.23,74.15,75.75,73.49,240.52K,1.43%,75.069,-0.0054056202551771015
2023-05-16,74.91,75.55,75.95,74.5,216.20K,-0.43%,75.02799999999999,-0.0005461641956068242
2023-05-17,76.96,74.67,77.31,74.1,297.06K,2.74%,75.49100000000001,0.006171029482326951
2023-05-18,75.86,76.78,76.99,75.5,232.00K,-1.43%,75.82700000000001,0.0044508616921221655
2023-05-19,75.58,76.03,77.5,75.12,240.53K,-0.37%,75.85499999999999,0.0003692616086614642
2023-05-22,75.99,75.63,76.46,74.55,241.96K,0.54%,75.753,-0.001344670753410937
2023-05-23,76.84,76.15,77.74,75.65,287.23K,1.12%,75.693,-0.000792047839689558
2023-05-24,78.36,77.7,78.66,77.03,285.99K,1.98%,75.888,0.0025761959494274844
2023-05-25,76.26,78.22,78.5,75.1,237.72K,-2.68%,76.01599999999999,0.0016866961838497563
2023-05-26,76.95,76.09,77.35,75.73,150.62K,0.90%,76.29400000000001,0.003657124815828583
2023-05-29,77.07,77.39,77.75,76.15,31.55K,0.16%,76.478,0.0024117230712765725
2023-05-30,73.54,76.98,77.57,73.2,112.18K,-4.58%,76.341,-0.0017913648369465296
2023-05-31,72.66,73.6,73.81,71.39,20.11K,-1.20%,75.911,-0.005632622051060299
2023-06-01,74.28,72.15,75.25,72.03,349.92K,2.23%,75.753,-0.0020813847795444484
2023-06-02,76.13,74.28,76.5,74.18,273.54K,2.49%,75.808,0.0007260438530487523
2023-06-05,76.71,77.68,78.73,76.31,384.00K,0.76%,75.88,0.0009497678345291583
2023-06-06,76.29,76.55,76.75,74.72,304.58K,-0.55%,75.825,-0.0007248286768580803
2023-06-07,76.95,76.22,77.64,75.51,325.63K,0.87%,75.684,-0.001859545004945673
2023-06-08,75.96,76.8,77.68,73.58,393.89K,-1.29%,75.654,-0.0003963849690820087
2023-06-09,74.79,75.53,76.57,74.71,260.20K,-1.54%,75.43799999999999,-0.002855103497501843
2023-06-12,71.84,74.87,74.87,71.58,358.50K,-3.94%,74.91499999999999,-0.006932845515522645
2023-06-13,74.29,72.11,74.66,71.94,321.15K,3.41%,74.99000000000001,0.0010011346192353443
2023-06-14,73.2,74.05,75.49,73.03,318.37K,-1.47%,75.044,0.000720096012801541
2023-06-15,75.67,73.41,75.97,72.91,260.41K,3.37%,75.183,0.0018522466819468342
2023-06-16,76.61,75.64,76.74,75.08,256.25K,1.24%,75.231,0.0006384422010292656
2023-06-19,76.09,76.4,76.93,75.34,141.42K,-0.68%,75.169,-0.0008241283513444886
2023-06-20,75.9,76.12,77.15,74.51,276.38K,-0.25%,75.13,-0.0005188309010363268
2023-06-21,77.12,75.54,77.24,75.52,236.55K,1.61%,75.147,0.0002262744576069231
2023-06-22,74.14,77.03,77.2,73.59,329.53K,-3.86%,74.965,-0.0024219197040468154
2023-06-23,73.85,74.02,74.44,72.11,169.54K,-0.39%,74.87100000000001,-0.0012539184952977678
2023-06-26,74.18,74.5,74.85,73.42,150.17K,0.45%,75.105,0.0031253756461111504
2023-06-27,72.26,74.28,74.9,72.08,161.15K,-2.59%,74.902,-0.002702882630983283
2023-06-28,74.03,72.62,74.2,71.57,91.45K,2.45%,74.985,0.001108114603081356
2023-06-29,74.34,73.72,74.98,73.39,72.87K,0.42%,74.852,-0.0017736880709474656
2023-06-30,74.9,74.22,75.4,74.21,14.70K,0.75%,74.68100000000001,-0.0022845080959759123
2023-07-03,74.65,75.11,76.6,74.56,328.00K,-0.33%,74.537,-0.0019282012827895878
2023-07-04,76.25,74.89,76.29,74.74,157.96K,2.14%,74.572,0.0004695654507156366
2023-07-05,76.65,76.03,76.95,75.3,293.74K,0.52%,74.525,-0.0006302633696293469
2023-07-06,76.52,76.7,77.09,75.03,333.88K,-0.17%,74.763,0.0031935592083194297
2023-07-07,78.47,76.52,78.54,76.03,331.53K,2.55%,75.22500000000001,0.006179527306287902
2023-07-10,77.69,78.6,78.77,77.36,288.40K,-0.99%,75.576,0.004666001994017677
2023-07-11,79.4,77.82,79.5,77.63,333.84K,2.20%,76.28999999999999,0.009447443632899288
2023-07-12,80.11,79.32,80.55,79.21,362.33K,0.89%,76.898,0.007969589723423764
2023-07-13,81.36,80.19,81.75,79.88,416.12K,1.56%,77.6,0.009128976046191006
2023-07-14,79.87,81.64,81.7,79.53,311.23K,-1.83%,78.09700000000001,0.006404639175257909
2023-07-17,78.5,79.36,80.64,78.25,341.16K,-1.72%,78.482,0.004929766828431159
2023-07-18,79.63,78.52,79.99,78.19,366.47K,1.44%,78.82,0.004306720012231979
2023-07-19,79.46,79.84,80.93,79.17,311.44K,-0.21%,79.101,0.0035650850038062565
2023-07-20,79.64,79.33,80.27,78.66,236.41K,0.23%,79.413,0.003944324344824945
2023-07-21,81.07,79.78,81.24,79.65,294.35K,1.80%,79.67299999999999,0.0032740231448249446
2023-07-24,82.74,80.95,83.16,80.42,295.10K,2.06%,80.178,0.006338408243696136
2023-07-25,83.64,82.85,83.87,82.22,234.66K,1.09%,80.602,0.005288233680061927
2023-07-26,82.92,83.19,83.85,82.58,173.82K,-0.86%,80.88300000000001,0.0034862658494827503
2023-07-27,84.24,82.93,84.5,82.93,110.65K,1.59%,81.171,0.003560698787136829
2023-07-28,84.99,83.71,85.09,83.22,102.84K,0.89%,81.68299999999999,0.006307671459018449
2023-07-31,85.56,84.95,85.8,84.4,16.53K,0.67%,82.389,0.008643169325318611
2023-08-01,84.91,85.24,85.91,84.21,297.77K,-0.76%,82.917,0.006408622510286621
2023-08-02,83.2,85.86,85.99,82.74,399.19K,-2.01%,83.291,0.004510534631016583
2023-08-03,85.14,83.46,85.41,82.36,392.61K,2.33%,83.841,0.006603354504087999
2023-08-04,86.24,85.31,86.65,85.06,268.75K,1.29%,84.358,0.006166434083562988
2023-08-07,85.34,86.23,86.73,85.03,259.62K,-1.04%,84.61800000000001,0.0030821024680529607
2023-08-08,86.17,85.79,86.34,83.32,375.87K,0.97%,84.87100000000001,0.002989907584674656
2023-08-09,87.55,86.0,87.65,85.91,388.30K,1.60%,85.33399999999999,0.0054553381013535684
2023-08-10,86.4,87.39,88.1,86.2,337.57K,-1.31%,85.55,0.0025312302247639806
2023-08-11,86.81,86.37,87.35,85.84,318.06K,0.47%,85.732,0.0021274108708357886
2023-08-14,86.21,86.53,86.71,85.5,267.09K,-0.69%,85.797,0.0007581766434936466
2023-08-15,84.89,86.12,86.68,84.29,305.41K,-1.53%,85.795,-2.3310838374257514e-05
2023-08-16,83.45,85.2,85.36,83.13,334.45K,-1.70%,85.82000000000001,0.00029139227227692466
2023-08-17,84.12,83.2,84.88,83.05,305.58K,0.80%,85.718,-0.0011885341412258832
2023-08-18,84.8,83.88,85.08,83.33,287.97K,0.81%,85.574,-0.0016799272031545742
2023-08-21,84.46,84.8,85.86,84.31,289.24K,-0.40%,85.48599999999999,-0.001028349732395406
2023-08-22,84.03,84.46,84.66,83.85,287.35K,-0.51%,85.272,-0.0025033338792315174
2023-08-23,83.21,83.99,84.26,81.94,361.61K,-0.98%,84.838,-0.005089595646871281
2023-08-24,83.36,82.95,83.62,81.97,253.84K,0.18%,84.53399999999999,-0.0035832999363493157
2023-08-25,84.48,83.26,84.97,82.67,230.35K,1.34%,84.301,-0.0027562874109824387
2023-08-28,84.42,84.87,85.23,84.11,88.35K,-0.07%,84.122,-0.0021233437325773874
2023-08-29,85.49,84.39,85.65,83.8,115.36K,1.27%,84.18199999999999,0.0007132498038562307
2023-08-30,85.86,85.62,86.23,85.11,86.74K,0.43%,84.42299999999999,0.0028628447886722697
2023-08-31,86.86,86.0,86.94,85.74,11.27K,1.16%,84.69699999999999,0.0032455610437913673
2023-09-01,88.55,86.82,88.99,86.74,380.76K,1.95%,85.072,0.004427547610895477
2023-09-04,89.0,88.95,89.22,88.26,140.67K,0.51%,85.526,0.005336656009027552
2023-09-05,90.04,88.91,91.15,88.06,428.45K,1.17%,86.127,0.00702710286930297
2023-09-06,90.6,90.12,91.1,89.25,282.91K,0.62%,86.86600000000001,0.008580352270484592
2023-09-07,89.92,90.81,90.89,89.46,213.02K,-0.75%,87.522,0.007551861487808731
2023-09-08,90.65,89.79,91.02,89.3,298.14K,0.81%,88.139,0.00704965608646968
2023-09-11,90.64,90.83,91.45,90.11,303.42K,-0.01%,88.761,0.007057034910765925
2023-09-12,92.06,90.62,92.4,90.52,336.57K,1.57%,89.418,0.007401899482881058
2023-09-13,91.88,92.04,92.84,91.63,302.75K,-0.20%,90.02000000000001,0.006732425238766382
2023-09-14,93.7,92.04,94.21,92.02,310.00K,1.98%,90.704,0.007598311486336273
2023-09-15,93.93,94.02,94.63,92.67,316.90K,0.25%,91.242,0.005931381195978247
2023-09-18,94.43,94.28,94.95,93.79,337.78K,0.53%,91.78500000000001,0.005951206681133803
2023-09-19,94.34,94.66,95.96,94.16,403.40K,-0.10%,92.215,0.004684861360788828
2023-09-20,93.53,94.49,94.72,92.76,330.59K,-0.86%,92.508,0.0031773572629181235
2023-09-21,93.3,93.08,94.6,92.2,314.69K,-0.25%,92.846,0.0036537380550871745
2023-09-22,93.27,93.37,94.64,92.8,240.04K,-0.03%,93.108,0.0028218770867889376
2023-09-25,93.29,93.75,94.25,92.54,177.62K,0.02%,93.373,0.002846157150835582
2023-09-26,93.96,93.28,94.21,91.8,169.45K,0.72%,93.563,0.0020348494746875723
2023-09-27,96.55,94.12,97.06,94.1,146.72K,2.76%,94.03,0.004991289291707224
2023-09-28,95.38,96.74,97.69,94.76,91.45K,-1.21%,94.198,0.0017866638306922589
2023-09-29,95.31,95.07,96.26,94.9,12.84K,-0.07%,94.336,0.0014649992568844805
2023-10-02,90.71,92.18,93.33,90.35,423.48K,-4.83%,93.96400000000001,-0.003943351424694597
2023-10-03,90.92,90.4,91.56,89.5,437.64K,0.23%,93.622,-0.003639691796858524
2023-10-04,85.81,91.04,91.21,85.75,525.56K,-5.62%,92.85,-0.008245925103074092
2023-10-05,84.07,85.88,86.52,83.84,510.68K,-2.03%,91.92699999999999,-0.009940764674205682
2023-10-06,84.58,84.49,84.95,83.44,424.46K,0.61%,91.05799999999999,-0.009453153045351215
2023-10-09,88.15,86.45,89.0,86.0,412.76K,4.22%,90.54400000000001,-0.005644753893122911
2023-10-10,87.65,88.17,88.49,86.91,352.11K,-0.57%,89.913,-0.006968987453613851
2023-10-11,85.82,87.72,88.26,85.21,402.31K,-2.09%,88.84,-0.011933758188470978
2023-10-12,86.0,85.53,87.64,85.18,370.44K,0.21%,87.902,-0.01055830706888794
2023-10-13,90.89,86.35,91.0,86.28,424.71K,5.69%,87.46000000000001,-0.005028327000523247
2023-10-16,89.65,90.98,91.39,89.5,283.25K,-1.36%,87.35400000000001,-0.001211982620626495
2023-10-17,89.9,89.91,91.0,88.88,252.83K,0.28%,87.252,-0.0011676626141907676
2023-10-18,91.5,91.25,93.0,90.6,348.19K,1.78%,87.821,0.006521340485031946
2023-10-19,92.38,91.35,93.48,89.57,309.00K,0.96%,88.652,0.009462429259516458
2023-10-20,92.16,93.23,93.79,91.66,272.72K,-0.24%,89.41,0.008550286513558492
2023-10-23,89.83,92.11,92.45,89.62,282.44K,-2.53%,89.578,0.001878984453640653
2023-10-24,88.07,90.47,90.68,87.35,304.12K,-1.96%,89.62,0.00046886512313282225
2023-10-25,90.13,88.04,90.35,86.68,290.91K,2.34%,90.051,0.004809194376255377
2023-10-26,87.93,89.92,90.4,87.53,198.64K,-2.44%,90.244,0.002143229947474179
2023-10-27,90.48,88.4,90.75,87.83,109.14K,2.90%,90.203,-0.00045432383316335034
2023-10-30,87.45,90.07,90.15,87.2,99.04K,-3.35%,89.98299999999999,-0.0024389432723967985
2023-10-31,87.41,87.9,88.61,87.4,13.68K,-0.05%,89.73400000000001,-0.0027671893579895857
2023-11-01,84.63,85.45,87.24,84.58,321.66K,-3.18%,89.047,-0.007655960951256091
2023-11-02,86.85,85.0,87.05,84.64,301.87K,2.62%,88.494,-0.006210203600345854
2023-11-03,84.89,86.92,87.8,84.56,354.85K,-2.26%,87.76700000000001,-0.008215246231382811
2023-11-06,85.18,85.55,86.46,84.88,239.23K,0.34%,87.30199999999999,-0.005298118882951619
2023-11-07,81.61,85.15,85.19,81.4,402.76K,-4.19%,86.656,-0.007399601383702437
2023-11-08,79.54,81.4,81.96,79.2,420.70K,-2.54%,85.59700000000001,-0.012220734859675009
2023-11-09,80.01,79.7,81.48,79.44,306.11K,0.59%,84.80499999999999,-0.009252660724091033
2023-11-10,81.43,79.85,82.06,79.79,249.55K,1.77%,83.9,-0.01067154059312525
2023-11-13,82.52,81.43,82.84,80.41,243.30K,1.34%,83.407,-0.005876042908224188
2023-11-14,82.47,82.71,83.97,82.06,248.94K,-0.06%,82.913,-0.005922764276379722
2023-11-15,81.18,82.39,83.04,80.79,299.42K,-1.56%,82.568,-0.004160988023590995
2023-11-16,77.42,80.98,81.17,76.6,441.64K,-4.63%,81.625,-0.011420889448696792
2023-11-17,80.61,77.55,80.81,77.28,340.03K,4.12%,81.197,-0.005243491577335391
2023-11-20,82.32,80.3,82.94,79.58,248.33K,2.12%,80.911,-0.0035222976218333146
2023-11-21,82.45,82.13,82.54,81.43,238.51K,0.16%,80.995,0.0010381777508621237
2023-11-22,81.96,82.47,82.65,78.41,367.18K,-0.59%,81.237,0.0029878387554787
2023-11-23,81.42,81.6,81.63,80.19,108.32K,-0.66%,81.378,0.001735662321356024
2023-11-24,80.58,81.4,82.2,80.13,114.14K,-1.03%,81.29299999999999,-0.0010445083437785607
2023-11-27,79.98,80.4,81.17,79.13,157.36K,-0.74%,81.039,-0.003124500264475305
2023-11-28,81.68,80.19,82.16,79.8,112.50K,2.13%,80.96000000000001,-0.0009748392749169277
2023-11-29,83.1,81.91,83.25,80.96,98.24K,1.74%,81.152,0.002371541501976271
2023-11-30,82.83,82.78,84.75,82.58,15.08K,-0.32%,81.693,0.006666502365930471
2023-12-01,78.88,80.67,81.54,78.75,350.25K,-4.77%,81.52,-0.002117684501732109
2023-12-04,78.03,79.5,79.72,77.52,388.38K,-1.08%,81.091,-0.005262512266928421
2023-12-05,77.2,78.1,79.09,77.0,352.89K,-1.06%,80.566,-0.006474207988555913
2023-12-06,74.3,77.12,77.65,74.11,385.40K,-3.76%,79.8,-0.009507732790507206
2023-12-07,74.05,74.5,75.48,73.6,297.94K,-0.34%,79.063,-0.009235588972431041
2023-12-08,75.84,74.59,76.36,74.2,228.45K,2.42%,78.58900000000001,-0.005995219002567387
2023-12-11,76.03,75.73,76.5,75.01,212.76K,0.25%,78.194,-0.005026148697655053
2023-12-12,73.24,76.17,76.66,72.86,310.09K,-3.67%,77.35,-0.010793667033276333
2023-12-13,74.26,73.26,74.7,72.29,260.18K,1.39%,76.46600000000001,-0.011428571428571233
2023-12-14,76.61,74.76,77.35,74.44,257.52K,3.16%,75.84400000000001,-0.008134334213898975
2023-12-15,76.55,76.66,77.23,75.29,223.09K,-0.08%,75.611,-0.0030720953536206297
2023-12-18,77.95,76.8,79.51,75.76,279.47K,1.83%,75.60300000000001,-0.00010580471095467114
2023-12-19,79.23,78.06,79.67,77.41,214.68K,1.64%,75.806,0.00268507863444567
2023-12-20,79.7,79.17,80.6,79.07,241.81K,0.59%,76.346,0.007123446692874014
2023-12-21,79.39,79.0,80.13,77.81,193.32K,-0.39%,76.88,0.006994472532942053
2023-12-22,79.07,79.35,80.37,78.88,119.19K,-0.40%,77.203,0.004201352757544408
2023-12-26,81.07,79.04,81.72,78.76,59.74K,2.53%,77.707,0.006528243721098725
2023-12-27,79.65,80.79,81.33,79.29,70.39K,-1.75%,78.348,0.00824893510237179
2023-12-28,78.39,79.8,79.95,78.25,18.78K,-1.58%,78.761,0.005271353448715876
2023-12-29,77.04,77.38,77.98,76.73,192.95K,-1.72%,78.804,0.0005459554855831161
2024-01-02,75.89,77.39,79.06,75.6,338.35K,-1.49%,78.738,-0.0008375209380234727
2024-01-03,78.25,76.06,78.67,74.79,361.77K,3.11%,78.768,0.00038101043968596926
2024-01-04,77.59,78.56,79.41,76.5,356.65K,-0.84%,78.60400000000001,-0.0020820637822464017
2024-01-05,78.76,77.71,79.26,77.66,291.00K,1.51%,78.51,-0.0011958678947637802
2024-01-08,76.12,78.7,78.95,75.26,342.63K,-3.35%,78.183,-0.004165074512800904
2024-01-09,77.59,76.3,78.19,75.95,346.79K,1.93%,78.035,-0.0018929946407788556
2024-01-10,76.8,77.48,78.73,76.38,353.70K,-1.02%,77.608,-0.005471903632985109
2024-01-11,77.41,76.7,79.1,76.66,396.77K,0.79%,77.384,-0.0028863003814040278
2024-01-12,78.29,78.75,80.75,77.96,401.34K,1.14%,77.374,-0.00012922567972717403
2024-01-15,78.15,78.14,78.9,76.85,177.69K,-0.18%,77.485,0.0014345904308941115
2024-01-16,78.29,78.43,79.4,77.6,298.55K,0.18%,77.725,0.003097373685229332
2024-01-17,77.88,77.77,78.19,76.5,355.40K,-0.52%,77.688,-0.00047603731103240676
2024-01-18,79.1,78.15,79.3,77.33,325.29K,1.57%,77.839,0.0019436721243950572
2024-01-19,78.56,79.1,79.73,78.32,282.31K,-0.68%,77.819,-0.0002569406081783798
2024-01-22,80.06,78.89,80.55,77.81,319.71K,1.91%,78.213,0.005063030879348229
2024-01-23,79.55,79.92,80.43,78.7,331.10K,-0.64%,78.40899999999999,0.0025059772672062497
2024-01-24,80.04,79.56,80.73,79.05,230.75K,0.62%,78.733,0.00413217870397542
2024-01-25,82.43,80.31,82.57,80.06,248.18K,2.99%,79.235,0.006375979576543456
2024-01-26,83.55,82.44,83.81,81.31,240.25K,1.36%,79.761,0.0066384804694894495
2024-01-29,82.4,84.13,84.8,82.03,129.91K,-1.38%,80.186,0.005328418650719202
2024-01-30,82.87,82.62,83.3,81.34,89.31K,0.57%,80.644,0.005711720250417773
2024-01-31,81.71,82.94,82.94,81.59,14.38K,-1.40%,81.02700000000002,0.004749268389464989
2024-02-01,78.7,80.57,81.55,78.57,525.77K,-3.68%,80.987,-0.0004936626062920224
2024-02-02,77.33,79.15,79.44,76.85,411.75K,-1.74%,80.864,-0.0015187622704877501
2024-02-05,77.99,77.9,78.33,76.62,293.37K,0.85%,80.65700000000001,-0.002559853581321603
2024-02-06,78.59,77.95,79.08,77.63,305.61K,0.77%,80.56099999999999,-0.0011902252749298459
2024-02-07,79.21,78.7,79.5,78.49,291.68K,0.79%,80.478,-0.0010302751951937195
2024-02-08,81.63,79.3,81.9,79.03,436.50K,3.06%,80.398,-0.0009940604885807502
2024-02-09,82.19,81.72,82.45,81.21,315.32K,0.69%,80.262,-0.0016915843677702824
2024-02-12,82.0,81.94,82.19,80.77,246.24K,-0.23%,80.22200000000001,-0.0004983678453065465
2024-02-13,82.77,82.0,83.24,81.96,331.80K,0.94%,80.212,-0.00012465408491446617
2024-02-14,81.6,82.6,83.6,81.39,344.36K,-1.41%,80.201,-0.0001371365880418196
2024-02-15,82.86,81.42,83.25,80.72,330.45K,1.54%,80.61699999999999,0.005186967743544324
2024-02-16,83.47,82.79,83.66,81.89,337.06K,0.74%,81.231,0.007616259597851727
2024-02-19,83.56,83.28,83.6,82.55,185.06K,0.11%,81.788,0.006856988095677696
2024-02-20,82.34,83.24,83.63,82.05,297.03K,-1.46%,82.16299999999998,0.004585024697999485
2024-02-21,83.03,82.5,83.17,81.66,305.18K,0.84%,82.545,0.004649294694692552
2024-02-22,83.67,83.2,83.96,82.33,275.28K,0.77%,82.749,0.0024713792476829255
2024-02-23,81.62,83.39,83.48,81.43,226.40K,-2.45%,82.692,-0.0006888300764964495
2024-02-26,82.53,81.41,83.07,81.0,180.34K,1.11%,82.74499999999999,0.0006409326174237062
2024-02-27,83.65,82.64,83.7,82.1,79.81K,1.36%,82.833,0.0010635083690857527
2024-02-28,83.68,83.3,84.31,82.6,107.85K,0.04%,83.04100000000001,0.0025110765033260485
2024-02-29,83.62,83.23,83.9,83.05,16.34K,-0.07%,83.117,0.0009152105586396342
2024-03-01,83.55,82.07,84.34,81.81,402.47K,-0.08%,83.125,9.624986464862317e-05
2024-03-04,82.8,83.5,84.08,82.57,369.83K,-0.90%,83.049,-0.0009142857142856453
2024-03-05,82.04,82.74,83.14,81.72,450.40K,-0.92%,83.019,-0.0003612325253765647
2024-03-06,82.96,82.01,84.05,81.85,372.05K,1.12%,83.012,-8.431804767594642e-05
2024-03-07,82.96,82.92,83.53,82.07,374.57K,0.00%,82.941,-0.0008552980292005907
2024-03-08,82.08,83.18,83.84,81.71,320.30K,-1.06%,82.987,0.0005546111091014883
2024-03-11,82.21,82.0,82.75,81.08,347.33K,0.16%,82.95500000000001,-0.00038560256425679285
2024-03-12,81.92,82.45,83.01,81.69,320.25K,-0.35%,82.78200000000001,-0.0020854680248327817
2024-03-13,84.03,82.45,84.24,81.96,391.69K,2.58%,82.817,0.00042279722644988915
2024-03-14,85.42,84.04,85.69,83.98,383.73K,1.65%,82.997,0.002173466800294621
2024-03-15,85.34,85.15,85.55,84.6,287.01K,-0.09%,83.176,0.002156704459197245
2024-03-18,86.89,85.32,87.18,85.25,390.07K,1.82%,83.585,0.004917283831874508
2024-03-19,87.38,86.94,87.7,86.48,367.42K,0.56%,84.119,0.006388706107555153
2024-03-20,85.95,87.15,87.35,85.59,386.30K,-1.64%,84.41799999999999,0.003554488284454038
2024-03-21,85.78,86.24,86.64,85.06,271.87K,-0.20%,84.7,0.003340519794356789
2024-03-22,85.43,85.66,86.15,85.11,168.35K,-0.41%,85.035,0.003955135773317409
2024-03-25,86.75,85.5,87.17,85.4,175.00K,1.55%,85.489,0.0053389780678545495
2024-03-26,86.25,86.81,87.06,85.8,126.82K,-0.58%,85.922,0.005064979120120716
2024-03-27,86.09,85.86,86.39,85.17,96.51K,-0.19%,86.12800000000001,0.0023975233351181124
2024-03-28,87.48,86.41,87.52,86.3,18.69K,1.61%,86.33399999999999,0.0023917889652607105
2024-04-01,87.42,86.98,87.98,86.4,274.96K,-0.07%,86.542,0.002409247805036374
2024-04-02,88.92,87.62,89.32,87.62,427.94K,1.72%,86.74499999999999,0.002345681865452587
2024-04-03,89.35,89.22,89.99,88.67,367.37K,0.48%,86.942,0.0022710242665282543
2024-04-04,90.65,89.48,91.3,88.72,390.95K,1.45%,87.412,0.00540590278576536
2024-04-05,91.17,91.21,91.91,90.57,390.78K,0.57%,87.95100000000001,0.006166201436873742
2024-04-08,90.38,90.09,91.1,88.78,392.34K,-0.87%,88.446,0.00562813384725569
2024-04-09,89.42,90.63,90.94,89.25,346.43K,-1.06%,88.713,0.0030187911267891554
2024-04-10,90.48,89.55,90.71,88.83,371.23K,1.19%,89.136,0.004768185046160056
2024-04-11,89.74,90.52,90.92,89.38,377.53K,-0.82%,89.501,0.004094866271764586
2024-04-12,90.45,90.13,92.18,90.01,401.22K,0.79%,89.79799999999999,0.0033183986771094798
2024-04-15,90.1,90.95,91.05,88.73,410.36K,-0.39%,90.066,0.0029844762689594795
2024-04-16,90.02,90.43,90.84,89.41,323.52K,-0.09%,90.176,0.0012213265827281106
2024-04-17,87.29,90.11,90.17,87.13,462.93K,-3.03%,89.97,-0.0022844215755855046
2024-04-18,87.11,87.42,87.8,86.09,433.24K,-0.21%,89.61600000000001,-0.003934644881627092
2024-04-19,87.29,87.04,90.75,86.19,499.71K,0.21%,89.228,-0.004329584002856879
2024-04-22,87.0,87.07,87.26,85.79,372.13K,-0.33%,88.89,-0.0037880485946114595
2024-04-23,88.42,87.2,88.51,86.03,341.78K,1.63%,88.78999999999999,-0.0011249859376758486
2024-04-24,88.02,88.45,88.86,87.65,241.64K,-0.45%,88.544,-0.002770582272778377
2024-04-25,89.01,87.89,89.31,87.31,241.35K,1.12%,88.471,-0.0008244488615828383
2024-04-26,89.5,89.23,89.83,88.78,113.70K,0.55%,88.376,-0.001073798193758413
2024-04-29,88.4,89.22,89.29,88.11,99.95K,-1.23%,88.206,-0.001923599167194756
2024-04-30,87.86,88.41,88.79,87.46,14.19K,-0.61%,87.99000000000001,-0.002448813005917927
2024-05-01,83.44,85.8,85.89,83.29,482.83K,-5.03%,87.60499999999999,-0.004375497215592938
2024-05-02,83.67,83.59,84.44,83.05,392.64K,0.28%,87.26100000000001,-0.003926716511614359
2024-05-03,82.96,83.9,84.39,82.78,335.57K,-0.85%,86.828,-0.004962125118896266
2024-05-06,83.33,82.99,83.83,82.77,222.39K,0.45%,86.461,-0.004226747132261566
2024-05-07,83.16,83.72,83.88,82.41,365.21K,-0.20%,85.935,-0.006083667780849122
2024-05-08,83.58,83.02,83.82,81.71,395.43K,0.51%,85.49100000000001,-0.00516669575842188
2024-05-09,83.88,83.79,84.33,83.45,309.45K,0.36%,84.97800000000001,-0.006000631645436405
2024-05-10,82.79,84.21,84.53,82.7,311.45K,-1.30%,84.30699999999999,-0.007896161359410958
2024-05-13,83.36,82.78,83.84,82.26,331.78K,0.69%,83.803,-0.0059781512804392145
2024-05-14,82.38,83.41,83.62,82.1,333.57K,-1.18%,83.255,-0.006539145376657229
2024-05-15,82.75,82.76,83.07,81.05,385.98K,0.45%,83.186,-0.0008287790523090477
2024-05-16,83.27,83.03,83.78,82.31,305.71K,0.63%,83.146,-0.000480850143052991
2024-05-17,83.98,83.43,84.04,83.08,277.18K,0.85%,83.248,0.0012267577514253336
2024-05-20,83.71,83.98,84.49,83.11,299.83K,-0.32%,83.28599999999999,0.00045646742264060514
2024-05-21,82.88,83.75,83.76,82.04,388.56K,-0.99%,83.258,-0.0003361909564632004
2024-05-22,81.9,82.58,82.63,81.57,347.60K,-1.18%,83.09,-0.0020178241129980012
2024-05-23,81.36,81.59,82.97,80.93,322.41K,-0.66%,82.838,-0.0030328559393429932
2024-05-24,82.12,81.4,82.46,80.65,180.64K,0.93%,82.771,-0.0008088075520895632
2024-05-27,83.1,82.2,83.2,82.08,56.71K,1.19%,82.74499999999999,-0.0003141196795980461
2024-05-28,84.22,83.0,84.62,83.0,184.26K,1.35%,82.929,0.0022236993171793618
2024-05-29,83.6,84.61,85.02,83.29,127.27K,-0.74%,83.014,0.001024973169819976
2024-05-30,81.86,83.51,83.77,81.8,105.41K,-2.08%,82.873,-0.0016985086852818743
2024-05-31,81.62,81.74,82.18,81.17,17.29K,-0.29%,82.637,-0.002847730865299991
2024-06-03,78.36,81.15,81.65,78.09,458.86K,-3.99%,82.102,-0.0064740975592046945
2024-06-04,77.52,78.14,78.22,76.76,472.05K,-1.07%,81.566,-0.006528464592823524
2024-06-05,78.41,77.29,78.66,77.18,339.35K,1.15%,81.217,-0.004278743594144707
2024-06-06,79.87,78.7,80.08,78.38,344.98K,1.86%,81.068,-0.0018345912801507325
2024-06-07,79.62,80.05,80.38,79.32,267.07K,-0.31%,80.818,-0.003083830858045089
2024-06-10,81.63,79.38,82.17,79.34,344.71K,2.52%,80.671,-0.0018189017298125831
2024-06-11,81.92,81.97,82.36,81.19,332.53K,0.36%,80.441,-0.0028510865118815953
2024-06-12,82.6,82.08,83.34,81.96,333.39K,0.83%,80.341,-0.0012431471513284498
2024-06-13,82.75,82.42,83.05,81.8,334.00K,0.18%,80.42999999999999,0.001107778095866374
2024-06-14,82.62,82.05,83.39,81.92,336.48K,-0.16%,80.53,0.0012433171702102008
2024-06-17,84.25,82.61,84.55,82.1,359.72K,1.97%,81.119,0.007314044455482449
2024-06-18,85.33,84.31,85.49,83.67,402.24K,1.28%,81.9,0.009627830717834351
2024-06-19,85.07,85.4,85.84,84.9,251.83K,-0.30%,82.566,0.008131868131868059
2024-06-20,85.71,85.19,85.96,84.95,256.46K,0.75%,83.15,0.007073129375287701
2024-06-21,85.24,85.66,86.24,84.84,240.12K,-0.55%,83.712,0.006758869512928367
2024-06-24,86.01,84.99,86.16,84.71,179.76K,0.90%,84.15,0.005232224770642224
2024-06-25,85.01,86.06,86.23,84.74,197.50K,-1.16%,84.459,0.0036720142602495454
2024-06-26,85.25,84.89,85.81,84.47,142.86K,0.28%,84.724,0.0031376170686368
2024-06-27,86.39,85.01,86.5,84.88,119.99K,1.34%,85.088,0.004296303290684866
2024-06-28,86.41,86.56,87.22,86.24,20.94K,0.02%,85.467,0.0044542121098156695
2024-07-01,86.6,84.9,86.88,84.85,401.36K,0.22%,85.702,0.0027495992605333086
2024-07-02,86.24,86.71,87.46,86.16,429.15K,-0.42%,85.79299999999999,0.001061818860703223
2024-07-03,87.34,86.44,87.39,85.89,334.82K,1.28%,86.02000000000001,0.0026459035119417162
2024-07-04,87.43,87.09,87.59,86.51,179.04K,0.10%,86.192,0.0019995349918622285
2024-07-05,86.54,87.45,87.95,86.49,265.30K,-1.02%,86.322,0.0015082606274365862
2024-07-08,85.75,86.74,86.92,85.56,303.58K,-0.91%,86.296,-0.00030119784064308597
2024-07-09,84.66,85.67,85.85,84.53,354.29K,-1.27%,86.261,-0.0004055807916938381
2024-07-10,85.08,84.92,85.66,84.0,401.56K,0.50%,86.244,-0.00019707631490473165
2024-07-11,85.4,85.45,85.89,84.64,336.70K,0.38%,86.14500000000001,-0.0011479059412827786
2024-07-12,85.03,85.69,86.35,84.95,363.93K,-0.43%,86.007,-0.0016019502002437846
2024-07-15,84.85,85.1,85.37,84.42,229.27K,-0.21%,85.83200000000001,-0.002034718104340305
2024-07-16,83.73,84.78,84.86,83.3,327.85K,-1.32%,85.581,-0.002924317270947996
2024-07-17,85.08,83.66,85.2,83.43,325.40K,1.61%,85.35499999999999,-0.0026407730687887376
2024-07-18,85.11,85.23,85.81,84.22,368.32K,0.04%,85.123,-0.002718059867611533
2024-07-19,82.63,84.72,85.35,82.56,362.34K,-2.91%,84.732,-0.004593353147797963
2024-07-22,82.4,82.8,83.22,81.6,341.72K,-0.28%,84.39699999999999,-0.0039536420714725296
2024-07-23,81.01,82.25,82.79,80.51,384.32K,-1.69%,84.032,-0.00432479827482013
2024-07-24,81.71,81.46,82.23,80.93,298.20K,0.86%,83.69500000000001,-0.00401037699923823
2024-07-25,82.37,81.58,82.53,80.09,332.16K,0.81%,83.392,-0.0036202879502958973
2024-07-26,81.13,82.4,82.71,80.33,204.95K,-1.51%,83.002,-0.004676707597851104
2024-07-29,79.78,81.3,81.74,79.36,132.25K,-1.66%,82.49499999999999,-0.006108286547312214
2024-07-30,78.63,79.64,79.99,78.43,87.78K,-1.44%,81.98499999999999,-0.006182192860173408
2024-07-31,80.72,79.02,80.95,79.02,12.09K,2.66%,81.549,-0.005318045984021191
2024-08-01,79.52,81.44,81.8,79.43,364.93K,-1.49%,80.99,-0.00685477443009741
2024-08-02,76.81,79.98,80.46,76.42,501.31K,-3.41%,80.408,-0.00718607235461155
2024-08-05,76.3,77.61,77.74,75.05,557.81K,-0.66%,79.798,-0.007586309819918369
2024-08-06,76.48,77.45,77.85,75.58,393.03K,0.24%,79.345,-0.005676834005864828
2024-08-07,78.33,76.16,78.87,75.95,444.74K,2.42%,79.007,-0.00425987774907044
2024-08-08,79.16,78.55,79.37,77.63,320.08K,1.06%,78.686,-0.004062931132684411
2024-08-09,79.66,79.03,79.83,78.77,213.07K,0.63%,78.539,-0.0018681849376001036
2024-08-12,82.3,79.56,82.4,79.46,328.38K,3.31%,78.79100000000001,0.0032085970027631028
2024-08-13,80.69,81.88,82.3,80.55,356.46K,-1.96%,78.997,0.0026145118097242737
2024-08-14,79.76,81.0,81.44,79.6,359.13K,-1.15%,78.901,-0.0012152360216211022
2024-08-15,81.04,79.96,81.43,79.61,270.93K,1.60%,79.053,0.0019264648103318738
2024-08-16,79.68,80.86,81.02,78.62,320.91K,-1.68%,79.34,0.00363047575677089
2024-08-19,77.66,79.6,79.81,77.48,366.54K,-2.54%,79.476,0.0017141416687673772
2024-08-20,77.2,77.66,78.35,76.55,367.14K,-0.59%,79.548,0.0009059338668278016
2024-08-21,76.05,77.13,78.21,75.65,323.32K,-1.49%,79.32,-0.0028661939960779037
2024-08-22,77.22,75.96,77.7,75.77,277.53K,1.54%,79.126,-0.0024457892082700994
2024-08-23,79.02,77.25,79.27,77.03,216.34K,2.33%,79.062,-0.0008088365391907271
2024-08-26,81.43,79.35,81.58,79.24,234.38K,3.05%,78.975,-0.001100402215982399
2024-08-27,79.55,81.26,81.59,79.47,238.22K,-2.31%,78.861,-0.001443494776828036
2024-08-28,78.65,79.87,80.01,77.95,121.16K,-1.13%,78.75,-0.0014075398485944302
2024-08-29,79.94,78.52,80.78,78.12,97.64K,1.64%,78.64000000000001,-0.0013968253968251743
2024-08-30,78.8,79.92,80.6,78.57,17.11K,-1.43%,78.55199999999999,-0.0011190233977622643
2024-09-02,77.52,76.95,77.63,76.21,181.37K,-1.62%,78.538,-0.00017822588858329436
2024-09-03,73.75,77.16,77.55,73.51,568.05K,-4.86%,78.193,-0.0043927780182840825
2024-09-04,72.7,73.67,74.8,72.35,523.50K,-1.42%,77.858,-0.004284270970547177
2024-09-05,72.69,72.76,74.2,72.37,394.47K,-0.01%,77.405,-0.00581828456934419
2024-09-06,71.06,72.81,73.53,70.61,374.05K,-2.24%,76.60900000000001,-0.010283573412570135
2024-09-09,71.84,71.66,72.21,70.65,314.52K,1.10%,75.65,-0.012518111449046465
2024-09-10,69.19,71.92,72.28,68.68,395.71K,-3.69%,74.614,-0.01369464639788498
2024-09-11,70.61,69.68,71.09,69.0,354.35K,2.05%,73.81,-0.010775457688905643
2024-09-12,71.97,70.6,72.87,70.59,361.87K,1.93%,73.013,-0.01079799485164612
2024-09-13,71.61,72.3,73.24,71.46,260.64K,-0.50%,72.29400000000001,-0.00984756139317644
2024-09-16,72.75,72.09,73.39,71.52,232.18K,1.59%,71.81700000000001,-0.006598057930118695
2024-09-17,73.7,72.91,74.28,72.17,274.59K,1.31%,71.812,-6.96213988332639e-05
2024-09-18,73.65,73.69,74.1,72.31,290.81K,-0.07%,71.907,0.0013228986798863307
2024-09-19,74.88,73.13,75.18,72.91,299.01K,1.67%,72.126,0.0030456005673997755
2024-09-20,74.49,74.77,75.0,74.0,221.09K,-0.52%,72.469,0.004755566647256071
2024-09-23,73.9,74.71,75.17,73.1,273.95K,-0.79%,72.675,0.0028425947646579797
2024-09-24,75.17,74.13,75.87,73.95,238.47K,1.72%,73.273,0.008228414172686715
2024-09-25,73.46,75.18,75.35,73.06,283.66K,-2.27%,73.558,0.0038895636864877403
2024-09-26,71.6,73.4,73.8,70.72,162.22K,-2.53%,73.52099999999999,-0.0005030044318771187
2024-09-27,71.98,71.42,72.45,70.91,99.35K,0.53%,73.55799999999999,0.000503257572666449
2024-09-30,71.77,72.5,73.17,71.26,19.52K,-0.29%,73.46,-0.0013322820087550147
2024-10-01,73.56,71.85,75.45,69.91,869.15K,2.49%,73.446,-0.00019057990743254205
2024-10-02,73.9,74.47,76.14,73.59,541.74K,0.46%,73.47099999999999,0.0003403861340303127
2024-10-03,77.62,74.59,77.99,74.31,643.31K,5.03%,73.74499999999999,0.0037293626056540408
2024-10-04,78.05,77.79,79.3,77.39,562.05K,0.55%,74.101,0.004827445928537566
2024-10-07,80.93,78.07,81.16,77.23,496.80K,3.69%,74.804,0.009487051456795514
2024-10-08,77.18,80.96,81.14,76.36,646.38K,-4.63%,75.005,0.0026870220843804304
2024-10-09,76.58,77.49,78.02,75.15,497.00K,-0.78%,75.317,0.004159722685154188
2024-10-10,79.4,76.76,79.72,76.72,400.89K,3.68%,76.09700000000001,0.010356227677682517
2024-10-11,79.04,79.14,79.5,78.04,365.34K,-0.45%,76.80300000000001,0.009277632495367838
2024-10-14,77.46,78.55,78.55,74.86,343.07K,-2.00%,77.372,0.007408564769605164
2024-10-15,74.25,75.22,75.57,73.34,491.23K,-4.14%,77.441,0.0008917954815697016
2024-10-16,74.22,74.71,74.93,73.42,323.37K,-0.04%,77.473,0.00041321780452219237
2024-10-17,74.45,74.47,74.92,73.26,298.43K,0.31%,77.156,-0.004091748092883929
2024-10-18,73.06,74.59,74.95,72.5,320.78K,-1.87%,76.657,-0.006467416662346515
2024-10-21,74.29,73.11,74.57,72.8,279.25K,1.68%,75.99300000000001,-0.008661961725608736
2024-10-22,76.04,74.23,76.32,73.57,353.15K,2.36%,75.87899999999999,-0.0015001381706212236
2024-10-23,74.96,75.73,76.05,74.42,288.44K,-1.42%,75.71700000000001,-0.0021349780571696675
2024-10-24,74.38,75.35,76.54,74.0,272.67K,-0.77%,75.215,-0.006629951001756673
2024-10-25,76.05,74.66,76.14,74.17,209.78K,2.25%,74.916,-0.003975270890115068
2024-10-28,71.42,72.77,73.28,71.18,317.18K,-6.09%,74.312,-0.008062363180095011
2024-10-29,71.12,72.0,72.6,70.72,108.89K,-0.42%,73.999,-0.004211971148670557
2024-10-30,72.55,71.39,73.12,71.08,90.92K,2.01%,73.83200000000001,-0.0022567872538816758
2024-10-31,73.16,72.85,73.38,72.2,14.27K,0.84%,73.703,-0.0017472098818941406
2024-11-01,73.1,74.11,74.94,72.89,336.96K,-0.08%,73.70700000000001,5.427187495765651e-05
2024-11-04,75.08,74.0,75.4,73.88,299.39K,2.71%,73.78599999999999,0.001071811361200048
2024-11-05,75.53,75.0,76.24,74.9,296.48K,0.60%,73.735,-0.0006911880302494788
2024-11-06,74.92,75.3,75.98,73.34,467.56K,-0.81%,73.731,-5.424832169265148e-05
2024-11-07,75.63,74.99,76.08,74.02,397.04K,0.95%,73.856,0.0016953520228939478
2024-11-08,73.87,75.55,75.61,73.44,324.16K,-2.33%,73.638,-0.0029516897746965087
2024-11-11,71.83,73.85,74.13,71.57,366.90K,-2.76%,73.679,0.0005567777506179095
2024-11-12,71.89,71.97,72.82,71.55,317.34K,0.08%,73.756,0.0010450739016545363
2024-11-13,72.28,71.78,72.63,70.72,388.33K,0.54%,73.729,-0.0003660719127935863
2024-11-14,72.56,72.12,73.22,71.79,264.41K,0.39%,73.66900000000001,-0.0008137910455856545
2024-11-15,71.04,72.28,72.49,70.83,307.47K,-2.09%,73.463,-0.002796291520178351
2024-11-18,73.3,70.8,73.47,70.7,333.85K,3.18%,73.285,-0.0024229884431618
2024-11-19,73.31,73.15,73.87,72.61,354.13K,0.01%,73.063,-0.003029269291123571
2024-11-20,72.81,73.38,73.94,72.7,260.51K,-0.68%,72.852,-0.0028879186455524897
2024-11-21,74.23,73.1,74.4,72.91,307.87K,1.95%,72.712,-0.0019217042771646486
2024-11-22,75.17,74.29,75.41,73.43,298.30K,1.27%,72.84200000000001,0.0017878754538454
2024-11-25,73.01,75.38,75.38,72.84,282.16K,-2.87%,72.96000000000001,0.0016199445374920352
2024-11-26,72.81,72.85,74.36,72.09,200.70K,-0.27%,73.05199999999999,0.00126096491228056
2024-11-27,72.83,72.88,73.37,72.27,106.53K,0.03%,73.107,0.000752888353501735
2024-11-28,73.28,72.87,73.49,72.38,49.82K,0.62%,73.179,0.0009848578111535389
2024-11-29,72.94,73.11,73.47,72.56,23.33K,-0.46%,73.369,0.00259637327648643
2024-12-02,71.83,72.0,72.89,71.52,289.49K,-1.52%,73.22200000000001,-0.0020035709904726584
2024-12-03,73.62,71.93,73.93,71.68,365.42K,2.49%,73.253,0.00042337002540215884
2024-12-04,72.31,73.62,74.28,72.25,340.35K,-1.78%,73.203,-0.0006825659017377639
2024-12-05,72.09,72.52,72.92,71.8,318.76K,-0.30%,72.989,-0.002923377457208054
2024-12-06,71.12,72.12,72.19,70.85,290.06K,-1.35%,72.584,-0.0055487813232131256
2024-12-09,72.14,70.92,72.65,70.92,231.21K,1.43%,72.497,-0.0011986112641905189
2024-12-10,72.19,71.94,72.72,71.53,265.90K,0.07%,72.435,-0.0008552078017021181
2024-12-11,73.52,72.15,73.75,72.15,308.96K,1.84%,72.50399999999999,0.0009525781735346683
2024-12-12,73.41,73.6,74.0,72.42,324.25K,-0.15%,72.517,0.00017930045238889747
2024-12-13,74.49,73.33,74.59,73.3,246.40K,1.47%,72.672,0.0021374298440366424
2024-12-16,73.91,74.6,74.6,73.7,234.42K,-0.78%,72.88,0.002862175253192323
2024-12-17,73.19,73.91,74.18,72.48,270.25K,-0.97%,72.837,-0.0005900109769483297
2024-12-18,73.39,73.26,74.2,72.8,285.30K,0.27%,72.945,0.0014827628815023974
2024-12-19,72.88,72.91,73.86,72.53,302.55K,-0.69%,73.024,0.0010830077455619147
2024-12-20,72.94,72.57,73.29,72.0,240.71K,0.08%,73.206,0.0024923312883435855
2024-12-23,72.63,72.86,73.38,71.98,184.07K,-0.43%,73.25500000000001,0.0006693440428380271
2024-12-24,73.58,72.96,73.81,72.79,93.49K,1.31%,73.39399999999999,0.0018974814005867646
2024-12-26,73.26,73.77,74.17,72.99,54.05K,-0.43%,73.368,-0.0003542523912035689
2024-12-27,74.17,73.16,74.29,73.05,82.60K,1.24%,73.444,0.0010358739504963133
2024-12-30,74.39,73.81,74.63,73.8,23.42K,0.30%,73.434,-0.0001361581613202878
2024-12-31,74.64,74.25,74.89,73.84,190.98K,0.34%,73.507,0.0009940899310947326
2025-01-02,75.93,74.93,76.55,74.72,365.43K,1.73%,73.78099999999999,0.0037275361530193507
2025-01-03,76.51,75.98,76.73,75.53,314.61K,0.76%,74.093,0.0042287309740991486
2025-01-06,76.3,76.58,77.5,75.94,372.57K,-0.27%,74.435,0.004615820657821956
2025-01-07,77.05,76.18,77.3,75.91,368.63K,0.98%,74.84599999999999,0.005521596023375874
2025-01-08,76.16,77.3,77.89,76.04,442.51K,-1.16%,75.199,0.004716350907196132
2025-01-09,76.92,76.18,77.27,75.68,302.92K,1.00%,75.533,0.00444154842484612
2025-01-10,79.76,77.26,80.75,77.03,762.62K,3.69%,76.183,0.008605510174360953
2025-01-13,81.01,79.76,81.68,79.76,610.62K,1.57%,76.86699999999999,0.008978381003635683
2025-01-14,79.92,80.92,81.15,79.87,445.38K,-1.35%,77.42,0.007194244604316724
2025-01-15,82.03,80.29,82.63,79.62,484.58K,2.64%,78.159,0.009545337122190745
2025-01-16,81.29,82.42,82.57,80.39,453.67K,-0.90%,78.69500000000001,0.006857815478703788
2025-01-17,80.79,81.44,81.93,80.5,309.20K,-0.62%,79.123,0.005438719105406831
2025-01-20,79.1,79.72,79.99,78.43,276.32K,-2.09%,79.40299999999999,0.0035387940295488196
2025-01-21,78.4,78.78,79.37,77.66,382.47K,-0.88%,79.53800000000001,0.0017001876503408564
2025-01-22,78.15,78.47,78.91,77.95,347.64K,-0.32%,79.737,0.002501948754054517
2025-01-23,77.56,78.01,78.8,77.12,379.04K,-0.75%,79.801,0.0008026386746429193
2025-01-24,77.55,77.17,78.08,76.92,380.75K,-0.01%,79.58000000000001,-0.002769388854776178
2025-01-27,77.08,78.34,79.0,76.3,247.12K,-0.61%,79.187,-0.004938426740387247
2025-01-28,77.49,77.01,78.18,76.85,215.56K,0.53%,78.94399999999999,-0.003068685516562142
2025-01-29,76.58,77.62,77.7,76.31,104.85K,-1.17%,78.399,-0.006903627888123043
2025-01-30,76.87,76.77,77.63,76.0,84.79K,0.38%,77.95700000000001,-0.005637827013099561
2025-01-31,76.76,77.25,77.51,76.48,17.83K,-0.14%,77.554,-0.0051695165283426325
2025-02-03,75.96,76.79,77.34,75.04,548.33K,-1.04%,77.24000000000001,-0.004048791809577734
2025-02-04,76.2,75.4,76.66,74.15,576.12K,0.32%,77.02,-0.002848265147592066
2025-02-05,74.61,76.21,76.34,74.56,343.53K,-2.09%,76.666,-0.004596208776941002
2025-02-06,74.29,74.71,75.4,74.1,378.11K,-0.43%,76.33900000000001,-0.004265254480473546
2025-02-07,74.66,74.31,75.12,74.26,290.58K,0.50%,76.05,-0.003785745163022991
2025-02-10,75.87,74.59,76.23,74.51,271.70K,1.62%,75.929,-0.001591058514135324
2025-02-11,77.0,75.94,77.29,75.9,349.47K,1.49%,75.88000000000001,-0.0006453397252695892
2025-02-12,75.18,76.82,76.91,74.92,371.41K,-2.36%,75.74,-0.001845018450184699
2025-02-13,75.02,74.97,75.37,74.06,331.42K,-0.21%,75.55499999999999,-0.002442566675468716
2025-02-14,74.74,75.0,75.85,74.53,302.06K,-0.37%,75.353,-0.0026735490702137765
2025-02-17,74.93,74.36,75.07,73.91,189.58K,0.25%,75.25,-0.0013668997916472803
2025-02-18,75.43,74.95,75.67,74.59,285.65K,0.67%,75.173,-0.0010232558139534609
2025-02-19,75.67,75.44,76.4,75.38,250.06K,0.32%,75.27900000000001,0.001410080747076936
2025-02-20,76.05,75.68,76.71,75.36,309.86K,0.50%,75.455,0.0023379694204226364
2025-02-21,74.05,76.21,76.32,73.8,325.12K,-2.63%,75.39399999999999,-0.0008084288648864124
2025-02-24,74.31,73.76,74.5,73.71,263.74K,0.35%,75.238,-0.002069130169509381
2025-02-25,73.02,74.74,75.26,72.7,188.29K,-1.74%,74.84,-0.005289880113772294
2025-02-26,72.53,73.16,73.34,72.39,126.28K,-0.67%,74.575,-0.0035408872260823676
2025-02-27,74.04,72.7,74.26,72.49,78.87K,2.08%,74.477,-0.0013141133087495316
2025-02-28,73.18,73.72,73.84,72.97,16.15K,-1.16%,74.321,-0.0020946063885495247
2025-03-03,71.62,73.04,73.67,71.17,413.71K,-2.13%,73.99,-0.004453653745240316
2025-03-04,71.04,71.3,71.36,69.75,505.15K,-0.81%,73.551,-0.0059332342208405775
2025-03-05,69.3,71.02,71.18,68.33,473.00K,-2.45%,72.914,-0.008660657231036928
2025-03-06,69.46,69.43,69.9,68.74,409.42K,0.23%,72.255,-0.009038044819924873
2025-03-07,70.36,69.43,71.4,69.3,395.50K,1.30%,71.886,-0.005106913016400205
2025-03-10,69.28,70.49,70.88,69.05,275.18K,-1.53%,71.38300000000001,-0.006997189995270103
2025-03-11,69.56,69.05,70.44,68.63,282.86K,0.40%,71.037,-0.004847092444979939
2025-03-12,70.95,69.95,71.1,69.48,273.31K,2.00%,70.879,-0.0022241930261694964
2025-03-13,69.88,70.95,71.25,69.66,331.69K,-1.51%,70.463,-0.005869157296237382
2025-03-14,70.58,70.16,70.75,69.93,238.55K,1.00%,70.203,-0.0036898797950696283
2025-03-17,70.6,70.18,71.27,70.17,224.67K,0.03%,70.101,-0.0014529293619931494
2025-03-18,70.12,70.44,71.68,69.85,315.81K,-0.68%,70.009,-0.0013123921199411637
2025-03-19,70.32,70.05,70.77,69.51,253.48K,0.29%,70.111,0.0014569555342884843
2025-03-20,71.47,70.49,71.76,70.1,364.36K,1.64%,70.312,0.002866882514869218
2025-03-21,71.61,71.8,71.97,71.01,303.43K,0.20%,70.437,0.0017777904198430505
2025-03-24,72.37,71.7,72.57,71.26,329.03K,1.06%,70.746,0.004386898930959449
2025-03-25,73.02,73.08,73.57,72.5,224.65K,0.90%,71.092,0.004890735871992735
2025-03-26,73.79,73.27,74.17,73.09,185.49K,1.05%,71.376,0.003994823608844955
2025-03-27,74.03,73.9,74.07,73.23,113.71K,0.33%,71.791,0.005814279309571679
2025-03-28,73.63,74.03,74.2,73.22,92.71K,-0.54%,72.096,0.004248443398197743
2025-03-31,74.74,73.76,74.81,73.18,23.45K,1.51%,72.51,0.005742343541944139
2025-04-01,74.49,74.67,75.29,74.33,440.73K,-0.33%,72.947,0.006026754930354317
2025-04-02,74.95,74.52,75.47,73.1,448.93K,0.62%,73.41,0.0063470739029705125
2025-04-03,70.14,72.7,73.4,69.48,751.22K,-6.42%,73.277,-0.001811742269445471
2025-04-04,65.58,70.0,70.11,64.03,987.63K,-6.50%,72.674,-0.008229048678302764
2025-04-07,64.21,64.9,67.43,62.51,881.70K,-2.09%,71.858,-0.011228224674574183
2025-04-08,62.82,64.59,65.21,61.34,667.30K,-2.16%,70.838,-0.014194661693896382
2025-04-09,65.48,61.13,66.02,58.4,931.66K,4.23%,70.00699999999999,-0.011730991840537608
2025-04-10,63.33,65.9,66.08,62.0,489.76K,-3.28%,68.937,-0.015284185867127431
2025-04-11,64.76,63.16,65.08,62.77,411.66K,2.26%,68.05,-0.012866820430247894
2025-04-14,64.88,65.0,65.9,64.02,282.68K,0.19%,67.064,-0.014489346069066933
2025-04-15,64.67,64.96,65.4,64.21,276.51K,-0.32%,66.082,-0.014642729333174231
2025-04-16,65.85,64.82,66.36,63.79,348.37K,1.82%,65.172,-0.013770769649828929
2025-04-17,67.96,66.25,68.14,65.95,301.81K,3.20%,64.954,-0.0033449947830357374
2025-04-21,65.3,66.87,66.87,64.76,156.30K,-3.91%,64.926,-0.00043107429873434633
2025-04-22,66.48,65.8,67.08,65.58,305.54K,1.81%,65.15299999999999,0.0034962880818161235
2025-04-23,65.18,67.01,67.64,64.39,461.72K,-1.96%,65.38900000000001,0.0036222430279497786
2025-04-24,66.55,66.11,67.02,65.8,214.13K,2.10%,65.49600000000001,0.001636360855801433
2025-04-25,66.87,66.57,67.18,65.55,183.22K,0.48%,65.85,0.005404910223524961
2025-04-28,65.86,67.25,67.57,65.25,139.73K,-1.51%,65.96000000000001,0.001670463173880199
2025-04-29,64.25,65.79,65.83,63.9,120.75K,-2.44%,65.897,-0.0009551243177683411
2025-04-30,63.12,64.11,64.33,62.99,24.16K,-1.76%,65.742,-0.0023521556368272245
2025-05-01,62.13,61.23,62.4,59.3,449.04K,-1.57%,65.37,-0.005658483161449346
2025-05-02,61.29,61.82,62.72,60.69,373.28K,-1.35%,64.703,-0.010203457243383784
2025-05-05,60.23,59.5,60.82,58.5,321.53K,-1.73%,64.196,-0.007835803594887447
2025-05-06,62.15,60.28,62.8,60.18,385.65K,3.19%,63.763,-0.006744968533865081
2025-05-07,61.12,62.5,63.25,60.83,367.74K,-1.66%,63.357000000000006,-0.006367329015259493
2025-05-08,62.84,61.06,63.38,61.0,350.88K,2.81%,62.986000000000004,-0.005855706551762263
2025-05-09,63.91,63.07,64.27,62.84,326.19K,1.70%,62.69,-0.004699457022195541
2025-05-12,64.96,64.05,66.4,63.88,417.96K,1.64%,62.6,-0.001435635667570545
2025-05-13,66.63,64.93,66.81,64.63,345.46K,2.57%,62.838,0.0038019169329073232
2025-05-14,66.09,66.56,66.59,65.68,302.75K,-0.81%,63.13499999999999,0.004726439415640105
2025-05-15,64.53,65.42,65.42,63.44,446.38K,-2.36%,63.375,0.0038013779995249575
2025-05-16,65.41,64.7,65.54,64.18,315.00K,1.36%,63.787,0.006500986193293867
2025-05-19,64.8,64.73,65.28,63.84,269.75K,-0.93%,64.244,0.007164469249220096
2025-05-20,64.76,64.91,65.27,64.23,277.36K,-0.06%,64.505,0.004062636199489322
2025-05-21,64.38,65.45,65.93,64.03,378.48K,-0.59%,64.83099999999999,0.005053871792884079
2025-05-22,63.92,64.14,64.5,63.07,310.83K,-0.71%,64.939,0.0016658697228177921
2025-05-23,64.21,63.5,64.65,62.8,333.49K,0.45%,64.969,0.00046197200449649145
2025-05-26,64.12,64.42,64.81,63.89,88.47K,-0.14%,64.88499999999999,-0.0012929243177516314
2025-05-27,63.57,64.12,64.49,62.96,342.54K,-0.86%,64.579,-0.004716036063805107
2025-05-28,64.32,63.86,65.05,63.51,336.00K,1.18%,64.402,-0.0027408290620788422
2025-05-29,64.15,65.03,66.13,63.79,120.07K,-0.26%,64.364,-0.0005900437874599707
2025-05-30,63.9,64.11,64.67,63.65,17.26K,-0.39%,64.213,-0.002346031943322502
2025-06-02,64.63,63.2,65.76,63.0,478.84K,1.14%,64.196,-0.00026474389921038455
2025-06-03,65.63,65.16,65.95,64.51,357.85K,1.55%,64.283,0.001355224624587148
2025-06-04,64.86,65.52,65.95,64.27,376.27K,-1.17%,64.331,0.0007466981939237005
2025-06-05,65.34,64.77,65.85,64.6,260.73K,0.74%,64.473,0.002207333944754364
2025-06-06,66.47,65.26,66.67,64.8,335.32K,1.73%,64.699,0.00350534332201069
2025-06-09,67.04,66.59,67.19,66.07,281.13K,0.86%,64.99100000000001,0.004513207313869172
2025-06-10,66.87,67.12,68.0,66.48,343.94K,-0.25%,65.321,0.0050776261328489
2025-06-11,69.77,66.6,70.83,66.47,511.83K,4.34%,65.86600000000001,0.008343411766507103
2025-06-12,69.36,70.23,70.4,68.36,507.90K,-0.59%,66.387,0.007909999089059427
2025-06-13,74.23,70.5,78.5,70.41,1.24M,7.02%,67.42,0.015560275355114728
2025-06-16,71.99,76.0,76.45,69.43,527.11K,-3.02%,68.15599999999999,0.01091664194600983
2025-06-17,74.9,72.5,75.53,71.46,514.73K,4.04%,69.083,0.013601150302247955
2025-06-18,75.14,75.18,75.74,73.0,536.52K,0.32%,70.111,0.014880650811343044
2025-06-19,77.08,74.95,77.18,74.17,359.43K,2.58%,71.285,0.016744875982370733
2025-06-20,75.48,75.73,76.01,74.0,390.10K,-2.08%,72.186,0.012639405204461163
2025-06-23,70.52,78.9,79.4,68.64,789.17K,-6.57%,72.53399999999999,0.0048208793948962825
2025-06-24,67.14,68.37,70.2,66.82,453.90K,-4.79%,72.561,0.0003722392257425877
2025-06-25,67.68,67.88,68.78,67.32,214.00K,0.80%,72.352,-0.0028803351662739507
2025-06-26,67.73,67.77,69.05,67.38,111.54K,0.07%,72.189,-0.0022528748341443805
2025-06-27,67.77,67.91,68.42,67.2,93.02K,0.06%,71.54299999999999,-0.008948731801244003
2025-06-30,67.61,67.33,68.15,67.03,17.09K,-0.24%,71.105,-0.006122192248018465
2025-07-01,67.11,66.58,67.5,66.34,270.05K,-0.74%,70.326,-0.010955628999367306
2025-07-02,69.11,67.11,69.21,66.94,384.48K,2.98%,69.723,-0.008574353724084882
2025-07-03,68.8,68.86,69.14,68.32,313.95K,-0.45%,68.89500000000001,-0.011875564734735833
2025-07-04,68.3,68.85,68.89,67.75,160.48K,-0.73%,68.17699999999999,-0.010421656143406843
2025-07-07,69.58,67.64,69.94,67.22,313.88K,1.87%,68.083,-0.0013787640993295769
2025-07-08,70.15,69.5,70.68,69.03,282.68K,0.82%,68.38399999999999,0.004421074276985237
2025-07-09,70.19,69.92,70.71,69.61,273.96K,0.06%,68.635,0.003670449227889838
2025-07-10,68.64,70.06,70.48,68.54,345.20K,-2.21%,68.726,0.001325854156042805
2025-07-11,70.36,68.84,70.71,68.55,290.55K,2.51%,68.985,0.0037685883071909565
2025-07-14,69.21,70.5,71.53,69.02,362.84K,-1.63%,69.14500000000001,0.0023193447850984317
2025-07-15,68.71,69.15,69.41,68.6,314.88K,-0.72%,69.30499999999999,0.002313977872586248
2025-07-16,68.52,68.98,69.09,67.71,361.65K,-0.28%,69.246,-0.0008513094293340906
2025-07-17,69.52,68.79,69.67,68.27,324.16K,1.46%,69.318,0.00103977125032495
2025-07-18,69.28,69.55,70.77,69.14,411.81K,-0.35%,69.416,0.0014137742000635
2025-07-21,68.38,68.35,68.75,67.71,265.69K,-1.30%,69.296,-0.0017287080788289666
2025-07-22,67.77,68.29,68.3,67.35,310.74K,-0.89%,69.058,-0.003434541676287206
2025-07-23,67.83,68.02,68.26,67.29,327.38K,0.09%,68.82199999999999,-0.0034174172434767724
2025-07-24,68.36,67.99,68.77,67.7,340.03K,0.78%,68.794,-0.00040684664787415947
2025-07-25,68.44,69.36,69.86,68.31,166.66K,0.12%,68.602,-0.002790941070442088
2025-07-28,70.04,68.54,70.45,68.35,203.44K,2.34%,68.68499999999999,0.0012098772630533272
2025-07-29,72.51,70.28,73.08,69.86,136.65K,3.53%,69.065,0.0055325034578148635
2025-07-30,73.24,72.57,73.63,71.75,111.92K,1.01%,69.537,0.00683414175052488
2025-07-31,72.53,73.53,73.53,72.4,16.02K,-0.97%,69.838,0.004328630800868316
2025-08-01,69.67,71.83,72.0,69.4,418.02K,-3.94%,69.877,0.0005584352358314337
2025-08-04,68.76,69.11,69.98,68.0,308.42K,-1.31%,69.91499999999999,0.0005438126994574688
2025-08-05,67.64,68.75,68.87,67.52,334.76K,-1.63%,69.902,-0.00018594007008498892
2025-08-06,66.89,67.75,69.18,66.22,395.90K,-1.11%,69.808,-0.0013447397785469883
2025-08-07,66.43,66.88,67.68,66.27,319.76K,-0.69%,69.61500000000001,-0.0027647261058904027
2025-08-08,66.59,66.42,67.22,65.53,375.28K,0.24%,69.42999999999999,-0.0026574732457087524
2025-08-11,66.63,66.25,67.13,65.81,223.89K,0.06%,69.089,-0.004911421575687691
2025-08-12,66.12,66.8,67.06,65.98,228.13K,-0.77%,68.45,-0.00924893977333574
2025-08-13,65.63,66.14,66.33,65.01,310.06K,-0.74%,67.689,-0.01111760409057716
2025-08-14,66.84,65.76,66.99,65.55,275.02K,1.84%,67.12,-0.008406092570432233
2025-08-15,65.85,66.87,67.06,65.73,251.20K,-1.48%,66.738,-0.005691299165673458
2025-08-18,66.01,65.26,66.24,64.79,195.57K,0.24%,66.463,-0.004120590967664706
2025-08-19,65.3,65.98,66.01,65.14,200.65K,-1.08%,66.229,-0.0035207559093027863
2025-08-20,66.31,65.59,66.54,65.31,263.66K,1.55%,66.171,-0.000875749294115713
2025-08-21,67.12,66.46,67.25,66.25,275.96K,1.22%,66.24,0.0010427528675702735
2025-08-22,67.22,67.05,67.45,66.89,276.32K,0.15%,66.30300000000001,0.0009510869565219071
2025-08-25,68.8,67.89,69.07,67.57,130.69K,2.35%,66.52000000000001,0.003272853415380972
2025-08-26,67.22,68.73,68.73,67.11,177.90K,-2.30%,66.63000000000001,0.001653638003607849
2025-08-27,68.05,67.39,68.12,66.91,131.60K,1.23%,66.872,0.0036319975986791597
2025-08-28,68.62,67.71,68.71,67.39,105.36K,0.84%,67.05,0.00266180165091523
2025-08-29,68.12,68.24,68.39,67.9,18.13K,-0.73%,67.277,0.003385533184190992
2025-09-01,68.15,67.42,68.36,67.12,151.21K,0.04%,67.491,0.0031808790522764863
2025-09-02,69.14,68.19,69.53,68.05,346.06K,1.45%,67.875,0.005689647508556606
2025-09-03,67.6,69.1,69.24,67.36,393.06K,-2.23%,68.00399999999999,0.001900552486187701
2025-09-04,66.99,67.41,67.41,66.35,295.61K,-0.90%,67.991,-0.00019116522557482973
2025-09-05,65.5,66.82,67.05,65.07,327.79K,-2.22%,67.81899999999999,-0.0025297465841068734
2025-09-08,66.02,65.55,67.04,65.51,257.32K,0.79%,67.541,-0.004099146256948516
2025-09-09,66.39,66.23,67.38,66.12,309.16K,0.56%,67.458,-0.0012288831968729763
2025-09-10,67.49,66.69,67.78,66.66,274.93K,1.66%,67.402,-0.000830146165021195
2025-09-11,66.37,67.58,67.62,66.15,247.54K,-1.66%,67.17699999999999,-0.0033381798759681836
2025-09-12,66.99,66.24,68.17,65.71,397.41K,0.93%,67.064,-0.0016821233457879892
2025-09-15,67.44,67.33,67.85,66.78,207.09K,0.67%,66.99300000000001,-0.001058690206369839
2025-09-16,68.47,67.47,68.69,67.01,305.98K,1.53%,66.92599999999999,-0.0010001044885289412
2025-09-17,67.95,68.53,68.59,67.62,233.62K,-0.76%,66.961,0.0005229656635687974
2025-09-18,67.44,68.0,68.42,67.19,254.39K,-0.75%,67.006,0.0006720329744178688
2025-09-19,66.68,67.46,67.57,66.44,276.24K,-1.13%,67.124,0.0017610363251050476
2025-09-22,65.97,65.98,66.67,65.35,295.75K,-1.06%,67.119,-7.448900542272874e-05
2025-09-23,66.97,65.99,67.42,65.49,344.39K,1.52%,67.17699999999999,0.0008641368315975839
2025-09-24,69.31,67.88,69.37,67.51,222.73K,3.49%,67.35900000000001,0.002709260610030517
2025-09-25,69.42,69.04,69.68,68.42,210.51K,0.16%,67.664,0.0045279769592778685
2025-09-26,70.13,69.54,70.76,69.11,110.38K,1.02%,67.978,0.004640576968550469
2025-09-29,67.97,69.5,69.91,67.52,107.59K,-3.08%,68.03099999999999,0.0007796640089441365
2025-09-30,67.02,67.5,67.71,66.84,19.23K,-1.40%,67.886,-0.0021313812820625833
2025-10-01,65.35,66.18,66.57,65.05,420.60K,-2.49%,67.626,-0.0038299502106471373
2025-10-02,64.11,65.45,66.15,64.0,480.22K,-1.90%,67.29299999999999,-0.004924141602342447
2025-10-03,64.53,64.38,65.02,64.2,311.95K,0.66%,67.078,-0.0031949831334610046
2025-10-06,65.47,64.9,65.77,64.76,299.84K,1.46%,67.02799999999999,-0.0007454008765915843
2025-10-07,65.45,65.48,65.84,64.53,293.95K,-0.03%,66.876,-0.0022677090171270287
2025-10-08,66.25,65.8,66.54,65.76,325.86K,1.22%,66.57000000000001,-0.004575632513906247
2025-10-09,65.22,65.82,66.58,64.96,345.80K,-1.55%,66.15,-0.006309148264984299
2025-10-10,62.73,65.27,65.36,62.0,547.99K,-3.82%,65.41,-0.011186696900982729
2025-10-13,63.32,62.9,63.95,62.9,346.53K,0.94%,64.94500000000001,-0.007109004739336289
2025-10-14,62.39,63.49,63.63,61.5,423.16K,-1.47%,64.482,-0.007129109246285403
2025-10-15,61.91,62.33,63.04,61.79,331.20K,-0.77%,64.138,-0.005334822120901861
2025-10-16,61.06,62.4,62.75,60.84,416.75K,-1.37%,63.83299999999999,-0.004755371230783845
2025-10-17,61.29,61.0,61.47,60.14,378.72K,0.38%,63.509,-0.005075744520859016
2025-10-20,60.88,61.16,61.37,59.97,225.22K,-0.67%,63.05,-0.0072273221118267506
2025-10-21,61.03,60.78,61.82,60.2,323.90K,0.25%,62.60799999999999,-0.007010309278350668
2025-10-22,62.23,61.34,64.04,61.09,429.97K,1.97%,62.205999999999996,-0.00642090467671852
2025-10-23,65.29,63.8,65.66,63.37,808.93K,4.92%,62.213,0.00011252933800598441
2025-10-24,65.2,65.12,65.95,64.73,475.49K,-0.14%,62.46,0.003970231302139471
2025-10-27,65.62,66.16,66.64,65.06,247.02K,0.64%,62.69,0.0036823567082933106
2025-10-28,64.4,65.54,65.76,64.0,232.27K,-1.86%,62.891,0.0032062529909075987
2025-10-29,64.92,64.52,65.37,63.92,105.76K,0.81%,63.19200000000001,0.004786058418533745
2025-10-30,65.0,64.69,65.15,64.06,110.56K,0.12%,63.58600000000001,0.006234966451449608
2025-10-31,65.07,64.64,65.46,64.5,20.71K,0.11%,63.964,0.00594470480923448
2025-11-03,64.89,65.12,65.32,64.33,307.41K,-0.28%,64.365,0.006269151397661155
2025-11-04,64.44,64.73,64.8,63.82,265.67K,-0.69%,64.706,0.0052979103550068185
2025-11-05,63.52,64.18,64.95,63.44,334.45K,-1.43%,64.83500000000001,0.001993632738849671
2025-11-06,63.38,63.58,64.34,62.84,392.51K,-0.22%,64.644,-0.002945939693067001
2025-11-07,63.63,63.63,64.39,63.23,358.55K,0.39%,64.487,-0.002428686343666997
2025-11-10,64.06,63.8,64.34,63.32,273.06K,0.68%,64.33099999999999,-0.0024190922201374754
2025-11-11,65.16,63.94,65.31,63.6,309.79K,1.72%,64.40700000000001,0.00118138999860129
2025-11-12,62.71,65.15,65.15,62.56,403.45K,-3.76%,64.186,-0.003431304050801942
2025-11-13,63.01,62.56,63.45,62.34,324.11K,0.48%,63.98699999999999,-0.0031003645654819056
2025-11-14,64.39,63.36,64.87,63.36,461.05K,2.19%,63.919000000000004,-0.0010627158641596246
2025-11-17,63.76,63.6,64.24,63.23,207.69K,-0.98%,63.806000000000004,-0.0017678624509144258
2025-11-18,64.43,63.58,64.64,63.2,295.95K,1.05%,63.80499999999999,-1.5672507287955995e-05
2025-11-19,63.0,64.26,64.36,62.43,363.40K,-2.22%,63.753,-0.000814983151790516
2025-11-20,62.8,63.23,63.85,62.41,327.01K,-0.32%,63.69500000000001,-0.0009097611092809821
2025-11-21,61.94,62.4,62.47,61.26,410.55K,-1.37%,63.525999999999996,-0.0026532694874010776
2025-11-24,63.37,62.7,63.56,61.94,209.01K,2.31%,63.45700000000001,-0.0010861694424327828
2025-11-25,62.48,63.36,63.36,61.6,232.00K,-1.40%,63.189,-0.0042233323352822705
2025-11-26,63.13,62.64,63.2,62.11,124.93K,1.04%,63.23100000000001,0.0006646726487207211
2025-11-27,63.34,63.01,63.45,62.75,64.93K,0.33%,63.263999999999996,0.0005218959054891226
2025-11-28,63.2,63.36,63.76,63.05,23.58K,-0.22%,63.144999999999996,-0.001881006575619626
2025-12-01,63.17,62.69,63.82,62.69,313.72K,-0.05%,63.086,-0.0009343574313088743
2025-12-02,62.45,63.33,63.35,62.17,300.18K,-1.14%,62.888,-0.0031385727419712683
2025-12-03,62.67,62.56,63.37,62.18,263.71K,0.35%,62.855000000000004,-0.0005247423991857625
2025-12-04,63.26,62.72,63.62,62.53,218.46K,0.94%,62.900999999999996,0.0007318431310157081
2025-12-05,63.75,63.26,64.09,63.06,243.20K,0.77%,63.08200000000001,0.002877537718001477
2025-12-08,62.49,63.75,63.96,62.34,276.73K,-1.98%,62.99400000000001,-0.0013950096699534287
2025-12-09,61.94,62.54,62.78,61.83,240.38K,-0.88%,62.94,-0.0008572244975713073
2025-12-10,62.21,62.11,62.73,61.35,298.74K,0.44%,62.848,-0.0014617095646647371
2025-12-11,61.28,62.42,62.63,60.77,328.70K,-1.49%,62.641999999999996,-0.0032777494908350358
2025-12-12,61.12,61.6,61.86,60.81,246.06K,-0.26%,62.434000000000005,-0.0033204559241402087
2025-12-15,60.56,61.09,61.5,60.13,288.63K,-0.92%,62.173,-0.004180414517730768
2025-12-16,58.92,60.39,60.4,58.72,356.77K,-2.71%,61.82000000000001,-0.005677705756518048
2025-12-17,59.68,59.3,60.74,59.25,346.61K,1.29%,61.520999999999994,-0.004836622452281003
2025-12-18,59.82,60.61,60.67,59.54,237.23K,0.23%,61.177,-0.005591586612701205
2025-12-19,60.47,59.72,60.65,59.4,241.73K,1.09%,60.849000000000004,-0.005361492064010931
2025-12-22,61.58,60.25,61.66,60.11,323.72K,1.84%,60.757999999999996,-0.0014955052671368207
2025-12-23,61.87,61.44,62.03,61.28,284.55K,0.47%,60.751,-0.00011521116560775368
2025-12-24,61.8,61.97,62.22,61.55,165.81K,-0.11%,60.71,-0.00067488601010679
2025-12-26,60.64,62.3,62.67,60.56,53.28K,-1.88%,60.646,-0.001054192060616077
2025-12-29,61.94,60.91,62.19,60.87,86.95K,2.14%,60.727999999999994,0.0013521089601951086
2025-12-30,61.92,61.56,62.32,61.45,29.69K,-0.03%,60.864,0.002239494137794784
2025-12-31,60.85,61.33,61.92,60.63,208.85K,-1.73%,61.056999999999995,0.0031710042060988375
2026-01-02,60.75,60.86,61.38,60.01,265.48K,-0.16%,61.164,0.0017524608153038912
2026-01-05,61.76,60.99,61.89,59.75,392.72K,1.66%,61.35799999999999,0.0031718004054670512
2026-01-06,60.7,61.7,62.33,60.4,389.05K,-1.72%,61.38099999999999,0.000374849245412312
2026-01-07,59.96,60.1,60.93,59.81,467.38K,-1.22%,61.21900000000001,-0.0026392531890973014
2026-01-08,61.99,60.29,63.02,59.96,483.62K,3.39%,61.23100000000001,0.0001960175762427685
2026-01-09,63.34,62.6,63.92,61.83,458.48K,2.18%,61.38499999999999,0.0025150658979926632
2026-01-12,63.87,63.34,64.34,62.76,409.02K,0.84%,61.70799999999999,0.005261871792783257
2026-01-13,65.47,64.11,65.92,63.84,590.14K,2.51%,62.061,0.005720490049912597
2026-01-14,66.52,65.44,66.82,63.45,693.30K,1.60%,62.520999999999994,0.00741206232577607
2026-01-15,63.76,65.35,65.36,63.27,490.58K,-4.15%,62.812,0.004654436109467364
2026-01-16,64.13,63.74,64.77,63.44,315.23K,0.58%,63.15,0.005381137362287403
2026-01-19,63.22,63.04,63.64,62.59,184.32K,-1.42%,63.29600000000001,0.0023119556611244096
2026-01-20,64.19,63.42,64.35,62.69,498.16K,1.53%,63.645,0.0055137765419615015
2026-01-21,64.53,63.55,64.74,63.05,406.07K,0.53%,64.102,0.007180454081231913
2026-01-22,63.34,64.45,64.67,62.9,342.17K,-1.84%,64.237,0.0021060185329628833
2026-01-23,65.07,63.64,65.45,63.55,393.82K,2.73%,64.41,0.0026931519217896494
2026-01-26,65.59,66.03,66.54,65.29,254.10K,0.80%,64.58200000000001,0.0026703927961497786
2026-01-27,67.57,65.75,67.78,65.0,274.29K,3.02%,64.792,0.0032516800346844565
2026-01-28,68.4,67.6,68.77,67.12,167.81K,1.23%,64.98,0.0029015927892332982
2026-01-29,70.71,68.69,71.89,68.61,119.22K,3.38%,65.675,0.010695598645737103
2026-01-30,70.69,70.65,70.92,69.15,24.40K,-0.03%,66.33099999999999,0.009988580129425051
2026-02-02,66.3,68.6,68.83,65.45,531.53K,-6.21%,66.639,0.004643379415356419
2026-02-03,67.33,66.06,68.27,65.19,475.72K,1.55%,66.953,0.004711955461516704
2026-02-04,69.46,67.89,69.76,66.98,519.70K,3.16%,67.446,0.00736337430734979
2026-02-05,67.55,68.52,68.95,66.89,353.26K,-2.75%,67.86699999999999,0.006242030661566256
2026-02-06,68.05,67.2,68.83,66.56,468.64K,0.74%,68.16499999999999,0.0043909411053972836
2026-02-09,69.04,67.25,69.45,67.02,281.05K,1.45%,68.51,0.005061248441282418
2026-02-10,68.8,69.04,69.49,68.44,288.66K,-0.35%,68.633,0.0017953583418477415
2026-02-11,69.4,69.1,70.72,69.0,333.60K,0.87%,68.73299999999999,0.0014570250462604406
2026-02-12,67.52,69.68,69.85,67.09,326.51K,-2.71%,68.414,-0.004641147629231734
2026-02-13,67.75,67.58,68.05,66.89,265.54K,0.34%,68.11999999999999,-0.004297366036191574
2026-02-16,67.97,67.42,68.08,66.68,102.03K,0.32%,68.287,0.002451556077510464
2026-02-17,66.87,67.88,68.38,66.21,318.80K,-1.62%,68.241,-0.00067362748400146
2026-02-18,69.77,66.86,70.09,66.8,365.85K,4.34%,68.272,0.0004542723582596775
2026-02-19,71.27,69.75,71.7,69.61,513.70K,2.15%,68.64399999999999,0.005448793063041801
2026-02-20,71.3,71.36,71.86,70.66,386.67K,0.04%,68.96900000000001,0.004734572577355989
2026-02-23,71.49,71.1,72.5,70.69,213.26K,0.27%,69.214,0.0035523206078091896
2026-02-24,70.77,71.49,72.24,70.71,260.15K,-1.01%,69.411,0.002846244979339385
2026-02-25,70.85,71.25,71.76,70.44,138.96K,0.11%,69.556,0.0020890060653209197
2026-02-26,70.75,71.1,72.61,69.16,143.90K,-0.14%,69.87899999999999,0.004643740295589005
2026-02-27,72.48,70.5,73.0,70.33,26.65K,2.45%,70.352,0.0067688432862520465
2026-03-02,77.74,81.57,82.37,75.75,1.14M,7.26%,71.329,0.013887309529224234
2026-03-03,81.4,79.0,85.12,78.38,1.21M,4.71%,72.782,0.020370396332487495
2026-03-04,81.4,82.0,84.48,80.3,791.43K,0.00%,73.94500000000001,0.01597922563271159
2026-03-05,85.41,82.24,86.28,81.5,891.29K,4.93%,75.35900000000001,0.019122320643721658
2026-03-06,92.69,83.54,94.64,83.16,1.01M,8.52%,77.498,0.028384134609004796
2026-03-09,98.96,99.75,119.5,83.66,1.22M,6.76%,80.24499999999999,0.03544607602776817
2026-03-10,87.8,92.49,95.04,81.16,881.22K,-11.28%,81.94800000000001,0.021222506075144976
2026-03-11,91.98,90.4,93.8,86.24,689.37K,4.76%,84.061,0.025784643920534922
2026-03-12,100.46,96.84,101.85,95.2,660.22K,9.22%,87.032,0.03534338159193906
2026-03-13,103.14,101.68,103.95,97.6,453.07K,2.67%,90.098,0.03522842172993834
2026-03-16,96.04,100.7,101.63,95.39,424.92K,-6.88%,91.928,0.02031121667517599
2026-03-17,99.39,97.3,100.33,97.22,380.70K,3.49%,93.727,0.01956966321468978
2026-03-18,102.92,99.55,106.96,96.7,548.52K,3.55%,95.87899999999999,0.0229602995935001
2026-03-19,103.78,105.17,112.12,99.51,753.55K,0.84%,97.716,0.019159565702604464
2026-03-20,106.41,102.6,107.37,100.47,514.31K,2.53%,99.08800000000001,0.01404068934463143
2026-03-23,95.92,107.5,109.78,91.7,802.80K,-9.86%,98.784,-0.003067979977393831
2026-03-24,100.23,97.12,100.77,94.15,565.36K,4.49%,100.027,0.012583009394233846
2026-03-25,102.22,100.32,103.37,97.15,262.61K,1.99%,101.051,0.010237235946294554
2026-03-26,108.01,102.93,109.05,102.75,192.50K,5.66%,101.80600000000001,0.007471474799853661
2026-03-27,112.57,106.6,114.88,105.09,104.03K,4.22%,102.749,0.009262715360587537
2026-03-30,112.78,114.5,116.89,111.41,129.59K,0.19%,104.423,0.01629212936378943
2026-03-31,118.35,115.04,119.24,111.35,18.80K,4.94%,106.319,0.018156919452610998
2026-04-01,101.16,103.63,105.94,98.35,530.80K,-14.52%,106.143,-0.001655395554886696
2026-04-02,109.03,100.7,109.74,99.08,512.52K,7.78%,106.668,0.004946157542183638
2026-04-06,109.77,110.0,111.89,106.85,265.51K,0.68%,107.00399999999999,0.0031499606254921098
2026-04-07,109.27,110.25,111.8,102.71,591.95K,-0.46%,108.33899999999998,0.01247616911517313
2026-04-08,94.75,95.0,97.22,90.4,732.00K,-13.29%,107.79099999999998,-0.005058196955851524
2026-04-09,95.92,97.1,99.5,94.22,488.29K,1.23%,107.16099999999999,-0.00584464380143046
2026-04-10,95.2,96.6,98.26,94.2,345.21K,-0.75%,105.88,-0.01195397579343227
2026-04-13,99.36,100.94,103.87,97.59,424.43K,4.37%,104.559,-0.012476388364185853
2026-04-14,94.79,97.5,99.45,94.42,346.36K,-4.60%,102.76000000000002,-0.0172055968400614
2026-04-15,94.93,94.33,96.9,93.93,363.08K,0.15%,100.418,-0.022790969248735027
2026-04-16,99.39,94.62,99.8,94.43,337.08K,4.70%,100.24100000000001,-0.001762632197414682
2026-04-17,90.38,98.45,98.98,86.09,597.48K,-9.07%,98.376,-0.01860516156063896
2026-04-20,90.43,91.0,92.17,88.48,235.32K,0.06%,96.442,-0.019659266487761395
2026-04-21,93.24,89.4,95.51,89.12,306.00K,3.11%,94.839,-0.01662138902138066
2026-04-22,96.18,93.93,96.75,91.42,262.96K,3.15%,94.982,0.0015078185134806965
2026-04-23,99.35,95.89,101.41,95.89,346.75K,3.30%,95.325,0.0036112105451560073
2026-04-24,105.33,106.02,107.48,103.41,263.15K,6.02%,96.338,0.010626803042223854
2026-04-27,108.23,106.44,109.79,105.82,235.08K,2.75%,97.225,0.009207166434844094
2026-04-28,111.26,107.82,112.7,107.81,143.35K,2.80%,98.872,0.01694008742607367
2026-04-29,118.03,110.7,122.53,110.26,143.02K,6.08%,101.18199999999999,0.023363540739541833
2026-04-30,114.01,120.34,126.41,113.0,32.57K,-3.41%,102.644,0.014449210333854046
2026-05-01,108.17,111.34,112.45,106.23,339.04K,-5.12%,104.423,0.01733174856786568
2026-05-04,114.44,106.6,115.3,105.55,403.59K,5.80%,106.824,0.02299301877938764
2026-05-05,109.87,114.03,114.44,109.6,336.36K,-3.99%,108.48700000000001,0.01556766269752119
2026-05-06,101.27,107.92,109.02,96.75,593.88K,-7.83%,108.99600000000001,0.0046918063915493136
2026-05-07,100.06,101.92,103.88,96.03,520.55K,-1.19%,109.06700000000001,0.0006514000513779816
2026-05-08,101.29,102.52,102.92,99.55,304.31K,1.23%,108.66300000000001,-0.0037041451584804985
2026-05-10,104.95,104.15,104.97,103.82,16.55K,3.61%,108.335,-0.003018506759430717
2026-05-11,104.55,104.94,105.97,104.38,60.87K,-0.38%,107.66400000000002,-0.006193750865371106
