"日期","收盘","开盘","高","低","交易量","涨跌幅"
"2026-5-11","104.55","104.94","105.97","104.38","60.87K","-0.38%"
"2026-5-10","104.95","104.15","104.97","103.82","16.55K","3.61%"
"2026-5-8","101.29","102.52","102.92","99.55","304.31K","1.23%"
"2026-5-7","100.06","101.92","103.88","96.03","520.55K","-1.19%"
"2026-5-6","101.27","107.92","109.02","96.75","593.88K","-7.83%"
"2026-5-5","109.87","114.03","114.44","109.60","336.36K","-3.99%"
"2026-5-4","114.44","106.60","115.30","105.55","403.59K","5.80%"
"2026-5-1","108.17","111.34","112.45","106.23","339.04K","-5.12%"
"2026-4-30","114.01","120.34","126.41","113.00","32.57K","-3.41%"
"2026-4-29","118.03","110.70","122.53","110.26","143.02K","6.08%"
"2026-4-28","111.26","107.82","112.70","107.81","143.35K","2.80%"
"2026-4-27","108.23","106.44","109.79","105.82","235.08K","2.75%"
"2026-4-24","105.33","106.02","107.48","103.41","263.15K","6.02%"
"2026-4-23","99.35","95.89","101.41","95.89","346.75K","3.30%"
"2026-4-22","96.18","93.93","96.75","91.42","262.96K","3.15%"
"2026-4-21","93.24","89.40","95.51","89.12","306.00K","3.11%"
"2026-4-20","90.43","91.00","92.17","88.48","235.32K","0.06%"
"2026-4-17","90.38","98.45","98.98","86.09","597.48K","-9.07%"
"2026-4-16","99.39","94.62","99.80","94.43","337.08K","4.70%"
"2026-4-15","94.93","94.33","96.90","93.93","363.08K","0.15%"
"2026-4-14","94.79","97.50","99.45","94.42","346.36K","-4.60%"
"2026-4-13","99.36","100.94","103.87","97.59","424.43K","4.37%"
"2026-4-10","95.20","96.60","98.26","94.20","345.21K","-0.75%"
"2026-4-9","95.92","97.10","99.50","94.22","488.29K","1.23%"
"2026-4-8","94.75","95.00","97.22","90.40","732.00K","-13.29%"
"2026-4-7","109.27","110.25","111.80","102.71","591.95K","-0.46%"
"2026-4-6","109.77","110.00","111.89","106.85","265.51K","0.68%"
"2026-4-2","109.03","100.70","109.74","99.08","512.52K","7.78%"
"2026-4-1","101.16","103.63","105.94","98.35","530.80K","-14.52%"
"2026-3-31","118.35","115.04","119.24","111.35","18.80K","4.94%"
"2026-3-30","112.78","114.50","116.89","111.41","129.59K","0.19%"
"2026-3-27","112.57","106.60","114.88","105.09","104.03K","4.22%"
"2026-3-26","108.01","102.93","109.05","102.75","192.50K","5.66%"
"2026-3-25","102.22","100.32","103.37","97.15","262.61K","1.99%"
"2026-3-24","100.23","97.12","100.77","94.15","565.36K","4.49%"
"2026-3-23","95.92","107.50","109.78","91.70","802.80K","-9.86%"
"2026-3-20","106.41","102.60","107.37","100.47","514.31K","2.53%"
"2026-3-19","103.78","105.17","112.12","99.51","753.55K","0.84%"
"2026-3-18","102.92","99.55","106.96","96.70","548.52K","3.55%"
"2026-3-17","99.39","97.30","100.33","97.22","380.70K","3.49%"
"2026-3-16","96.04","100.70","101.63","95.39","424.92K","-6.88%"
"2026-3-13","103.14","101.68","103.95","97.60","453.07K","2.67%"
"2026-3-12","100.46","96.84","101.85","95.20","660.22K","9.22%"
"2026-3-11","91.98","90.40","93.80","86.24","689.37K","4.76%"
"2026-3-10","87.80","92.49","95.04","81.16","881.22K","-11.28%"
"2026-3-9","98.96","99.75","119.50","83.66","1.22M","6.76%"
"2026-3-6","92.69","83.54","94.64","83.16","1.01M","8.52%"
"2026-3-5","85.41","82.24","86.28","81.50","891.29K","4.93%"
"2026-3-4","81.40","82.00","84.48","80.30","791.43K","0.00%"
"2026-3-3","81.40","79.00","85.12","78.38","1.21M","4.71%"
"2026-3-2","77.74","81.57","82.37","75.75","1.14M","7.26%"
"2026-2-27","72.48","70.50","73.00","70.33","26.65K","2.45%"
"2026-2-26","70.75","71.10","72.61","69.16","143.90K","-0.14%"
"2026-2-25","70.85","71.25","71.76","70.44","138.96K","0.11%"
"2026-2-24","70.77","71.49","72.24","70.71","260.15K","-1.01%"
"2026-2-23","71.49","71.10","72.50","70.69","213.26K","0.27%"
"2026-2-20","71.30","71.36","71.86","70.66","386.67K","0.04%"
"2026-2-19","71.27","69.75","71.70","69.61","513.70K","2.15%"
"2026-2-18","69.77","66.86","70.09","66.80","365.85K","4.34%"
"2026-2-17","66.87","67.88","68.38","66.21","318.80K","-1.62%"
"2026-2-16","67.97","67.42","68.08","66.68","102.03K","0.32%"
"2026-2-13","67.75","67.58","68.05","66.89","265.54K","0.34%"
"2026-2-12","67.52","69.68","69.85","67.09","326.51K","-2.71%"
"2026-2-11","69.40","69.10","70.72","69.00","333.60K","0.87%"
"2026-2-10","68.80","69.04","69.49","68.44","288.66K","-0.35%"
"2026-2-9","69.04","67.25","69.45","67.02","281.05K","1.45%"
"2026-2-6","68.05","67.20","68.83","66.56","468.64K","0.74%"
"2026-2-5","67.55","68.52","68.95","66.89","353.26K","-2.75%"
"2026-2-4","69.46","67.89","69.76","66.98","519.70K","3.16%"
"2026-2-3","67.33","66.06","68.27","65.19","475.72K","1.55%"
"2026-2-2","66.30","68.60","68.83","65.45","531.53K","-6.21%"
"2026-1-30","70.69","70.65","70.92","69.15","24.40K","-0.03%"
"2026-1-29","70.71","68.69","71.89","68.61","119.22K","3.38%"
"2026-1-28","68.40","67.60","68.77","67.12","167.81K","1.23%"
"2026-1-27","67.57","65.75","67.78","65.00","274.29K","3.02%"
"2026-1-26","65.59","66.03","66.54","65.29","254.10K","0.80%"
"2026-1-23","65.07","63.64","65.45","63.55","393.82K","2.73%"
"2026-1-22","63.34","64.45","64.67","62.90","342.17K","-1.84%"
"2026-1-21","64.53","63.55","64.74","63.05","406.07K","0.53%"
"2026-1-20","64.19","63.42","64.35","62.69","498.16K","1.53%"
"2026-1-19","63.22","63.04","63.64","62.59","184.32K","-1.42%"
"2026-1-16","64.13","63.74","64.77","63.44","315.23K","0.58%"
"2026-1-15","63.76","65.35","65.36","63.27","490.58K","-4.15%"
"2026-1-14","66.52","65.44","66.82","63.45","693.30K","1.60%"
"2026-1-13","65.47","64.11","65.92","63.84","590.14K","2.51%"
"2026-1-12","63.87","63.34","64.34","62.76","409.02K","0.84%"
"2026-1-9","63.34","62.60","63.92","61.83","458.48K","2.18%"
"2026-1-8","61.99","60.29","63.02","59.96","483.62K","3.39%"
"2026-1-7","59.96","60.10","60.93","59.81","467.38K","-1.22%"
"2026-1-6","60.70","61.70","62.33","60.40","389.05K","-1.72%"
"2026-1-5","61.76","60.99","61.89","59.75","392.72K","1.66%"
"2026-1-2","60.75","60.86","61.38","60.01","265.48K","-0.16%"
"2025-12-31","60.85","61.33","61.92","60.63","208.85K","-1.73%"
"2025-12-30","61.92","61.56","62.32","61.45","29.69K","-0.03%"
"2025-12-29","61.94","60.91","62.19","60.87","86.95K","2.14%"
"2025-12-26","60.64","62.30","62.67","60.56","53.28K","-1.88%"
"2025-12-24","61.80","61.97","62.22","61.55","165.81K","-0.11%"
"2025-12-23","61.87","61.44","62.03","61.28","284.55K","0.47%"
"2025-12-22","61.58","60.25","61.66","60.11","323.72K","1.84%"
"2025-12-19","60.47","59.72","60.65","59.40","241.73K","1.09%"
"2025-12-18","59.82","60.61","60.67","59.54","237.23K","0.23%"
"2025-12-17","59.68","59.30","60.74","59.25","346.61K","1.29%"
"2025-12-16","58.92","60.39","60.40","58.72","356.77K","-2.71%"
"2025-12-15","60.56","61.09","61.50","60.13","288.63K","-0.92%"
"2025-12-12","61.12","61.60","61.86","60.81","246.06K","-0.26%"
"2025-12-11","61.28","62.42","62.63","60.77","328.70K","-1.49%"
"2025-12-10","62.21","62.11","62.73","61.35","298.74K","0.44%"
"2025-12-9","61.94","62.54","62.78","61.83","240.38K","-0.88%"
"2025-12-8","62.49","63.75","63.96","62.34","276.73K","-1.98%"
"2025-12-5","63.75","63.26","64.09","63.06","243.20K","0.77%"
"2025-12-4","63.26","62.72","63.62","62.53","218.46K","0.94%"
"2025-12-3","62.67","62.56","63.37","62.18","263.71K","0.35%"
"2025-12-2","62.45","63.33","63.35","62.17","300.18K","-1.14%"
"2025-12-1","63.17","62.69","63.82","62.69","313.72K","-0.05%"
"2025-11-28","63.20","63.36","63.76","63.05","23.58K","-0.22%"
"2025-11-27","63.34","63.01","63.45","62.75","64.93K","0.33%"
"2025-11-26","63.13","62.64","63.20","62.11","124.93K","1.04%"
"2025-11-25","62.48","63.36","63.36","61.60","232.00K","-1.40%"
"2025-11-24","63.37","62.70","63.56","61.94","209.01K","2.31%"
"2025-11-21","61.94","62.40","62.47","61.26","410.55K","-1.37%"
"2025-11-20","62.80","63.23","63.85","62.41","327.01K","-0.32%"
"2025-11-19","63.00","64.26","64.36","62.43","363.40K","-2.22%"
"2025-11-18","64.43","63.58","64.64","63.20","295.95K","1.05%"
"2025-11-17","63.76","63.60","64.24","63.23","207.69K","-0.98%"
"2025-11-14","64.39","63.36","64.87","63.36","461.05K","2.19%"
"2025-11-13","63.01","62.56","63.45","62.34","324.11K","0.48%"
"2025-11-12","62.71","65.15","65.15","62.56","403.45K","-3.76%"
"2025-11-11","65.16","63.94","65.31","63.60","309.79K","1.72%"
"2025-11-10","64.06","63.80","64.34","63.32","273.06K","0.68%"
"2025-11-7","63.63","63.63","64.39","63.23","358.55K","0.39%"
"2025-11-6","63.38","63.58","64.34","62.84","392.51K","-0.22%"
"2025-11-5","63.52","64.18","64.95","63.44","334.45K","-1.43%"
"2025-11-4","64.44","64.73","64.80","63.82","265.67K","-0.69%"
"2025-11-3","64.89","65.12","65.32","64.33","307.41K","-0.28%"
"2025-10-31","65.07","64.64","65.46","64.50","20.71K","0.11%"
"2025-10-30","65.00","64.69","65.15","64.06","110.56K","0.12%"
"2025-10-29","64.92","64.52","65.37","63.92","105.76K","0.81%"
"2025-10-28","64.40","65.54","65.76","64.00","232.27K","-1.86%"
"2025-10-27","65.62","66.16","66.64","65.06","247.02K","0.64%"
"2025-10-24","65.20","65.12","65.95","64.73","475.49K","-0.14%"
"2025-10-23","65.29","63.80","65.66","63.37","808.93K","4.92%"
"2025-10-22","62.23","61.34","64.04","61.09","429.97K","1.97%"
"2025-10-21","61.03","60.78","61.82","60.20","323.90K","0.25%"
"2025-10-20","60.88","61.16","61.37","59.97","225.22K","-0.67%"
"2025-10-17","61.29","61.00","61.47","60.14","378.72K","0.38%"
"2025-10-16","61.06","62.40","62.75","60.84","416.75K","-1.37%"
"2025-10-15","61.91","62.33","63.04","61.79","331.20K","-0.77%"
"2025-10-14","62.39","63.49","63.63","61.50","423.16K","-1.47%"
"2025-10-13","63.32","62.90","63.95","62.90","346.53K","0.94%"
"2025-10-10","62.73","65.27","65.36","62.00","547.99K","-3.82%"
"2025-10-9","65.22","65.82","66.58","64.96","345.80K","-1.55%"
"2025-10-8","66.25","65.80","66.54","65.76","325.86K","1.22%"
"2025-10-7","65.45","65.48","65.84","64.53","293.95K","-0.03%"
"2025-10-6","65.47","64.90","65.77","64.76","299.84K","1.46%"
"2025-10-3","64.53","64.38","65.02","64.20","311.95K","0.66%"
"2025-10-2","64.11","65.45","66.15","64.00","480.22K","-1.90%"
"2025-10-1","65.35","66.18","66.57","65.05","420.60K","-2.49%"
"2025-9-30","67.02","67.50","67.71","66.84","19.23K","-1.40%"
"2025-9-29","67.97","69.50","69.91","67.52","107.59K","-3.08%"
"2025-9-26","70.13","69.54","70.76","69.11","110.38K","1.02%"
"2025-9-25","69.42","69.04","69.68","68.42","210.51K","0.16%"
"2025-9-24","69.31","67.88","69.37","67.51","222.73K","3.49%"
"2025-9-23","66.97","65.99","67.42","65.49","344.39K","1.52%"
"2025-9-22","65.97","65.98","66.67","65.35","295.75K","-1.06%"
"2025-9-19","66.68","67.46","67.57","66.44","276.24K","-1.13%"
"2025-9-18","67.44","68.00","68.42","67.19","254.39K","-0.75%"
"2025-9-17","67.95","68.53","68.59","67.62","233.62K","-0.76%"
"2025-9-16","68.47","67.47","68.69","67.01","305.98K","1.53%"
"2025-9-15","67.44","67.33","67.85","66.78","207.09K","0.67%"
"2025-9-12","66.99","66.24","68.17","65.71","397.41K","0.93%"
"2025-9-11","66.37","67.58","67.62","66.15","247.54K","-1.66%"
"2025-9-10","67.49","66.69","67.78","66.66","274.93K","1.66%"
"2025-9-9","66.39","66.23","67.38","66.12","309.16K","0.56%"
"2025-9-8","66.02","65.55","67.04","65.51","257.32K","0.79%"
"2025-9-5","65.50","66.82","67.05","65.07","327.79K","-2.22%"
"2025-9-4","66.99","67.41","67.41","66.35","295.61K","-0.90%"
"2025-9-3","67.60","69.10","69.24","67.36","393.06K","-2.23%"
"2025-9-2","69.14","68.19","69.53","68.05","346.06K","1.45%"
"2025-9-1","68.15","67.42","68.36","67.12","151.21K","0.04%"
"2025-8-29","68.12","68.24","68.39","67.90","18.13K","-0.73%"
"2025-8-28","68.62","67.71","68.71","67.39","105.36K","0.84%"
"2025-8-27","68.05","67.39","68.12","66.91","131.60K","1.23%"
"2025-8-26","67.22","68.73","68.73","67.11","177.90K","-2.30%"
"2025-8-25","68.80","67.89","69.07","67.57","130.69K","2.35%"
"2025-8-22","67.22","67.05","67.45","66.89","276.32K","0.15%"
"2025-8-21","67.12","66.46","67.25","66.25","275.96K","1.22%"
"2025-8-20","66.31","65.59","66.54","65.31","263.66K","1.55%"
"2025-8-19","65.30","65.98","66.01","65.14","200.65K","-1.08%"
"2025-8-18","66.01","65.26","66.24","64.79","195.57K","0.24%"
"2025-8-15","65.85","66.87","67.06","65.73","251.20K","-1.48%"
"2025-8-14","66.84","65.76","66.99","65.55","275.02K","1.84%"
"2025-8-13","65.63","66.14","66.33","65.01","310.06K","-0.74%"
"2025-8-12","66.12","66.80","67.06","65.98","228.13K","-0.77%"
"2025-8-11","66.63","66.25","67.13","65.81","223.89K","0.06%"
"2025-8-8","66.59","66.42","67.22","65.53","375.28K","0.24%"
"2025-8-7","66.43","66.88","67.68","66.27","319.76K","-0.69%"
"2025-8-6","66.89","67.75","69.18","66.22","395.90K","-1.11%"
"2025-8-5","67.64","68.75","68.87","67.52","334.76K","-1.63%"
"2025-8-4","68.76","69.11","69.98","68.00","308.42K","-1.31%"
"2025-8-1","69.67","71.83","72.00","69.40","418.02K","-3.94%"
"2025-7-31","72.53","73.53","73.53","72.40","16.02K","-0.97%"
"2025-7-30","73.24","72.57","73.63","71.75","111.92K","1.01%"
"2025-7-29","72.51","70.28","73.08","69.86","136.65K","3.53%"
"2025-7-28","70.04","68.54","70.45","68.35","203.44K","2.34%"
"2025-7-25","68.44","69.36","69.86","68.31","166.66K","0.12%"
"2025-7-24","68.36","67.99","68.77","67.70","340.03K","0.78%"
"2025-7-23","67.83","68.02","68.26","67.29","327.38K","0.09%"
"2025-7-22","67.77","68.29","68.30","67.35","310.74K","-0.89%"
"2025-7-21","68.38","68.35","68.75","67.71","265.69K","-1.30%"
"2025-7-18","69.28","69.55","70.77","69.14","411.81K","-0.35%"
"2025-7-17","69.52","68.79","69.67","68.27","324.16K","1.46%"
"2025-7-16","68.52","68.98","69.09","67.71","361.65K","-0.28%"
"2025-7-15","68.71","69.15","69.41","68.60","314.88K","-0.72%"
"2025-7-14","69.21","70.50","71.53","69.02","362.84K","-1.63%"
"2025-7-11","70.36","68.84","70.71","68.55","290.55K","2.51%"
"2025-7-10","68.64","70.06","70.48","68.54","345.20K","-2.21%"
"2025-7-9","70.19","69.92","70.71","69.61","273.96K","0.06%"
"2025-7-8","70.15","69.50","70.68","69.03","282.68K","0.82%"
"2025-7-7","69.58","67.64","69.94","67.22","313.88K","1.87%"
"2025-7-4","68.30","68.85","68.89","67.75","160.48K","-0.73%"
"2025-7-3","68.80","68.86","69.14","68.32","313.95K","-0.45%"
"2025-7-2","69.11","67.11","69.21","66.94","384.48K","2.98%"
"2025-7-1","67.11","66.58","67.50","66.34","270.05K","-0.74%"
"2025-6-30","67.61","67.33","68.15","67.03","17.09K","-0.24%"
"2025-6-27","67.77","67.91","68.42","67.20","93.02K","0.06%"
"2025-6-26","67.73","67.77","69.05","67.38","111.54K","0.07%"
"2025-6-25","67.68","67.88","68.78","67.32","214.00K","0.80%"
"2025-6-24","67.14","68.37","70.20","66.82","453.90K","-4.79%"
"2025-6-23","70.52","78.90","79.40","68.64","789.17K","-6.57%"
"2025-6-20","75.48","75.73","76.01","74.00","390.10K","-2.08%"
"2025-6-19","77.08","74.95","77.18","74.17","359.43K","2.58%"
"2025-6-18","75.14","75.18","75.74","73.00","536.52K","0.32%"
"2025-6-17","74.90","72.50","75.53","71.46","514.73K","4.04%"
"2025-6-16","71.99","76.00","76.45","69.43","527.11K","-3.02%"
"2025-6-13","74.23","70.50","78.50","70.41","1.24M","7.02%"
"2025-6-12","69.36","70.23","70.40","68.36","507.90K","-0.59%"
"2025-6-11","69.77","66.60","70.83","66.47","511.83K","4.34%"
"2025-6-10","66.87","67.12","68.00","66.48","343.94K","-0.25%"
"2025-6-9","67.04","66.59","67.19","66.07","281.13K","0.86%"
"2025-6-6","66.47","65.26","66.67","64.80","335.32K","1.73%"
"2025-6-5","65.34","64.77","65.85","64.60","260.73K","0.74%"
"2025-6-4","64.86","65.52","65.95","64.27","376.27K","-1.17%"
"2025-6-3","65.63","65.16","65.95","64.51","357.85K","1.55%"
"2025-6-2","64.63","63.20","65.76","63.00","478.84K","1.14%"
"2025-5-30","63.90","64.11","64.67","63.65","17.26K","-0.39%"
"2025-5-29","64.15","65.03","66.13","63.79","120.07K","-0.26%"
"2025-5-28","64.32","63.86","65.05","63.51","336.00K","1.18%"
"2025-5-27","63.57","64.12","64.49","62.96","342.54K","-0.86%"
"2025-5-26","64.12","64.42","64.81","63.89","88.47K","-0.14%"
"2025-5-23","64.21","63.50","64.65","62.80","333.49K","0.45%"
"2025-5-22","63.92","64.14","64.50","63.07","310.83K","-0.71%"
"2025-5-21","64.38","65.45","65.93","64.03","378.48K","-0.59%"
"2025-5-20","64.76","64.91","65.27","64.23","277.36K","-0.06%"
"2025-5-19","64.80","64.73","65.28","63.84","269.75K","-0.93%"
"2025-5-16","65.41","64.70","65.54","64.18","315.00K","1.36%"
"2025-5-15","64.53","65.42","65.42","63.44","446.38K","-2.36%"
"2025-5-14","66.09","66.56","66.59","65.68","302.75K","-0.81%"
"2025-5-13","66.63","64.93","66.81","64.63","345.46K","2.57%"
"2025-5-12","64.96","64.05","66.40","63.88","417.96K","1.64%"
"2025-5-9","63.91","63.07","64.27","62.84","326.19K","1.70%"
"2025-5-8","62.84","61.06","63.38","61.00","350.88K","2.81%"
"2025-5-7","61.12","62.50","63.25","60.83","367.74K","-1.66%"
"2025-5-6","62.15","60.28","62.80","60.18","385.65K","3.19%"
"2025-5-5","60.23","59.50","60.82","58.50","321.53K","-1.73%"
"2025-5-2","61.29","61.82","62.72","60.69","373.28K","-1.35%"
"2025-5-1","62.13","61.23","62.40","59.30","449.04K","-1.57%"
"2025-4-30","63.12","64.11","64.33","62.99","24.16K","-1.76%"
"2025-4-29","64.25","65.79","65.83","63.90","120.75K","-2.44%"
"2025-4-28","65.86","67.25","67.57","65.25","139.73K","-1.51%"
"2025-4-25","66.87","66.57","67.18","65.55","183.22K","0.48%"
"2025-4-24","66.55","66.11","67.02","65.80","214.13K","2.10%"
"2025-4-23","65.18","67.01","67.64","64.39","461.72K","-1.96%"
"2025-4-22","66.48","65.80","67.08","65.58","305.54K","1.81%"
"2025-4-21","65.30","66.87","66.87","64.76","156.30K","-3.91%"
"2025-4-17","67.96","66.25","68.14","65.95","301.81K","3.20%"
"2025-4-16","65.85","64.82","66.36","63.79","348.37K","1.82%"
"2025-4-15","64.67","64.96","65.40","64.21","276.51K","-0.32%"
"2025-4-14","64.88","65.00","65.90","64.02","282.68K","0.19%"
"2025-4-11","64.76","63.16","65.08","62.77","411.66K","2.26%"
"2025-4-10","63.33","65.90","66.08","62.00","489.76K","-3.28%"
"2025-4-9","65.48","61.13","66.02","58.40","931.66K","4.23%"
"2025-4-8","62.82","64.59","65.21","61.34","667.30K","-2.16%"
"2025-4-7","64.21","64.90","67.43","62.51","881.70K","-2.09%"
"2025-4-4","65.58","70.00","70.11","64.03","987.63K","-6.50%"
"2025-4-3","70.14","72.70","73.40","69.48","751.22K","-6.42%"
"2025-4-2","74.95","74.52","75.47","73.10","448.93K","0.62%"
"2025-4-1","74.49","74.67","75.29","74.33","440.73K","-0.33%"
"2025-3-31","74.74","73.76","74.81","73.18","23.45K","1.51%"
"2025-3-28","73.63","74.03","74.20","73.22","92.71K","-0.54%"
"2025-3-27","74.03","73.90","74.07","73.23","113.71K","0.33%"
"2025-3-26","73.79","73.27","74.17","73.09","185.49K","1.05%"
"2025-3-25","73.02","73.08","73.57","72.50","224.65K","0.90%"
"2025-3-24","72.37","71.70","72.57","71.26","329.03K","1.06%"
"2025-3-21","71.61","71.80","71.97","71.01","303.43K","0.20%"
"2025-3-20","71.47","70.49","71.76","70.10","364.36K","1.64%"
"2025-3-19","70.32","70.05","70.77","69.51","253.48K","0.29%"
"2025-3-18","70.12","70.44","71.68","69.85","315.81K","-0.68%"
"2025-3-17","70.60","70.18","71.27","70.17","224.67K","0.03%"
"2025-3-14","70.58","70.16","70.75","69.93","238.55K","1.00%"
"2025-3-13","69.88","70.95","71.25","69.66","331.69K","-1.51%"
"2025-3-12","70.95","69.95","71.10","69.48","273.31K","2.00%"
"2025-3-11","69.56","69.05","70.44","68.63","282.86K","0.40%"
"2025-3-10","69.28","70.49","70.88","69.05","275.18K","-1.53%"
"2025-3-7","70.36","69.43","71.40","69.30","395.50K","1.30%"
"2025-3-6","69.46","69.43","69.90","68.74","409.42K","0.23%"
"2025-3-5","69.30","71.02","71.18","68.33","473.00K","-2.45%"
"2025-3-4","71.04","71.30","71.36","69.75","505.15K","-0.81%"
"2025-3-3","71.62","73.04","73.67","71.17","413.71K","-2.13%"
"2025-2-28","73.18","73.72","73.84","72.97","16.15K","-1.16%"
"2025-2-27","74.04","72.70","74.26","72.49","78.87K","2.08%"
"2025-2-26","72.53","73.16","73.34","72.39","126.28K","-0.67%"
"2025-2-25","73.02","74.74","75.26","72.70","188.29K","-1.74%"
"2025-2-24","74.31","73.76","74.50","73.71","263.74K","0.35%"
"2025-2-21","74.05","76.21","76.32","73.80","325.12K","-2.63%"
"2025-2-20","76.05","75.68","76.71","75.36","309.86K","0.50%"
"2025-2-19","75.67","75.44","76.40","75.38","250.06K","0.32%"
"2025-2-18","75.43","74.95","75.67","74.59","285.65K","0.67%"
"2025-2-17","74.93","74.36","75.07","73.91","189.58K","0.25%"
"2025-2-14","74.74","75.00","75.85","74.53","302.06K","-0.37%"
"2025-2-13","75.02","74.97","75.37","74.06","331.42K","-0.21%"
"2025-2-12","75.18","76.82","76.91","74.92","371.41K","-2.36%"
"2025-2-11","77.00","75.94","77.29","75.90","349.47K","1.49%"
"2025-2-10","75.87","74.59","76.23","74.51","271.70K","1.62%"
"2025-2-7","74.66","74.31","75.12","74.26","290.58K","0.50%"
"2025-2-6","74.29","74.71","75.40","74.10","378.11K","-0.43%"
"2025-2-5","74.61","76.21","76.34","74.56","343.53K","-2.09%"
"2025-2-4","76.20","75.40","76.66","74.15","576.12K","0.32%"
"2025-2-3","75.96","76.79","77.34","75.04","548.33K","-1.04%"
"2025-1-31","76.76","77.25","77.51","76.48","17.83K","-0.14%"
"2025-1-30","76.87","76.77","77.63","76.00","84.79K","0.38%"
"2025-1-29","76.58","77.62","77.70","76.31","104.85K","-1.17%"
"2025-1-28","77.49","77.01","78.18","76.85","215.56K","0.53%"
"2025-1-27","77.08","78.34","79.00","76.30","247.12K","-0.61%"
"2025-1-24","77.55","77.17","78.08","76.92","380.75K","-0.01%"
"2025-1-23","77.56","78.01","78.80","77.12","379.04K","-0.75%"
"2025-1-22","78.15","78.47","78.91","77.95","347.64K","-0.32%"
"2025-1-21","78.40","78.78","79.37","77.66","382.47K","-0.88%"
"2025-1-20","79.10","79.72","79.99","78.43","276.32K","-2.09%"
"2025-1-17","80.79","81.44","81.93","80.50","309.20K","-0.62%"
"2025-1-16","81.29","82.42","82.57","80.39","453.67K","-0.90%"
"2025-1-15","82.03","80.29","82.63","79.62","484.58K","2.64%"
"2025-1-14","79.92","80.92","81.15","79.87","445.38K","-1.35%"
"2025-1-13","81.01","79.76","81.68","79.76","610.62K","1.57%"
"2025-1-10","79.76","77.26","80.75","77.03","762.62K","3.69%"
"2025-1-9","76.92","76.18","77.27","75.68","302.92K","1.00%"
"2025-1-8","76.16","77.30","77.89","76.04","442.51K","-1.16%"
"2025-1-7","77.05","76.18","77.30","75.91","368.63K","0.98%"
"2025-1-6","76.30","76.58","77.50","75.94","372.57K","-0.27%"
"2025-1-3","76.51","75.98","76.73","75.53","314.61K","0.76%"
"2025-1-2","75.93","74.93","76.55","74.72","365.43K","1.73%"
"2024-12-31","74.64","74.25","74.89","73.84","190.98K","0.34%"
"2024-12-30","74.39","73.81","74.63","73.80","23.42K","0.30%"
"2024-12-27","74.17","73.16","74.29","73.05","82.60K","1.24%"
"2024-12-26","73.26","73.77","74.17","72.99","54.05K","-0.43%"
"2024-12-24","73.58","72.96","73.81","72.79","93.49K","1.31%"
"2024-12-23","72.63","72.86","73.38","71.98","184.07K","-0.43%"
"2024-12-20","72.94","72.57","73.29","72.00","240.71K","0.08%"
"2024-12-19","72.88","72.91","73.86","72.53","302.55K","-0.69%"
"2024-12-18","73.39","73.26","74.20","72.80","285.30K","0.27%"
"2024-12-17","73.19","73.91","74.18","72.48","270.25K","-0.97%"
"2024-12-16","73.91","74.60","74.60","73.70","234.42K","-0.78%"
"2024-12-13","74.49","73.33","74.59","73.30","246.40K","1.47%"
"2024-12-12","73.41","73.60","74.00","72.42","324.25K","-0.15%"
"2024-12-11","73.52","72.15","73.75","72.15","308.96K","1.84%"
"2024-12-10","72.19","71.94","72.72","71.53","265.90K","0.07%"
"2024-12-9","72.14","70.92","72.65","70.92","231.21K","1.43%"
"2024-12-6","71.12","72.12","72.19","70.85","290.06K","-1.35%"
"2024-12-5","72.09","72.52","72.92","71.80","318.76K","-0.30%"
"2024-12-4","72.31","73.62","74.28","72.25","340.35K","-1.78%"
"2024-12-3","73.62","71.93","73.93","71.68","365.42K","2.49%"
"2024-12-2","71.83","72.00","72.89","71.52","289.49K","-1.52%"
"2024-11-29","72.94","73.11","73.47","72.56","23.33K","-0.46%"
"2024-11-28","73.28","72.87","73.49","72.38","49.82K","0.62%"
"2024-11-27","72.83","72.88","73.37","72.27","106.53K","0.03%"
"2024-11-26","72.81","72.85","74.36","72.09","200.70K","-0.27%"
"2024-11-25","73.01","75.38","75.38","72.84","282.16K","-2.87%"
"2024-11-22","75.17","74.29","75.41","73.43","298.30K","1.27%"
"2024-11-21","74.23","73.10","74.40","72.91","307.87K","1.95%"
"2024-11-20","72.81","73.38","73.94","72.70","260.51K","-0.68%"
"2024-11-19","73.31","73.15","73.87","72.61","354.13K","0.01%"
"2024-11-18","73.30","70.80","73.47","70.70","333.85K","3.18%"
"2024-11-15","71.04","72.28","72.49","70.83","307.47K","-2.09%"
"2024-11-14","72.56","72.12","73.22","71.79","264.41K","0.39%"
"2024-11-13","72.28","71.78","72.63","70.72","388.33K","0.54%"
"2024-11-12","71.89","71.97","72.82","71.55","317.34K","0.08%"
"2024-11-11","71.83","73.85","74.13","71.57","366.90K","-2.76%"
"2024-11-8","73.87","75.55","75.61","73.44","324.16K","-2.33%"
"2024-11-7","75.63","74.99","76.08","74.02","397.04K","0.95%"
"2024-11-6","74.92","75.30","75.98","73.34","467.56K","-0.81%"
"2024-11-5","75.53","75.00","76.24","74.90","296.48K","0.60%"
"2024-11-4","75.08","74.00","75.40","73.88","299.39K","2.71%"
"2024-11-1","73.10","74.11","74.94","72.89","336.96K","-0.08%"
"2024-10-31","73.16","72.85","73.38","72.20","14.27K","0.84%"
"2024-10-30","72.55","71.39","73.12","71.08","90.92K","2.01%"
"2024-10-29","71.12","72.00","72.60","70.72","108.89K","-0.42%"
"2024-10-28","71.42","72.77","73.28","71.18","317.18K","-6.09%"
"2024-10-25","76.05","74.66","76.14","74.17","209.78K","2.25%"
"2024-10-24","74.38","75.35","76.54","74.00","272.67K","-0.77%"
"2024-10-23","74.96","75.73","76.05","74.42","288.44K","-1.42%"
"2024-10-22","76.04","74.23","76.32","73.57","353.15K","2.36%"
"2024-10-21","74.29","73.11","74.57","72.80","279.25K","1.68%"
"2024-10-18","73.06","74.59","74.95","72.50","320.78K","-1.87%"
"2024-10-17","74.45","74.47","74.92","73.26","298.43K","0.31%"
"2024-10-16","74.22","74.71","74.93","73.42","323.37K","-0.04%"
"2024-10-15","74.25","75.22","75.57","73.34","491.23K","-4.14%"
"2024-10-14","77.46","78.55","78.55","74.86","343.07K","-2.00%"
"2024-10-11","79.04","79.14","79.50","78.04","365.34K","-0.45%"
"2024-10-10","79.40","76.76","79.72","76.72","400.89K","3.68%"
"2024-10-9","76.58","77.49","78.02","75.15","497.00K","-0.78%"
"2024-10-8","77.18","80.96","81.14","76.36","646.38K","-4.63%"
"2024-10-7","80.93","78.07","81.16","77.23","496.80K","3.69%"
"2024-10-4","78.05","77.79","79.30","77.39","562.05K","0.55%"
"2024-10-3","77.62","74.59","77.99","74.31","643.31K","5.03%"
"2024-10-2","73.90","74.47","76.14","73.59","541.74K","0.46%"
"2024-10-1","73.56","71.85","75.45","69.91","869.15K","2.49%"
"2024-9-30","71.77","72.50","73.17","71.26","19.52K","-0.29%"
"2024-9-27","71.98","71.42","72.45","70.91","99.35K","0.53%"
"2024-9-26","71.60","73.40","73.80","70.72","162.22K","-2.53%"
"2024-9-25","73.46","75.18","75.35","73.06","283.66K","-2.27%"
"2024-9-24","75.17","74.13","75.87","73.95","238.47K","1.72%"
"2024-9-23","73.90","74.71","75.17","73.10","273.95K","-0.79%"
"2024-9-20","74.49","74.77","75.00","74.00","221.09K","-0.52%"
"2024-9-19","74.88","73.13","75.18","72.91","299.01K","1.67%"
"2024-9-18","73.65","73.69","74.10","72.31","290.81K","-0.07%"
"2024-9-17","73.70","72.91","74.28","72.17","274.59K","1.31%"
"2024-9-16","72.75","72.09","73.39","71.52","232.18K","1.59%"
"2024-9-13","71.61","72.30","73.24","71.46","260.64K","-0.50%"
"2024-9-12","71.97","70.60","72.87","70.59","361.87K","1.93%"
"2024-9-11","70.61","69.68","71.09","69.00","354.35K","2.05%"
"2024-9-10","69.19","71.92","72.28","68.68","395.71K","-3.69%"
"2024-9-9","71.84","71.66","72.21","70.65","314.52K","1.10%"
"2024-9-6","71.06","72.81","73.53","70.61","374.05K","-2.24%"
"2024-9-5","72.69","72.76","74.20","72.37","394.47K","-0.01%"
"2024-9-4","72.70","73.67","74.80","72.35","523.50K","-1.42%"
"2024-9-3","73.75","77.16","77.55","73.51","568.05K","-4.86%"
"2024-9-2","77.52","76.95","77.63","76.21","181.37K","-1.62%"
"2024-8-30","78.80","79.92","80.60","78.57","17.11K","-1.43%"
"2024-8-29","79.94","78.52","80.78","78.12","97.64K","1.64%"
"2024-8-28","78.65","79.87","80.01","77.95","121.16K","-1.13%"
"2024-8-27","79.55","81.26","81.59","79.47","238.22K","-2.31%"
"2024-8-26","81.43","79.35","81.58","79.24","234.38K","3.05%"
"2024-8-23","79.02","77.25","79.27","77.03","216.34K","2.33%"
"2024-8-22","77.22","75.96","77.70","75.77","277.53K","1.54%"
"2024-8-21","76.05","77.13","78.21","75.65","323.32K","-1.49%"
"2024-8-20","77.20","77.66","78.35","76.55","367.14K","-0.59%"
"2024-8-19","77.66","79.60","79.81","77.48","366.54K","-2.54%"
"2024-8-16","79.68","80.86","81.02","78.62","320.91K","-1.68%"
"2024-8-15","81.04","79.96","81.43","79.61","270.93K","1.60%"
"2024-8-14","79.76","81.00","81.44","79.60","359.13K","-1.15%"
"2024-8-13","80.69","81.88","82.30","80.55","356.46K","-1.96%"
"2024-8-12","82.30","79.56","82.40","79.46","328.38K","3.31%"
"2024-8-9","79.66","79.03","79.83","78.77","213.07K","0.63%"
"2024-8-8","79.16","78.55","79.37","77.63","320.08K","1.06%"
"2024-8-7","78.33","76.16","78.87","75.95","444.74K","2.42%"
"2024-8-6","76.48","77.45","77.85","75.58","393.03K","0.24%"
"2024-8-5","76.30","77.61","77.74","75.05","557.81K","-0.66%"
"2024-8-2","76.81","79.98","80.46","76.42","501.31K","-3.41%"
"2024-8-1","79.52","81.44","81.80","79.43","364.93K","-1.49%"
"2024-7-31","80.72","79.02","80.95","79.02","12.09K","2.66%"
"2024-7-30","78.63","79.64","79.99","78.43","87.78K","-1.44%"
"2024-7-29","79.78","81.30","81.74","79.36","132.25K","-1.66%"
"2024-7-26","81.13","82.40","82.71","80.33","204.95K","-1.51%"
"2024-7-25","82.37","81.58","82.53","80.09","332.16K","0.81%"
"2024-7-24","81.71","81.46","82.23","80.93","298.20K","0.86%"
"2024-7-23","81.01","82.25","82.79","80.51","384.32K","-1.69%"
"2024-7-22","82.40","82.80","83.22","81.60","341.72K","-0.28%"
"2024-7-19","82.63","84.72","85.35","82.56","362.34K","-2.91%"
"2024-7-18","85.11","85.23","85.81","84.22","368.32K","0.04%"
"2024-7-17","85.08","83.66","85.20","83.43","325.40K","1.61%"
"2024-7-16","83.73","84.78","84.86","83.30","327.85K","-1.32%"
"2024-7-15","84.85","85.10","85.37","84.42","229.27K","-0.21%"
"2024-7-12","85.03","85.69","86.35","84.95","363.93K","-0.43%"
"2024-7-11","85.40","85.45","85.89","84.64","336.70K","0.38%"
"2024-7-10","85.08","84.92","85.66","84.00","401.56K","0.50%"
"2024-7-9","84.66","85.67","85.85","84.53","354.29K","-1.27%"
"2024-7-8","85.75","86.74","86.92","85.56","303.58K","-0.91%"
"2024-7-5","86.54","87.45","87.95","86.49","265.30K","-1.02%"
"2024-7-4","87.43","87.09","87.59","86.51","179.04K","0.10%"
"2024-7-3","87.34","86.44","87.39","85.89","334.82K","1.28%"
"2024-7-2","86.24","86.71","87.46","86.16","429.15K","-0.42%"
"2024-7-1","86.60","84.90","86.88","84.85","401.36K","0.22%"
"2024-6-28","86.41","86.56","87.22","86.24","20.94K","0.02%"
"2024-6-27","86.39","85.01","86.50","84.88","119.99K","1.34%"
"2024-6-26","85.25","84.89","85.81","84.47","142.86K","0.28%"
"2024-6-25","85.01","86.06","86.23","84.74","197.50K","-1.16%"
"2024-6-24","86.01","84.99","86.16","84.71","179.76K","0.90%"
"2024-6-21","85.24","85.66","86.24","84.84","240.12K","-0.55%"
"2024-6-20","85.71","85.19","85.96","84.95","256.46K","0.75%"
"2024-6-19","85.07","85.40","85.84","84.90","251.83K","-0.30%"
"2024-6-18","85.33","84.31","85.49","83.67","402.24K","1.28%"
"2024-6-17","84.25","82.61","84.55","82.10","359.72K","1.97%"
"2024-6-14","82.62","82.05","83.39","81.92","336.48K","-0.16%"
"2024-6-13","82.75","82.42","83.05","81.80","334.00K","0.18%"
"2024-6-12","82.60","82.08","83.34","81.96","333.39K","0.83%"
"2024-6-11","81.92","81.97","82.36","81.19","332.53K","0.36%"
"2024-6-10","81.63","79.38","82.17","79.34","344.71K","2.52%"
"2024-6-7","79.62","80.05","80.38","79.32","267.07K","-0.31%"
"2024-6-6","79.87","78.70","80.08","78.38","344.98K","1.86%"
"2024-6-5","78.41","77.29","78.66","77.18","339.35K","1.15%"
"2024-6-4","77.52","78.14","78.22","76.76","472.05K","-1.07%"
"2024-6-3","78.36","81.15","81.65","78.09","458.86K","-3.99%"
"2024-5-31","81.62","81.74","82.18","81.17","17.29K","-0.29%"
"2024-5-30","81.86","83.51","83.77","81.80","105.41K","-2.08%"
"2024-5-29","83.60","84.61","85.02","83.29","127.27K","-0.74%"
"2024-5-28","84.22","83.00","84.62","83.00","184.26K","1.35%"
"2024-5-27","83.10","82.20","83.20","82.08","56.71K","1.19%"
"2024-5-24","82.12","81.40","82.46","80.65","180.64K","0.93%"
"2024-5-23","81.36","81.59","82.97","80.93","322.41K","-0.66%"
"2024-5-22","81.90","82.58","82.63","81.57","347.60K","-1.18%"
"2024-5-21","82.88","83.75","83.76","82.04","388.56K","-0.99%"
"2024-5-20","83.71","83.98","84.49","83.11","299.83K","-0.32%"
"2024-5-17","83.98","83.43","84.04","83.08","277.18K","0.85%"
"2024-5-16","83.27","83.03","83.78","82.31","305.71K","0.63%"
"2024-5-15","82.75","82.76","83.07","81.05","385.98K","0.45%"
"2024-5-14","82.38","83.41","83.62","82.10","333.57K","-1.18%"
"2024-5-13","83.36","82.78","83.84","82.26","331.78K","0.69%"
"2024-5-10","82.79","84.21","84.53","82.70","311.45K","-1.30%"
"2024-5-9","83.88","83.79","84.33","83.45","309.45K","0.36%"
"2024-5-8","83.58","83.02","83.82","81.71","395.43K","0.51%"
"2024-5-7","83.16","83.72","83.88","82.41","365.21K","-0.20%"
"2024-5-6","83.33","82.99","83.83","82.77","222.39K","0.45%"
"2024-5-3","82.96","83.90","84.39","82.78","335.57K","-0.85%"
"2024-5-2","83.67","83.59","84.44","83.05","392.64K","0.28%"
"2024-5-1","83.44","85.80","85.89","83.29","482.83K","-5.03%"
"2024-4-30","87.86","88.41","88.79","87.46","14.19K","-0.61%"
"2024-4-29","88.40","89.22","89.29","88.11","99.95K","-1.23%"
"2024-4-26","89.50","89.23","89.83","88.78","113.70K","0.55%"
"2024-4-25","89.01","87.89","89.31","87.31","241.35K","1.12%"
"2024-4-24","88.02","88.45","88.86","87.65","241.64K","-0.45%"
"2024-4-23","88.42","87.20","88.51","86.03","341.78K","1.63%"
"2024-4-22","87.00","87.07","87.26","85.79","372.13K","-0.33%"
"2024-4-19","87.29","87.04","90.75","86.19","499.71K","0.21%"
"2024-4-18","87.11","87.42","87.80","86.09","433.24K","-0.21%"
"2024-4-17","87.29","90.11","90.17","87.13","462.93K","-3.03%"
"2024-4-16","90.02","90.43","90.84","89.41","323.52K","-0.09%"
"2024-4-15","90.10","90.95","91.05","88.73","410.36K","-0.39%"
"2024-4-12","90.45","90.13","92.18","90.01","401.22K","0.79%"
"2024-4-11","89.74","90.52","90.92","89.38","377.53K","-0.82%"
"2024-4-10","90.48","89.55","90.71","88.83","371.23K","1.19%"
"2024-4-9","89.42","90.63","90.94","89.25","346.43K","-1.06%"
"2024-4-8","90.38","90.09","91.10","88.78","392.34K","-0.87%"
"2024-4-5","91.17","91.21","91.91","90.57","390.78K","0.57%"
"2024-4-4","90.65","89.48","91.30","88.72","390.95K","1.45%"
"2024-4-3","89.35","89.22","89.99","88.67","367.37K","0.48%"
"2024-4-2","88.92","87.62","89.32","87.62","427.94K","1.72%"
"2024-4-1","87.42","86.98","87.98","86.40","274.96K","-0.07%"
"2024-3-28","87.48","86.41","87.52","86.30","18.69K","1.61%"
"2024-3-27","86.09","85.86","86.39","85.17","96.51K","-0.19%"
"2024-3-26","86.25","86.81","87.06","85.80","126.82K","-0.58%"
"2024-3-25","86.75","85.50","87.17","85.40","175.00K","1.55%"
"2024-3-22","85.43","85.66","86.15","85.11","168.35K","-0.41%"
"2024-3-21","85.78","86.24","86.64","85.06","271.87K","-0.20%"
"2024-3-20","85.95","87.15","87.35","85.59","386.30K","-1.64%"
"2024-3-19","87.38","86.94","87.70","86.48","367.42K","0.56%"
"2024-3-18","86.89","85.32","87.18","85.25","390.07K","1.82%"
"2024-3-15","85.34","85.15","85.55","84.60","287.01K","-0.09%"
"2024-3-14","85.42","84.04","85.69","83.98","383.73K","1.65%"
"2024-3-13","84.03","82.45","84.24","81.96","391.69K","2.58%"
"2024-3-12","81.92","82.45","83.01","81.69","320.25K","-0.35%"
"2024-3-11","82.21","82.00","82.75","81.08","347.33K","0.16%"
"2024-3-8","82.08","83.18","83.84","81.71","320.30K","-1.06%"
"2024-3-7","82.96","82.92","83.53","82.07","374.57K","0.00%"
"2024-3-6","82.96","82.01","84.05","81.85","372.05K","1.12%"
"2024-3-5","82.04","82.74","83.14","81.72","450.40K","-0.92%"
"2024-3-4","82.80","83.50","84.08","82.57","369.83K","-0.90%"
"2024-3-1","83.55","82.07","84.34","81.81","402.47K","-0.08%"
"2024-2-29","83.62","83.23","83.90","83.05","16.34K","-0.07%"
"2024-2-28","83.68","83.30","84.31","82.60","107.85K","0.04%"
"2024-2-27","83.65","82.64","83.70","82.10","79.81K","1.36%"
"2024-2-26","82.53","81.41","83.07","81.00","180.34K","1.11%"
"2024-2-23","81.62","83.39","83.48","81.43","226.40K","-2.45%"
"2024-2-22","83.67","83.20","83.96","82.33","275.28K","0.77%"
"2024-2-21","83.03","82.50","83.17","81.66","305.18K","0.84%"
"2024-2-20","82.34","83.24","83.63","82.05","297.03K","-1.46%"
"2024-2-19","83.56","83.28","83.60","82.55","185.06K","0.11%"
"2024-2-16","83.47","82.79","83.66","81.89","337.06K","0.74%"
"2024-2-15","82.86","81.42","83.25","80.72","330.45K","1.54%"
"2024-2-14","81.60","82.60","83.60","81.39","344.36K","-1.41%"
"2024-2-13","82.77","82.00","83.24","81.96","331.80K","0.94%"
"2024-2-12","82.00","81.94","82.19","80.77","246.24K","-0.23%"
"2024-2-9","82.19","81.72","82.45","81.21","315.32K","0.69%"
"2024-2-8","81.63","79.30","81.90","79.03","436.50K","3.06%"
"2024-2-7","79.21","78.70","79.50","78.49","291.68K","0.79%"
"2024-2-6","78.59","77.95","79.08","77.63","305.61K","0.77%"
"2024-2-5","77.99","77.90","78.33","76.62","293.37K","0.85%"
"2024-2-2","77.33","79.15","79.44","76.85","411.75K","-1.74%"
"2024-2-1","78.70","80.57","81.55","78.57","525.77K","-3.68%"
"2024-1-31","81.71","82.94","82.94","81.59","14.38K","-1.40%"
"2024-1-30","82.87","82.62","83.30","81.34","89.31K","0.57%"
"2024-1-29","82.40","84.13","84.80","82.03","129.91K","-1.38%"
"2024-1-26","83.55","82.44","83.81","81.31","240.25K","1.36%"
"2024-1-25","82.43","80.31","82.57","80.06","248.18K","2.99%"
"2024-1-24","80.04","79.56","80.73","79.05","230.75K","0.62%"
"2024-1-23","79.55","79.92","80.43","78.70","331.10K","-0.64%"
"2024-1-22","80.06","78.89","80.55","77.81","319.71K","1.91%"
"2024-1-19","78.56","79.10","79.73","78.32","282.31K","-0.68%"
"2024-1-18","79.10","78.15","79.30","77.33","325.29K","1.57%"
"2024-1-17","77.88","77.77","78.19","76.50","355.40K","-0.52%"
"2024-1-16","78.29","78.43","79.40","77.60","298.55K","0.18%"
"2024-1-15","78.15","78.14","78.90","76.85","177.69K","-0.18%"
"2024-1-12","78.29","78.75","80.75","77.96","401.34K","1.14%"
"2024-1-11","77.41","76.70","79.10","76.66","396.77K","0.79%"
"2024-1-10","76.80","77.48","78.73","76.38","353.70K","-1.02%"
"2024-1-9","77.59","76.30","78.19","75.95","346.79K","1.93%"
"2024-1-8","76.12","78.70","78.95","75.26","342.63K","-3.35%"
"2024-1-5","78.76","77.71","79.26","77.66","291.00K","1.51%"
"2024-1-4","77.59","78.56","79.41","76.50","356.65K","-0.84%"
"2024-1-3","78.25","76.06","78.67","74.79","361.77K","3.11%"
"2024-1-2","75.89","77.39","79.06","75.60","338.35K","-1.49%"
"2023-12-29","77.04","77.38","77.98","76.73","192.95K","-1.72%"
"2023-12-28","78.39","79.80","79.95","78.25","18.78K","-1.58%"
"2023-12-27","79.65","80.79","81.33","79.29","70.39K","-1.75%"
"2023-12-26","81.07","79.04","81.72","78.76","59.74K","2.53%"
"2023-12-22","79.07","79.35","80.37","78.88","119.19K","-0.40%"
"2023-12-21","79.39","79.00","80.13","77.81","193.32K","-0.39%"
"2023-12-20","79.70","79.17","80.60","79.07","241.81K","0.59%"
"2023-12-19","79.23","78.06","79.67","77.41","214.68K","1.64%"
"2023-12-18","77.95","76.80","79.51","75.76","279.47K","1.83%"
"2023-12-15","76.55","76.66","77.23","75.29","223.09K","-0.08%"
"2023-12-14","76.61","74.76","77.35","74.44","257.52K","3.16%"
"2023-12-13","74.26","73.26","74.70","72.29","260.18K","1.39%"
"2023-12-12","73.24","76.17","76.66","72.86","310.09K","-3.67%"
"2023-12-11","76.03","75.73","76.50","75.01","212.76K","0.25%"
"2023-12-8","75.84","74.59","76.36","74.20","228.45K","2.42%"
"2023-12-7","74.05","74.50","75.48","73.60","297.94K","-0.34%"
"2023-12-6","74.30","77.12","77.65","74.11","385.40K","-3.76%"
"2023-12-5","77.20","78.10","79.09","77.00","352.89K","-1.06%"
"2023-12-4","78.03","79.50","79.72","77.52","388.38K","-1.08%"
"2023-12-1","78.88","80.67","81.54","78.75","350.25K","-4.77%"
"2023-11-30","82.83","82.78","84.75","82.58","15.08K","-0.32%"
"2023-11-29","83.10","81.91","83.25","80.96","98.24K","1.74%"
"2023-11-28","81.68","80.19","82.16","79.80","112.50K","2.13%"
"2023-11-27","79.98","80.40","81.17","79.13","157.36K","-0.74%"
"2023-11-24","80.58","81.40","82.20","80.13","114.14K","-1.03%"
"2023-11-23","81.42","81.60","81.63","80.19","108.32K","-0.66%"
"2023-11-22","81.96","82.47","82.65","78.41","367.18K","-0.59%"
"2023-11-21","82.45","82.13","82.54","81.43","238.51K","0.16%"
"2023-11-20","82.32","80.30","82.94","79.58","248.33K","2.12%"
"2023-11-17","80.61","77.55","80.81","77.28","340.03K","4.12%"
"2023-11-16","77.42","80.98","81.17","76.60","441.64K","-4.63%"
"2023-11-15","81.18","82.39","83.04","80.79","299.42K","-1.56%"
"2023-11-14","82.47","82.71","83.97","82.06","248.94K","-0.06%"
"2023-11-13","82.52","81.43","82.84","80.41","243.30K","1.34%"
"2023-11-10","81.43","79.85","82.06","79.79","249.55K","1.77%"
"2023-11-9","80.01","79.70","81.48","79.44","306.11K","0.59%"
"2023-11-8","79.54","81.40","81.96","79.20","420.70K","-2.54%"
"2023-11-7","81.61","85.15","85.19","81.40","402.76K","-4.19%"
"2023-11-6","85.18","85.55","86.46","84.88","239.23K","0.34%"
"2023-11-3","84.89","86.92","87.80","84.56","354.85K","-2.26%"
"2023-11-2","86.85","85.00","87.05","84.64","301.87K","2.62%"
"2023-11-1","84.63","85.45","87.24","84.58","321.66K","-3.18%"
"2023-10-31","87.41","87.90","88.61","87.40","13.68K","-0.05%"
"2023-10-30","87.45","90.07","90.15","87.20","99.04K","-3.35%"
"2023-10-27","90.48","88.40","90.75","87.83","109.14K","2.90%"
"2023-10-26","87.93","89.92","90.40","87.53","198.64K","-2.44%"
"2023-10-25","90.13","88.04","90.35","86.68","290.91K","2.34%"
"2023-10-24","88.07","90.47","90.68","87.35","304.12K","-1.96%"
"2023-10-23","89.83","92.11","92.45","89.62","282.44K","-2.53%"
"2023-10-20","92.16","93.23","93.79","91.66","272.72K","-0.24%"
"2023-10-19","92.38","91.35","93.48","89.57","309.00K","0.96%"
"2023-10-18","91.50","91.25","93.00","90.60","348.19K","1.78%"
"2023-10-17","89.90","89.91","91.00","88.88","252.83K","0.28%"
"2023-10-16","89.65","90.98","91.39","89.50","283.25K","-1.36%"
"2023-10-13","90.89","86.35","91.00","86.28","424.71K","5.69%"
"2023-10-12","86.00","85.53","87.64","85.18","370.44K","0.21%"
"2023-10-11","85.82","87.72","88.26","85.21","402.31K","-2.09%"
"2023-10-10","87.65","88.17","88.49","86.91","352.11K","-0.57%"
"2023-10-9","88.15","86.45","89.00","86.00","412.76K","4.22%"
"2023-10-6","84.58","84.49","84.95","83.44","424.46K","0.61%"
"2023-10-5","84.07","85.88","86.52","83.84","510.68K","-2.03%"
"2023-10-4","85.81","91.04","91.21","85.75","525.56K","-5.62%"
"2023-10-3","90.92","90.40","91.56","89.50","437.64K","0.23%"
"2023-10-2","90.71","92.18","93.33","90.35","423.48K","-4.83%"
"2023-9-29","95.31","95.07","96.26","94.90","12.84K","-0.07%"
"2023-9-28","95.38","96.74","97.69","94.76","91.45K","-1.21%"
"2023-9-27","96.55","94.12","97.06","94.10","146.72K","2.76%"
"2023-9-26","93.96","93.28","94.21","91.80","169.45K","0.72%"
"2023-9-25","93.29","93.75","94.25","92.54","177.62K","0.02%"
"2023-9-22","93.27","93.37","94.64","92.80","240.04K","-0.03%"
"2023-9-21","93.30","93.08","94.60","92.20","314.69K","-0.25%"
"2023-9-20","93.53","94.49","94.72","92.76","330.59K","-0.86%"
"2023-9-19","94.34","94.66","95.96","94.16","403.40K","-0.10%"
"2023-9-18","94.43","94.28","94.95","93.79","337.78K","0.53%"
"2023-9-15","93.93","94.02","94.63","92.67","316.90K","0.25%"
"2023-9-14","93.70","92.04","94.21","92.02","310.00K","1.98%"
"2023-9-13","91.88","92.04","92.84","91.63","302.75K","-0.20%"
"2023-9-12","92.06","90.62","92.40","90.52","336.57K","1.57%"
"2023-9-11","90.64","90.83","91.45","90.11","303.42K","-0.01%"
"2023-9-8","90.65","89.79","91.02","89.30","298.14K","0.81%"
"2023-9-7","89.92","90.81","90.89","89.46","213.02K","-0.75%"
"2023-9-6","90.60","90.12","91.10","89.25","282.91K","0.62%"
"2023-9-5","90.04","88.91","91.15","88.06","428.45K","1.17%"
"2023-9-4","89.00","88.95","89.22","88.26","140.67K","0.51%"
"2023-9-1","88.55","86.82","88.99","86.74","380.76K","1.95%"
"2023-8-31","86.86","86.00","86.94","85.74","11.27K","1.16%"
"2023-8-30","85.86","85.62","86.23","85.11","86.74K","0.43%"
"2023-8-29","85.49","84.39","85.65","83.80","115.36K","1.27%"
"2023-8-28","84.42","84.87","85.23","84.11","88.35K","-0.07%"
"2023-8-25","84.48","83.26","84.97","82.67","230.35K","1.34%"
"2023-8-24","83.36","82.95","83.62","81.97","253.84K","0.18%"
"2023-8-23","83.21","83.99","84.26","81.94","361.61K","-0.98%"
"2023-8-22","84.03","84.46","84.66","83.85","287.35K","-0.51%"
"2023-8-21","84.46","84.80","85.86","84.31","289.24K","-0.40%"
"2023-8-18","84.80","83.88","85.08","83.33","287.97K","0.81%"
"2023-8-17","84.12","83.20","84.88","83.05","305.58K","0.80%"
"2023-8-16","83.45","85.20","85.36","83.13","334.45K","-1.70%"
"2023-8-15","84.89","86.12","86.68","84.29","305.41K","-1.53%"
"2023-8-14","86.21","86.53","86.71","85.50","267.09K","-0.69%"
"2023-8-11","86.81","86.37","87.35","85.84","318.06K","0.47%"
"2023-8-10","86.40","87.39","88.10","86.20","337.57K","-1.31%"
"2023-8-9","87.55","86.00","87.65","85.91","388.30K","1.60%"
"2023-8-8","86.17","85.79","86.34","83.32","375.87K","0.97%"
"2023-8-7","85.34","86.23","86.73","85.03","259.62K","-1.04%"
"2023-8-4","86.24","85.31","86.65","85.06","268.75K","1.29%"
"2023-8-3","85.14","83.46","85.41","82.36","392.61K","2.33%"
"2023-8-2","83.20","85.86","85.99","82.74","399.19K","-2.01%"
"2023-8-1","84.91","85.24","85.91","84.21","297.77K","-0.76%"
"2023-7-31","85.56","84.95","85.80","84.40","16.53K","0.67%"
"2023-7-28","84.99","83.71","85.09","83.22","102.84K","0.89%"
"2023-7-27","84.24","82.93","84.50","82.93","110.65K","1.59%"
"2023-7-26","82.92","83.19","83.85","82.58","173.82K","-0.86%"
"2023-7-25","83.64","82.85","83.87","82.22","234.66K","1.09%"
"2023-7-24","82.74","80.95","83.16","80.42","295.10K","2.06%"
"2023-7-21","81.07","79.78","81.24","79.65","294.35K","1.80%"
"2023-7-20","79.64","79.33","80.27","78.66","236.41K","0.23%"
"2023-7-19","79.46","79.84","80.93","79.17","311.44K","-0.21%"
"2023-7-18","79.63","78.52","79.99","78.19","366.47K","1.44%"
"2023-7-17","78.50","79.36","80.64","78.25","341.16K","-1.72%"
"2023-7-14","79.87","81.64","81.70","79.53","311.23K","-1.83%"
"2023-7-13","81.36","80.19","81.75","79.88","416.12K","1.56%"
"2023-7-12","80.11","79.32","80.55","79.21","362.33K","0.89%"
"2023-7-11","79.40","77.82","79.50","77.63","333.84K","2.20%"
"2023-7-10","77.69","78.60","78.77","77.36","288.40K","-0.99%"
"2023-7-7","78.47","76.52","78.54","76.03","331.53K","2.55%"
"2023-7-6","76.52","76.70","77.09","75.03","333.88K","-0.17%"
"2023-7-5","76.65","76.03","76.95","75.30","293.74K","0.52%"
"2023-7-4","76.25","74.89","76.29","74.74","157.96K","2.14%"
"2023-7-3","74.65","75.11","76.60","74.56","328.00K","-0.33%"
"2023-6-30","74.90","74.22","75.40","74.21","14.70K","0.75%"
"2023-6-29","74.34","73.72","74.98","73.39","72.87K","0.42%"
"2023-6-28","74.03","72.62","74.20","71.57","91.45K","2.45%"
"2023-6-27","72.26","74.28","74.90","72.08","161.15K","-2.59%"
"2023-6-26","74.18","74.50","74.85","73.42","150.17K","0.45%"
"2023-6-23","73.85","74.02","74.44","72.11","169.54K","-0.39%"
"2023-6-22","74.14","77.03","77.20","73.59","329.53K","-3.86%"
"2023-6-21","77.12","75.54","77.24","75.52","236.55K","1.61%"
"2023-6-20","75.90","76.12","77.15","74.51","276.38K","-0.25%"
"2023-6-19","76.09","76.40","76.93","75.34","141.42K","-0.68%"
"2023-6-16","76.61","75.64","76.74","75.08","256.25K","1.24%"
"2023-6-15","75.67","73.41","75.97","72.91","260.41K","3.37%"
"2023-6-14","73.20","74.05","75.49","73.03","318.37K","-1.47%"
"2023-6-13","74.29","72.11","74.66","71.94","321.15K","3.41%"
"2023-6-12","71.84","74.87","74.87","71.58","358.50K","-3.94%"
"2023-6-9","74.79","75.53","76.57","74.71","260.20K","-1.54%"
"2023-6-8","75.96","76.80","77.68","73.58","393.89K","-1.29%"
"2023-6-7","76.95","76.22","77.64","75.51","325.63K","0.87%"
"2023-6-6","76.29","76.55","76.75","74.72","304.58K","-0.55%"
"2023-6-5","76.71","77.68","78.73","76.31","384.00K","0.76%"
"2023-6-2","76.13","74.28","76.50","74.18","273.54K","2.49%"
"2023-6-1","74.28","72.15","75.25","72.03","349.92K","2.23%"
"2023-5-31","72.66","73.60","73.81","71.39","20.11K","-1.20%"
"2023-5-30","73.54","76.98","77.57","73.20","112.18K","-4.58%"
"2023-5-29","77.07","77.39","77.75","76.15","31.55K","0.16%"
"2023-5-26","76.95","76.09","77.35","75.73","150.62K","0.90%"
"2023-5-25","76.26","78.22","78.50","75.10","237.72K","-2.68%"
"2023-5-24","78.36","77.70","78.66","77.03","285.99K","1.98%"
"2023-5-23","76.84","76.15","77.74","75.65","287.23K","1.12%"
"2023-5-22","75.99","75.63","76.46","74.55","241.96K","0.54%"
"2023-5-19","75.58","76.03","77.50","75.12","240.53K","-0.37%"
"2023-5-18","75.86","76.78","76.99","75.50","232.00K","-1.43%"
"2023-5-17","76.96","74.67","77.31","74.10","297.06K","2.74%"
"2023-5-16","74.91","75.55","75.95","74.50","216.20K","-0.43%"
"2023-5-15","75.23","74.15","75.75","73.49","240.52K","1.43%"
"2023-5-12","74.17","75.35","75.85","74.03","259.22K","-1.08%"
"2023-5-11","74.98","76.62","77.41","74.61","345.16K","-1.87%"
"2023-5-10","76.41","77.36","77.60","75.68","311.37K","-1.33%"
"2023-5-9","77.44","76.71","77.50","75.07","283.41K","0.56%"
"2023-5-8","77.01","75.23","77.43","74.95","185.75K","2.27%"
"2023-5-5","75.30","72.69","75.75","72.41","265.07K","3.86%"
"2023-5-4","72.50","71.28","73.72","71.28","362.23K","0.24%"
"2023-5-3","72.33","75.31","75.58","71.70","469.62K","-3.97%"
"2023-5-2","75.32","79.28","79.78","75.07","383.59K","-5.03%"
"2023-5-1","79.31","80.11","80.24","78.13","146.56K","-0.29%"
"2023-4-28","79.54","78.25","79.61","77.69","13.30K","1.49%"
"2023-4-27","78.37","77.77","78.61","77.39","104.39K","0.88%"
"2023-4-26","77.69","80.92","81.47","77.46","172.82K","-3.81%"
"2023-4-25","80.77","82.59","83.06","80.35","209.28K","-2.37%"
"2023-4-24","82.73","81.87","82.99","80.48","197.90K","1.31%"
"2023-4-21","81.66","80.79","82.05","80.45","196.85K","0.69%"
"2023-4-20","81.10","82.75","82.92","80.77","302.90K","-2.43%"
"2023-4-19","83.12","84.90","85.15","82.39","333.22K","-1.95%"
"2023-4-18","84.77","84.74","85.41","83.81","315.70K","0.01%"
"2023-4-17","84.76","86.43","86.52","84.34","261.81K","-1.80%"
"2023-4-14","86.31","86.18","86.87","85.53","262.58K","0.26%"
"2023-4-13","86.09","87.19","87.47","86.05","291.94K","-1.42%"
"2023-4-12","87.33","85.59","87.49","85.39","347.80K","2.01%"
"2023-4-11","85.61","84.24","85.67","83.75","262.67K","1.70%"
"2023-4-10","84.18","85.10","85.66","84.09","140.53K","-1.10%"
"2023-4-6","85.12","84.89","85.45","84.05","259.62K","0.15%"
"2023-4-5","84.99","85.22","85.54","84.01","246.48K","0.06%"
"2023-4-4","84.94","84.89","86.04","83.82","308.53K","0.01%"
"2023-4-3","84.93","86.00","86.44","83.50","478.31K","6.47%"
"2023-3-31","79.77","79.19","79.80","78.54","6.85K","0.63%"
"2023-3-30","79.27","78.23","79.55","77.86","62.92K","1.26%"
"2023-3-29","78.28","78.97","79.68","77.94","79.54K","-0.47%"
"2023-3-28","78.65","78.23","79.20","77.54","145.68K","0.68%"
"2023-3-27","78.12","75.00","78.42","74.80","146.95K","4.17%"
"2023-3-24","74.99","75.53","76.32","72.68","156.31K","-1.21%"
"2023-3-23","75.91","75.87","77.44","75.12","199.64K","-1.02%"
"2023-3-22","76.69","75.15","77.12","74.50","194.04K","1.82%"
"2023-3-21","75.32","73.64","75.42","72.82","226.84K","2.07%"
"2023-3-20","73.79","73.01","73.87","70.12","282.57K","1.12%"
"2023-3-17","72.97","74.70","75.92","71.40","427.49K","-2.32%"
"2023-3-16","74.70","74.30","75.54","71.86","332.59K","1.37%"
"2023-3-15","73.69","77.82","78.73","71.67","547.56K","-4.85%"
"2023-3-14","77.45","80.54","80.92","76.89","357.86K","-4.11%"
"2023-3-13","80.77","82.60","83.48","78.34","467.28K","-2.43%"
"2023-3-10","82.78","81.47","83.11","80.73","369.28K","1.46%"
"2023-3-9","81.59","82.55","84.00","81.42","282.56K","-1.29%"
"2023-3-8","82.66","83.03","83.59","82.06","297.09K","-0.76%"
"2023-3-7","83.29","86.23","86.75","82.83","295.19K","-3.35%"
"2023-3-6","86.18","85.83","86.35","84.34","244.34K","0.41%"
"2023-3-3","85.83","84.61","86.00","82.36","312.90K","1.27%"
"2023-3-2","84.75","84.31","85.10","83.83","214.22K","0.52%"
"2023-3-1","84.31","83.05","84.49","82.61","242.66K","0.50%"
"2023-2-28","83.89","82.30","84.15","82.19","12.30K","1.75%"
"2023-2-27","82.45","83.19","83.60","81.73","58.85K","-0.85%"
"2023-2-24","83.16","82.49","83.39","81.07","107.15K","1.16%"
"2023-2-23","82.21","80.48","82.77","80.40","157.67K","2.00%"
"2023-2-22","80.60","82.78","83.25","80.43","253.14K","-2.95%"
"2023-2-21","83.05","83.86","84.20","82.56","231.63K","-1.21%"
"2023-2-20","84.07","83.15","84.30","82.73","143.85K","1.29%"
"2023-2-17","83.00","84.60","84.87","81.80","303.66K","-2.51%"
"2023-2-16","85.14","85.27","86.21","84.60","197.02K","-0.28%"
"2023-2-15","85.38","85.20","85.85","83.88","245.98K","-0.23%"
"2023-2-14","85.58","85.83","86.42","84.13","231.63K","-1.19%"
"2023-2-13","86.61","86.51","86.95","85.10","207.62K","0.25%"
"2023-2-10","86.39","84.22","86.90","83.93","297.34K","2.24%"
"2023-2-9","84.50","84.96","85.50","83.05","260.73K","-0.69%"
"2023-2-8","85.09","84.11","85.15","83.51","254.14K","1.67%"
"2023-2-7","83.69","81.26","84.13","81.19","290.98K","3.33%"
"2023-2-6","80.99","79.61","81.43","79.10","325.21K","1.31%"
"2023-2-3","79.94","82.27","84.20","79.62","330.32K","-2.71%"
"2023-2-2","82.17","83.34","83.61","81.25","287.09K","-0.81%"
"2023-2-1","82.84","85.56","86.21","82.37","348.66K","-1.95%"
"2023-1-31","84.49","85.18","85.25","83.73","11.89K","-0.48%"
"2023-1-30","84.90","86.88","87.48","84.66","65.55K","-2.03%"
"2023-1-27","86.66","87.65","88.95","85.69","107.08K","-0.93%"
"2023-1-26","87.47","86.35","88.01","85.74","139.10K","1.57%"
"2023-1-25","86.12","86.28","87.00","85.41","159.47K","-0.01%"
"2023-1-24","86.13","88.07","88.71","85.80","207.75K","-2.34%"
"2023-1-23","88.19","87.70","89.09","86.92","192.41K","0.64%"
"2023-1-20","87.63","86.42","87.79","85.58","212.92K","1.71%"
"2023-1-19","86.16","84.34","86.85","83.76","250.96K","1.39%"
"2023-1-18","84.98","86.45","87.85","84.36","288.15K","-1.09%"
"2023-1-17","85.92","84.20","86.82","84.04","238.30K","1.73%"
"2023-1-16","84.46","85.36","85.59","83.83","125.96K","-0.96%"
"2023-1-13","85.28","83.91","85.50","83.50","217.40K","1.49%"
"2023-1-12","84.03","82.88","84.62","82.37","264.07K","1.65%"
"2023-1-11","82.67","79.52","83.00","79.31","273.79K","3.21%"
"2023-1-10","80.10","79.54","80.89","78.81","244.35K","0.56%"
"2023-1-9","79.65","78.42","81.37","78.42","245.12K","1.37%"
"2023-1-6","78.57","78.80","80.59","78.05","215.42K","-0.15%"
"2023-1-5","78.69","78.16","79.97","77.61","259.58K","1.09%"
"2023-1-4","77.84","82.31","82.72","77.72","319.31K","-5.19%"
"2023-1-3","82.10","85.96","87.00","81.78","302.86K","-4.43%"
"2022-12-30","85.91","83.71","86.00","82.88","168.65K","4.44%"
"2022-12-29","82.26","82.88","83.14","81.28","10.99K","-1.20%"
"2022-12-28","83.26","84.60","84.76","81.92","57.56K","-1.27%"
"2022-12-27","84.33","84.50","85.60","83.65","62.00K","0.49%"
"2022-12-23","83.92","81.69","84.12","81.29","82.36K","3.63%"
"2022-12-22","80.98","82.52","83.85","80.67","166.01K","-1.48%"
"2022-12-21","82.20","79.94","82.52","79.55","148.44K","2.76%"
"2022-12-20","79.99","80.25","80.89","78.28","183.95K","0.24%"
"2022-12-19","79.80","79.21","80.87","78.60","174.24K","0.96%"
"2022-12-16","79.04","81.32","81.78","78.29","243.49K","-2.67%"
"2022-12-15","81.21","82.76","83.18","80.83","194.97K","-1.80%"
"2022-12-14","82.70","80.35","83.15","80.11","209.83K","2.50%"
"2022-12-13","80.68","78.13","81.28","78.10","243.82K","3.45%"
"2022-12-12","77.99","76.88","78.59","75.26","213.07K","2.48%"
"2022-12-9","76.10","76.63","77.48","75.11","216.50K","-0.07%"
"2022-12-8","76.15","77.46","79.17","75.74","259.02K","-1.32%"
"2022-12-7","77.17","79.76","80.49","76.91","279.37K","-2.75%"
"2022-12-6","79.35","83.28","83.69","78.70","309.55K","-4.03%"
"2022-12-5","82.68","85.73","88.44","82.52","252.90K","-3.38%"
"2022-12-2","85.57","86.90","87.91","85.16","198.73K","-1.51%"
"2022-12-1","86.88","86.78","89.37","86.26","229.13K","1.70%"
"2022-11-30","85.43","83.77","85.67","83.61","9.05K","2.89%"
"2022-11-29","83.03","82.41","86.00","82.39","67.93K","-0.19%"
"2022-11-28","83.19","83.58","84.10","80.61","102.56K","-0.53%"
"2022-11-25","83.63","85.50","86.87","83.59","85.31K","-2.00%"
"2022-11-24","85.34","85.04","85.54","83.90","75.61K","-0.08%"
"2022-11-23","85.41","88.47","89.56","84.12","212.14K","-3.34%"
"2022-11-22","88.36","87.76","89.90","87.35","190.85K","1.04%"
"2022-11-21","87.45","87.74","87.98","82.31","354.60K","-0.19%"
"2022-11-18","87.62","90.10","90.63","85.80","379.66K","-2.41%"
"2022-11-17","89.78","92.73","92.91","89.53","313.53K","-3.32%"
"2022-11-16","92.86","94.11","94.79","91.67","257.62K","-1.07%"
"2022-11-15","93.86","92.59","95.77","91.53","317.50K","0.77%"
"2022-11-14","93.14","95.87","96.95","92.50","248.25K","-2.97%"
"2022-11-11","95.99","93.84","96.92","93.69","238.07K","2.48%"
"2022-11-10","93.67","92.53","94.32","91.73","278.53K","1.10%"
"2022-11-9","92.65","95.17","95.65","92.33","308.02K","-2.84%"
"2022-11-8","95.36","98.24","98.30","95.00","251.67K","-2.61%"
"2022-11-7","97.92","97.31","99.56","96.50","241.94K","-0.66%"
"2022-11-4","98.57","94.58","98.81","94.33","307.09K","4.12%"
"2022-11-3","94.67","95.36","95.98","94.19","229.12K","-1.55%"
"2022-11-2","96.16","94.85","96.50","94.01","253.00K","1.60%"
"2022-11-1","94.65","92.67","95.55","92.33","247.65K","-0.19%"
"2022-10-31","94.83","96.47","96.47","94.25","15.00K","-0.98%"
"2022-10-28","95.77","96.58","96.89","94.96","89.94K","-1.23%"
"2022-10-27","96.96","96.05","97.27","95.07","84.57K","1.33%"
"2022-10-26","95.69","92.91","96.25","92.06","138.00K","2.32%"
"2022-10-25","93.52","93.47","94.38","91.62","165.51K","0.28%"
"2022-10-24","93.26","93.59","94.40","91.22","179.20K","-0.26%"
"2022-10-21","93.50","92.45","93.80","91.00","203.28K","1.21%"
"2022-10-20","92.38","92.40","94.77","91.91","237.54K","-0.03%"
"2022-10-19","92.41","90.79","92.85","89.32","272.35K","2.64%"
"2022-10-18","90.03","91.99","92.66","88.77","320.42K","-1.74%"
"2022-10-17","91.62","91.71","93.21","90.83","203.80K","-0.01%"
"2022-10-14","91.63","94.53","95.11","91.28","210.77K","-3.11%"
"2022-10-13","94.57","92.49","94.92","91.08","280.52K","2.29%"
"2022-10-12","92.45","93.72","95.17","91.56","257.66K","-1.95%"
"2022-10-11","94.29","95.93","96.46","93.11","259.03K","-1.98%"
"2022-10-10","96.19","98.75","98.75","95.60","215.37K","-1.77%"
"2022-10-7","97.92","94.71","98.58","93.94","269.40K","3.71%"
"2022-10-6","94.42","93.71","94.98","92.72","207.53K","1.12%"
"2022-10-5","93.37","91.89","93.96","90.76","296.20K","1.71%"
"2022-10-4","91.80","88.81","92.40","88.78","282.38K","3.31%"
"2022-10-3","88.86","86.35","89.82","86.35","270.69K","1.02%"
"2022-9-30","87.96","88.53","89.80","87.69","5.89K","-0.60%"
"2022-9-29","88.49","88.97","90.12","87.33","57.86K","-0.93%"
"2022-9-28","89.32","86.14","89.47","84.26","74.33K","3.54%"
"2022-9-27","86.27","84.05","87.15","84.01","104.09K","2.63%"
"2022-9-26","84.06","86.62","87.65","83.65","119.60K","-2.43%"
"2022-9-23","86.15","90.46","90.84","85.50","180.10K","-4.76%"
"2022-9-22","90.46","89.99","92.81","89.30","170.28K","0.70%"
"2022-9-21","89.83","90.74","93.50","89.30","216.93K","-0.87%"
"2022-9-20","90.62","92.15","93.05","89.80","188.56K","-1.50%"
"2022-9-19","92.00","91.43","92.57","88.50","138.53K","0.71%"
"2022-9-16","91.35","90.51","92.66","90.25","197.48K","0.56%"
"2022-9-15","90.84","94.65","94.66","90.03","257.62K","-3.46%"
"2022-9-14","94.10","93.40","95.80","91.93","259.90K","1.00%"
"2022-9-13","93.17","94.31","95.53","91.05","275.17K","-0.88%"
"2022-9-12","94.00","92.54","95.17","91.21","210.43K","1.25%"
"2022-9-9","92.84","88.62","93.12","88.60","202.94K","4.14%"
"2022-9-8","89.15","87.70","89.83","87.24","208.66K","1.31%"
"2022-9-7","88.00","92.81","93.80","87.40","300.20K","-5.20%"
"2022-9-6","92.83","95.19","95.94","92.30","225.95K","-3.04%"
"2022-9-5","95.74","93.02","96.99","93.02","144.26K","2.92%"
"2022-9-2","93.02","92.66","95.32","92.65","210.00K","0.71%"
"2022-9-1","92.36","95.18","95.68","91.81","297.55K","-4.28%"
"2022-8-31","96.49","99.79","100.46","95.44","10.07K","-2.84%"
"2022-8-30","99.31","104.90","105.45","97.55","59.83K","-5.50%"
"2022-8-29","105.09","100.67","105.48","100.16","53.03K","4.06%"
"2022-8-26","100.99","99.83","101.21","98.10","130.63K","1.66%"
"2022-8-25","99.34","101.73","102.47","99.12","161.49K","-1.86%"
"2022-8-24","101.22","100.19","101.90","99.10","183.73K","1.00%"
"2022-8-23","100.22","96.78","100.45","96.53","210.63K","3.88%"
"2022-8-22","96.48","95.95","97.28","92.36","207.64K","-0.25%"
"2022-8-19","96.72","96.68","97.88","94.25","178.60K","0.13%"
"2022-8-18","96.59","93.29","97.42","93.05","208.55K","3.14%"
"2022-8-17","93.65","92.67","94.48","91.51","199.19K","1.42%"
"2022-8-16","92.34","94.01","95.95","91.71","217.75K","-2.90%"
"2022-8-15","95.10","97.72","98.17","92.78","217.57K","-3.11%"
"2022-8-12","98.15","99.33","100.38","96.94","188.13K","-1.46%"
"2022-8-11","99.60","97.04","100.17","96.63","219.42K","2.26%"
"2022-8-10","97.40","96.34","97.97","93.63","247.74K","1.13%"
"2022-8-9","96.31","96.36","98.40","94.90","219.67K","-0.35%"
"2022-8-8","96.65","94.51","96.82","93.01","201.25K","1.82%"
"2022-8-5","94.92","93.65","96.40","92.78","216.20K","0.85%"
"2022-8-4","94.12","97.10","97.66","93.20","264.81K","-2.75%"
"2022-8-3","96.78","99.73","102.41","96.50","293.11K","-3.74%"
"2022-8-2","100.54","99.87","102.41","98.49","229.68K","0.51%"
"2022-8-1","100.03","103.92","104.43","99.09","272.84K","-9.07%"
"2022-7-29","110.01","108.00","110.67","106.90","9.13K","2.68%"
"2022-7-28","107.14","107.31","109.06","106.00","80.84K","0.49%"
"2022-7-27","106.62","104.75","107.86","103.73","77.69K","2.13%"
"2022-7-26","104.40","104.73","107.34","103.99","110.00K","-0.71%"
"2022-7-25","105.15","103.85","105.38","101.64","123.67K","1.89%"
"2022-7-22","103.20","103.86","105.72","101.90","137.24K","-0.64%"
"2022-7-21","103.86","106.49","106.78","101.50","228.70K","-2.86%"
"2022-7-20","106.92","107.07","107.45","105.08","186.70K","-0.40%"
"2022-7-19","107.35","105.74","107.61","103.60","226.40K","1.02%"
"2022-7-18","106.27","100.82","106.48","99.46","213.50K","5.05%"
"2022-7-15","101.16","99.91","102.64","98.17","218.09K","2.08%"
"2022-7-14","99.10","99.43","100.39","94.50","318.79K","-0.47%"
"2022-7-13","99.57","98.50","101.21","98.28","247.47K","0.08%"
"2022-7-12","99.49","106.25","106.56","98.90","275.62K","-7.11%"
"2022-7-11","107.10","107.00","107.70","103.64","194.66K","0.07%"
"2022-7-8","107.02","104.65","107.47","103.67","238.35K","2.26%"
"2022-7-7","104.65","100.14","106.35","98.50","279.66K","3.93%"
"2022-7-6","100.69","104.88","105.85","98.50","350.30K","-2.02%"
"2022-7-5","102.77","113.54","114.75","101.10","428.84K","-9.45%"
"2022-7-4","113.50","111.65","114.00","110.40","100.59K","1.68%"
"2022-7-1","111.63","109.49","112.45","108.03","235.42K","-2.77%"
"2022-6-30","114.81","116.01","116.67","114.22","7.11K","-1.25%"
"2022-6-29","116.26","117.96","120.41","115.20","54.34K","-1.46%"
"2022-6-28","117.98","115.74","118.27","115.72","65.76K","2.51%"
"2022-6-27","115.09","112.92","116.08","111.26","118.10K","1.74%"
"2022-6-24","113.12","110.04","114.00","109.24","134.18K","2.79%"
"2022-6-23","110.05","109.58","112.70","108.04","195.92K","-1.51%"
"2022-6-22","111.74","114.40","114.45","107.03","293.05K","-2.54%"
"2022-6-21","114.65","114.21","116.25","114.02","204.03K","0.46%"
"2022-6-20","114.13","113.88","114.50","111.52","161.60K","0.89%"
"2022-6-17","113.12","119.13","121.25","111.72","319.91K","-5.58%"
"2022-6-16","119.81","119.65","120.29","115.56","276.68K","1.10%"
"2022-6-15","118.51","120.79","121.88","117.75","231.06K","-2.20%"
"2022-6-14","121.17","121.88","125.19","118.91","291.26K","-0.90%"
"2022-6-13","122.27","121.94","123.70","118.93","257.11K","0.21%"
"2022-6-10","122.01","122.89","124.33","119.81","294.28K","-0.86%"
"2022-6-9","123.07","123.60","124.34","122.50","218.98K","-0.41%"
"2022-6-8","123.58","120.65","124.40","120.45","256.29K","2.50%"
"2022-6-7","120.57","119.94","121.37","118.55","276.72K","0.89%"
"2022-6-6","119.51","121.55","121.95","118.77","204.09K","-0.18%"
"2022-6-3","119.72","118.22","121.45","116.02","141.66K","1.79%"
"2022-6-2","117.61","115.02","118.46","112.45","216.90K","1.14%"
"2022-6-1","116.29","116.08","118.57","115.40","242.16K","-5.33%"
"2022-5-31","122.84","122.20","125.28","121.60","11.56K","0.96%"
"2022-5-30","121.67","119.28","122.01","118.98","42.41K","1.88%"
"2022-5-27","119.43","117.52","119.72","116.63","81.16K","1.73%"
"2022-5-26","117.40","114.35","118.00","113.85","123.58K","2.96%"
"2022-5-25","114.03","114.12","115.30","113.01","152.33K","0.41%"
"2022-5-24","113.56","112.79","114.63","111.70","191.73K","0.12%"
"2022-5-23","113.42","112.85","114.34","111.86","196.51K","0.77%"
"2022-5-20","112.55","111.45","113.23","110.52","180.89K","0.46%"
"2022-5-19","112.04","108.22","112.31","105.70","272.35K","2.69%"
"2022-5-18","109.11","112.91","114.15","108.35","245.04K","-2.52%"
"2022-5-17","111.93","114.42","115.69","111.09","277.89K","-2.02%"
"2022-5-16","114.24","111.67","114.79","108.84","218.44K","2.41%"
"2022-5-13","111.55","108.25","111.69","107.79","220.32K","3.82%"
"2022-5-12","107.45","107.67","108.71","104.69","264.26K","-0.06%"
"2022-5-11","107.51","101.51","108.29","101.30","287.53K","4.93%"
"2022-5-10","102.46","105.50","106.96","101.54","327.99K","-3.28%"
"2022-5-9","105.94","112.94","113.20","105.00","302.17K","-5.74%"
"2022-5-6","112.39","111.27","113.50","109.87","249.83K","1.34%"
"2022-5-5","110.90","110.55","114.00","109.20","279.88K","0.69%"
"2022-5-4","110.14","105.91","111.00","105.46","241.68K","4.93%"
"2022-5-3","104.97","107.61","108.32","104.62","184.20K","-2.43%"
"2022-5-2","107.58","106.30","108.46","103.10","151.34K","-1.61%"
"2022-4-29","109.34","107.55","110.30","107.00","12.02K","1.63%"
"2022-4-28","107.59","104.96","108.00","103.29","73.32K","2.16%"
"2022-4-27","105.32","105.45","106.33","103.27","67.06K","0.31%"
"2022-4-26","104.99","102.53","106.20","101.08","138.20K","2.61%"
"2022-4-25","102.32","105.49","105.85","99.48","156.35K","-4.06%"
"2022-4-22","106.65","108.26","108.76","105.54","125.87K","-1.55%"
"2022-4-21","108.33","107.07","109.80","106.76","185.38K","1.43%"
"2022-4-20","106.80","108.10","109.00","104.65","243.67K","-0.42%"
"2022-4-19","107.25","112.85","114.21","106.74","239.91K","-5.22%"
"2022-4-18","113.16","112.32","114.84","110.71","132.15K","1.31%"
"2022-4-14","111.70","108.29","112.39","106.63","210.18K","2.68%"
"2022-4-13","108.78","105.44","109.00","104.06","247.26K","3.96%"
"2022-4-12","104.64","99.35","105.60","98.90","273.95K","6.26%"
"2022-4-11","98.48","103.21","103.30","97.57","238.69K","-4.18%"
"2022-4-8","102.78","101.42","103.30","99.65","217.64K","2.19%"
"2022-4-7","100.58","101.78","103.59","98.41","296.03K","-0.48%"
"2022-4-6","101.07","105.70","108.67","100.54","286.52K","-5.22%"
"2022-4-5","106.64","108.51","109.90","104.53","203.06K","-0.83%"
"2022-4-4","107.53","104.08","108.68","102.89","218.68K","3.01%"
"2022-4-1","104.39","105.25","106.24","102.35","238.62K","-3.26%"
"2022-3-31","107.91","112.81","112.94","106.50","8.68K","-4.88%"
"2022-3-30","113.45","112.00","114.80","110.74","72.33K","2.92%"
"2022-3-29","110.23","110.10","114.83","104.84","93.68K","-2.00%"
"2022-3-28","112.48","119.90","119.90","109.06","150.82K","-6.77%"
"2022-3-25","120.65","118.88","120.92","115.16","133.46K","1.36%"
"2022-3-24","119.03","121.56","123.74","116.93","177.66K","-2.11%"
"2022-3-23","121.60","114.70","122.34","114.45","224.53K","5.30%"
"2022-3-22","115.48","117.04","119.48","112.64","204.66K","-0.12%"
"2022-3-21","115.62","107.50","116.80","107.06","196.49K","7.12%"
"2022-3-18","107.93","106.80","109.59","105.78","168.91K","1.21%"
"2022-3-17","106.64","98.61","107.50","97.75","200.95K","8.79%"
"2022-3-16","98.02","99.14","103.70","96.93","246.82K","-1.89%"
"2022-3-15","99.91","105.34","105.71","97.44","318.12K","-6.54%"
"2022-3-14","106.90","113.15","113.15","103.49","265.91K","-5.12%"
"2022-3-11","112.67","110.26","113.91","107.13","287.39K","3.05%"
"2022-3-10","109.33","112.65","118.36","109.00","352.34K","-1.63%"
"2022-3-9","111.14","130.28","131.64","105.60","521.58K","-13.16%"
"2022-3-8","127.98","124.56","133.15","121.31","469.99K","3.87%"
"2022-3-7","123.21","122.79","139.13","119.04","419.93K","4.32%"
"2022-3-4","118.11","114.23","118.98","109.62","334.41K","6.93%"
"2022-3-3","110.46","115.27","119.84","109.40","452.52K","-2.19%"
"2022-3-2","112.93","107.34","115.11","106.83","490.57K","7.58%"
"2022-3-1","104.97","98.43","107.67","98.30","492.51K","3.94%"
"2022-2-28","100.99","101.98","105.07","99.64","22.96K","3.12%"
"2022-2-25","97.93","100.69","101.99","96.00","68.98K","-1.16%"
"2022-2-24","99.08","98.08","105.79","97.56","167.79K","2.31%"
"2022-2-23","96.84","96.65","98.71","95.81","238.63K","0.00%"
"2022-2-22","96.84","96.55","99.50","95.80","316.38K","1.52%"
"2022-2-21","95.39","94.29","97.40","92.57","217.04K","1.98%"
"2022-2-18","93.54","92.73","94.15","90.12","348.35K","0.61%"
"2022-2-17","92.97","92.20","94.50","92.14","347.79K","-1.94%"
"2022-2-16","94.81","93.49","96.07","91.11","393.79K","1.64%"
"2022-2-15","93.28","95.81","96.26","92.06","378.25K","-3.32%"
"2022-2-14","96.48","95.20","96.78","93.44","373.09K","2.16%"
"2022-2-11","94.44","91.17","95.66","90.51","452.11K","3.31%"
"2022-2-10","91.41","91.75","93.10","90.88","369.01K","-0.15%"
"2022-2-9","91.55","91.08","92.09","90.05","294.00K","0.85%"
"2022-2-8","90.78","92.63","92.93","89.93","368.55K","-2.06%"
"2022-2-7","92.69","92.75","94.00","92.13","317.29K","-0.62%"
"2022-2-4","93.27","91.30","93.70","91.20","322.13K","2.37%"
"2022-2-3","91.11","89.07","91.30","88.02","301.79K","1.83%"
"2022-2-2","89.47","89.48","90.52","88.28","319.43K","0.35%"
"2022-2-1","89.16","89.62","89.96","87.72","271.77K","-2.25%"
"2022-1-31","91.21","90.80","91.48","90.61","11.01K","1.31%"
"2022-1-28","90.03","89.98","91.70","89.41","102.01K","0.77%"
"2022-1-27","89.34","89.70","91.04","89.00","131.70K","-0.69%"
"2022-1-26","89.96","87.95","90.47","87.79","260.11K","2.00%"
"2022-1-25","88.20","86.76","88.37","86.20","256.21K","2.24%"
"2022-1-24","86.27","87.93","88.90","85.04","309.89K","-1.84%"
"2022-1-21","87.89","86.75","88.23","85.71","288.21K","-0.55%"
"2022-1-20","88.38","87.89","89.50","87.05","279.52K","-0.07%"
"2022-1-19","88.44","88.65","89.17","87.61","350.94K","1.06%"
"2022-1-18","87.51","86.47","88.66","86.44","356.88K","1.19%"
"2022-1-17","86.48","86.15","86.71","85.54","139.82K","0.49%"
"2022-1-14","86.06","84.12","86.50","83.99","304.72K","1.88%"
"2022-1-13","84.47","84.87","85.10","83.79","265.20K","-0.24%"
"2022-1-12","84.67","83.78","85.21","83.52","301.39K","1.13%"
"2022-1-11","83.72","81.08","83.98","80.89","324.94K","3.52%"
"2022-1-10","80.87","81.76","82.30","80.50","300.65K","-1.08%"
"2022-1-7","81.75","82.00","83.00","81.42","286.11K","-0.29%"
"2022-1-6","81.99","80.22","82.83","79.61","353.16K","1.47%"
"2022-1-5","80.80","80.07","81.50","79.51","331.74K","1.00%"
"2022-1-4","80.00","78.91","80.55","78.62","291.68K","1.29%"
"2022-1-3","78.98","78.11","79.28","77.04","201.03K","1.54%"
"2021-12-31","77.78","78.81","79.68","77.55","148.96K","-1.94%"
"2021-12-30","79.32","79.19","79.66","78.50","10.90K","0.11%"
"2021-12-29","79.23","79.28","80.17","78.13","69.63K","0.37%"
"2021-12-28","78.94","78.67","79.85","78.48","50.41K","0.43%"
"2021-12-27","78.60","76.32","79.08","75.75","85.39K","3.23%"
"2021-12-24","76.14","76.72","76.79","75.75","30.54K","-0.92%"
"2021-12-23","76.85","75.47","77.00","74.78","161.24K","2.07%"
"2021-12-22","75.29","74.05","75.67","73.62","166.71K","1.77%"
"2021-12-21","73.98","71.88","74.27","71.24","214.07K","3.44%"
"2021-12-20","71.52","72.82","72.87","69.28","333.76K","-2.72%"
"2021-12-17","73.52","74.50","74.98","72.65","231.41K","-2.00%"
"2021-12-16","75.02","74.47","75.61","74.00","223.64K","1.54%"
"2021-12-15","73.88","73.25","74.58","72.50","233.19K","0.24%"
"2021-12-14","73.70","74.42","75.16","72.57","277.86K","-0.93%"
"2021-12-13","74.39","75.37","76.39","74.20","265.51K","-1.01%"
"2021-12-10","75.15","73.99","75.71","73.80","221.36K","0.98%"
"2021-12-9","74.42","75.94","76.70","73.84","283.39K","-1.85%"
"2021-12-8","75.82","75.44","76.37","74.38","322.08K","0.50%"
"2021-12-7","75.44","73.60","76.27","73.20","312.28K","3.23%"
"2021-12-6","73.08","70.24","73.80","70.24","255.40K","4.58%"
"2021-12-3","69.88","70.22","72.62","69.24","331.82K","0.30%"
"2021-12-2","69.67","69.72","70.70","65.72","526.60K","1.16%"
"2021-12-1","68.87","69.80","72.87","68.14","420.40K","-2.41%"
"2021-11-30","70.57","74.42","74.56","70.22","24.82K","-3.91%"
"2021-11-29","73.44","73.88","77.02","72.41","126.35K","0.99%"
"2021-11-26","72.72","81.65","81.66","72.14","170.78K","-11.55%"
"2021-11-25","82.22","82.24","82.58","81.70","80.45K","-0.04%"
"2021-11-24","82.25","81.88","83.00","81.74","231.07K","-0.07%"
"2021-11-23","82.31","79.51","82.60","78.55","366.60K","3.27%"
"2021-11-22","79.70","78.58","80.07","77.58","350.90K","1.03%"
"2021-11-19","78.89","81.00","82.24","78.05","479.93K","-2.89%"
"2021-11-18","81.24","80.10","81.41","79.28","306.85K","1.20%"
"2021-11-17","80.28","82.05","82.22","79.78","406.75K","-2.61%"
"2021-11-16","82.43","82.00","83.14","81.52","340.72K","0.46%"
"2021-11-15","82.05","81.92","82.49","80.67","273.72K","-0.15%"
"2021-11-12","82.17","82.83","82.87","81.26","289.30K","-0.84%"
"2021-11-11","82.87","82.85","83.44","81.66","336.14K","0.28%"
"2021-11-10","82.64","84.99","85.50","82.08","366.31K","-2.52%"
"2021-11-9","84.78","83.47","85.30","83.16","346.57K","1.62%"
"2021-11-8","83.43","82.58","84.00","82.53","269.60K","0.83%"
"2021-11-5","82.74","81.25","83.16","80.26","379.69K","2.73%"
"2021-11-4","80.54","81.58","84.49","80.20","472.43K","-1.77%"
"2021-11-3","81.99","84.07","84.20","81.10","380.11K","-3.22%"
"2021-11-2","84.72","84.45","85.23","83.76","317.07K","0.01%"
"2021-11-1","84.71","83.63","85.12","83.03","302.90K","0.39%"
"2021-10-29","84.38","84.33","84.83","83.79","22.77K","0.07%"
"2021-10-28","84.32","84.21","84.59","82.32","118.14K","-0.31%"
"2021-10-27","84.58","86.07","86.28","84.05","149.75K","-2.11%"
"2021-10-26","86.40","86.03","86.50","85.27","222.56K","0.48%"
"2021-10-25","85.99","85.65","86.70","85.43","294.55K","0.54%"
"2021-10-22","85.53","84.52","85.93","83.82","298.35K","1.09%"
"2021-10-21","84.61","85.90","86.10","83.36","373.65K","-1.41%"
"2021-10-20","85.82","85.19","85.89","83.61","378.69K","0.87%"
"2021-10-19","85.08","84.21","85.40","83.70","371.79K","0.89%"
"2021-10-18","84.33","84.95","86.04","83.95","340.96K","-0.62%"
"2021-10-15","84.86","84.30","85.10","84.16","276.47K","1.02%"
"2021-10-14","84.00","83.45","84.50","83.18","316.64K","0.99%"
"2021-10-13","83.18","83.10","83.69","82.20","333.68K","-0.29%"
"2021-10-12","83.42","83.49","84.23","82.72","331.41K","-0.27%"
"2021-10-11","83.65","82.65","84.60","82.54","330.44K","1.53%"
"2021-10-8","82.39","82.38","83.43","81.96","360.97K","0.54%"
"2021-10-7","81.95","80.98","82.50","79.08","393.10K","1.07%"
"2021-10-6","81.08","82.57","83.47","80.60","401.36K","-1.79%"
"2021-10-5","82.56","81.27","83.13","81.19","340.27K","1.60%"
"2021-10-4","81.26","79.49","82.00","78.75","362.37K","2.50%"
"2021-10-1","79.28","78.49","79.41","77.55","282.37K","0.97%"
"2021-9-30","78.52","78.46","79.11","77.60","20.51K","-0.15%"
"2021-9-29","78.64","78.25","79.40","77.50","97.97K","-0.57%"
"2021-9-28","79.09","79.40","80.75","78.10","132.33K","-0.55%"
"2021-9-27","79.53","78.25","79.90","78.21","231.13K","1.84%"
"2021-9-24","78.09","77.26","78.24","76.85","163.23K","1.09%"
"2021-9-23","77.25","75.90","77.35","75.60","226.59K","1.39%"
"2021-9-22","76.19","74.56","76.26","74.49","255.75K","2.46%"
"2021-9-21","74.36","74.33","75.18","73.26","258.71K","0.60%"
"2021-9-20","73.92","75.33","75.40","73.52","313.75K","-1.88%"
"2021-9-17","75.34","75.68","75.78","74.58","254.86K","-0.44%"
"2021-9-16","75.67","75.46","75.87","74.48","236.51K","0.28%"
"2021-9-15","75.46","73.92","76.13","73.78","289.45K","2.53%"
"2021-9-14","73.60","73.62","74.28","73.08","278.58K","0.12%"
"2021-9-13","73.51","72.88","73.92","72.69","244.73K","0.81%"
"2021-9-10","72.92","71.37","73.15","70.94","250.51K","2.06%"
"2021-9-9","71.45","72.61","73.20","70.88","377.81K","-1.58%"
"2021-9-8","72.60","71.64","72.95","71.55","325.36K","1.27%"
"2021-9-7","71.69","72.29","72.81","71.10","257.40K","-0.73%"
"2021-9-6","72.22","72.57","72.78","71.51","127.87K","-0.54%"
"2021-9-3","72.61","72.86","73.69","72.40","211.42K","-0.58%"
"2021-9-2","73.03","71.31","73.47","70.92","255.42K","2.01%"
"2021-9-1","71.59","71.68","72.38","70.42","282.49K","-1.92%"
"2021-8-31","72.99","73.14","73.52","72.62","12.59K","-0.57%"
"2021-8-30","73.41","73.25","73.69","72.00","68.66K","0.98%"
"2021-8-27","72.70","71.53","72.76","71.17","92.20K","2.29%"
"2021-8-26","71.07","71.94","72.13","70.66","179.57K","-1.63%"
"2021-8-25","72.25","71.00","72.42","70.50","242.07K","1.69%"
"2021-8-24","71.05","68.66","71.27","68.53","301.30K","3.35%"
"2021-8-23","68.75","64.97","68.90","64.60","271.56K","5.48%"
"2021-8-20","65.18","66.54","66.93","64.94","254.45K","-1.91%"
"2021-8-19","66.45","67.57","67.64","65.57","345.97K","-2.61%"
"2021-8-18","68.23","68.96","70.04","67.23","316.98K","-1.16%"
"2021-8-17","69.03","69.77","70.00","68.82","239.96K","-0.69%"
"2021-8-16","69.51","70.05","70.45","68.14","294.02K","-1.53%"
"2021-8-13","70.59","71.12","71.38","70.00","202.42K","-1.01%"
"2021-8-12","71.31","71.57","71.90","70.67","224.99K","-0.18%"
"2021-8-11","71.44","70.83","71.72","69.07","324.04K","1.15%"
"2021-8-10","70.63","69.35","71.24","68.94","246.13K","2.30%"
"2021-8-9","69.04","70.26","70.26","67.60","353.68K","-2.35%"
"2021-8-6","70.70","71.20","72.43","70.28","298.96K","-0.83%"
"2021-8-5","71.29","70.27","71.50","69.75","261.05K","1.29%"
"2021-8-4","70.38","72.33","72.83","70.11","370.13K","-2.80%"
"2021-8-3","72.41","73.08","73.55","71.05","303.73K","-0.66%"
"2021-8-2","72.89","75.39","75.39","72.31","304.87K","-4.51%"
"2021-7-30","76.33","75.81","76.38","75.38","14.39K","0.37%"
"2021-7-29","76.05","74.76","76.15","74.63","78.27K","1.75%"
"2021-7-28","74.74","74.77","75.32","74.42","111.62K","0.35%"
"2021-7-27","74.48","74.67","75.05","74.02","181.94K","-0.03%"
"2021-7-26","74.50","74.12","74.84","72.75","210.64K","0.54%"
"2021-7-23","74.10","73.56","74.22","73.32","181.66K","0.42%"
"2021-7-22","73.79","72.24","73.90","71.74","251.60K","2.16%"
"2021-7-21","72.23","68.92","72.38","68.63","306.32K","4.15%"
"2021-7-20","69.35","68.99","69.73","67.44","316.48K","1.06%"
"2021-7-19","68.62","72.86","73.34","67.75","510.92K","-6.75%"
"2021-7-16","73.59","73.18","74.09","72.34","292.66K","0.16%"
"2021-7-15","73.47","74.50","74.59","73.19","322.33K","-1.73%"
"2021-7-14","74.76","76.28","76.72","73.79","376.94K","-2.26%"
"2021-7-13","76.49","75.25","76.60","74.93","275.91K","1.77%"
"2021-7-12","75.16","75.79","75.84","74.23","262.30K","-0.52%"
"2021-7-9","75.55","74.39","75.80","73.80","248.18K","1.93%"
"2021-7-8","74.12","73.35","74.40","72.11","314.34K","0.94%"
"2021-7-7","73.43","74.69","75.99","72.60","387.43K","-1.48%"
"2021-7-6","74.53","77.06","77.84","74.13","410.70K","-3.41%"
"2021-7-5","77.16","76.23","77.26","75.70","157.22K","1.30%"
"2021-7-2","76.17","75.64","76.43","75.21","236.22K","0.44%"
"2021-7-1","75.84","74.69","76.74","74.55","405.16K","0.95%"
"2021-6-30","75.13","75.18","75.60","74.39","15.06K","0.49%"
"2021-6-29","74.76","74.67","75.51","73.90","94.94K","0.11%"
"2021-6-28","74.68","75.99","76.60","74.51","142.11K","-1.97%"
"2021-6-25","76.18","75.54","76.21","74.95","172.41K","0.82%"
"2021-6-24","75.56","75.30","75.78","74.51","165.05K","0.49%"
"2021-6-23","75.19","74.75","76.02","74.70","229.04K","0.51%"
"2021-6-22","74.81","74.88","75.30","74.32","294.72K","-0.12%"
"2021-6-21","74.90","73.33","74.95","72.98","265.47K","1.89%"
"2021-6-18","73.51","73.00","73.76","72.18","231.55K","0.59%"
"2021-6-17","73.08","73.80","74.50","72.01","336.64K","-1.76%"
"2021-6-16","74.39","74.26","74.96","73.86","306.09K","0.54%"
"2021-6-15","73.99","73.03","74.33","72.79","228.62K","1.55%"
"2021-6-14","72.86","72.70","73.64","72.59","200.72K","0.23%"
"2021-6-11","72.69","72.41","73.09","71.88","276.48K","0.23%"
"2021-6-10","72.52","72.03","72.93","70.95","346.58K","0.42%"
"2021-6-9","72.22","72.17","72.87","71.82","266.37K","0.00%"
"2021-6-8","72.22","71.42","72.42","70.71","285.23K","1.02%"
"2021-6-7","71.49","71.82","72.27","71.10","224.33K","-0.56%"
"2021-6-4","71.89","71.25","72.17","70.73","222.00K","0.81%"
"2021-6-3","71.31","71.27","71.99","70.66","229.79K","-0.06%"
"2021-6-2","71.35","70.55","71.48","70.35","221.63K","1.57%"
"2021-6-1","70.25","69.39","71.34","69.29","302.49K","1.34%"
"2021-5-31","69.32","68.98","69.82","68.75","80.18K","-0.45%"
"2021-5-28","69.63","69.69","69.92","69.26","21.26K","0.24%"
"2021-5-27","69.46","68.78","69.51","68.11","86.51K","0.86%"
"2021-5-26","68.87","68.55","69.17","68.02","134.62K","0.32%"
"2021-5-25","68.65","68.47","68.90","67.83","183.13K","0.28%"
"2021-5-24","68.46","66.72","68.64","66.46","227.25K","3.04%"
"2021-5-21","66.44","65.22","66.94","64.57","257.64K","2.04%"
"2021-5-20","65.11","66.63","67.17","64.80","388.16K","-2.33%"
"2021-5-19","66.66","68.41","68.46","65.30","386.89K","-2.98%"
"2021-5-18","68.71","69.61","70.24","67.28","378.02K","-1.08%"
"2021-5-17","69.46","68.92","69.62","68.18","230.78K","1.09%"
"2021-5-14","68.71","67.00","68.89","66.50","286.13K","2.48%"
"2021-5-13","67.05","68.88","69.04","66.48","312.00K","-3.27%"
"2021-5-12","69.32","68.78","69.90","68.18","310.30K","1.12%"
"2021-5-11","68.55","68.29","68.75","67.13","321.86K","0.34%"
"2021-5-10","68.32","68.74","69.20","67.41","265.60K","0.06%"
"2021-5-7","68.28","68.26","68.65","67.39","262.58K","0.28%"
"2021-5-6","68.09","68.47","69.37","67.93","273.28K","-1.26%"
"2021-5-5","68.96","69.35","69.95","68.35","283.73K","0.12%"
"2021-5-4","68.88","67.75","69.50","67.37","249.64K","1.95%"
"2021-5-3","67.56","66.70","67.82","66.10","148.71K","0.46%"
"2021-4-30","67.25","68.33","68.40","67.06","14.84K","-1.91%"
"2021-4-29","68.56","67.18","68.95","67.13","91.52K","1.92%"
"2021-4-28","67.27","66.58","67.85","66.13","148.95K","1.28%"
"2021-4-27","66.42","65.76","66.80","65.66","222.92K","1.17%"
"2021-4-26","65.65","66.10","66.26","64.57","257.58K","-0.70%"
"2021-4-23","66.11","65.80","66.30","65.16","187.90K","1.09%"
"2021-4-22","65.40","65.13","65.83","64.58","242.47K","0.12%"
"2021-4-21","65.32","66.22","66.52","64.96","260.88K","-1.88%"
"2021-4-20","66.57","67.20","68.08","65.51","328.24K","-0.72%"
"2021-4-19","67.05","66.70","67.23","66.17","193.81K","0.42%"
"2021-4-16","66.77","66.86","67.38","66.44","212.20K","-0.25%"
"2021-4-15","66.94","66.38","67.03","65.95","240.31K","0.54%"
"2021-4-14","66.58","64.01","66.90","63.88","323.04K","4.57%"
"2021-4-13","63.67","63.24","64.19","63.18","242.41K","0.62%"
"2021-4-12","63.28","63.03","64.31","62.41","257.84K","0.52%"
"2021-4-9","62.95","63.28","63.49","62.57","216.24K","-0.40%"
"2021-4-8","63.20","63.02","63.43","62.38","265.18K","0.06%"
"2021-4-7","63.16","62.60","63.55","61.60","321.39K","0.67%"
"2021-4-6","62.74","62.32","64.28","62.08","307.87K","0.95%"
"2021-4-5","62.15","64.57","64.81","61.25","231.78K","-4.18%"
"2021-4-1","64.86","63.12","65.17","62.38","480.37K","2.08%"
"2021-3-31","63.54","64.13","64.79","63.53","9.70K","-0.94%"
"2021-3-30","64.14","65.20","65.41","63.52","74.36K","-1.29%"
"2021-3-29","64.98","64.58","65.46","63.13","91.75K","0.63%"
"2021-3-26","64.57","62.01","64.89","61.85","147.74K","4.23%"
"2021-3-25","61.95","63.99","64.19","60.98","202.58K","-3.82%"
"2021-3-24","64.41","60.50","64.57","60.47","255.12K","5.95%"
"2021-3-23","60.79","64.30","64.30","60.27","392.60K","-5.93%"
"2021-3-22","64.62","64.53","65.12","63.45","236.34K","0.14%"
"2021-3-19","64.53","62.99","64.95","62.07","446.11K","1.98%"
"2021-3-18","63.28","67.77","68.15","61.45","516.08K","-6.94%"
"2021-3-17","68.00","68.39","68.89","66.96","309.76K","-0.57%"
"2021-3-16","68.39","68.81","68.94","67.36","248.99K","-0.71%"
"2021-3-15","68.88","69.08","70.03","67.82","262.60K","-0.49%"
"2021-3-12","69.22","69.59","69.90","69.03","251.54K","-0.59%"
"2021-3-11","69.63","68.45","69.84","67.99","289.61K","2.55%"
"2021-3-10","67.90","67.46","68.42","66.50","361.94K","0.56%"
"2021-3-9","67.52","68.13","69.33","67.12","302.61K","-1.06%"
"2021-3-8","68.24","69.97","71.38","67.80","352.59K","-1.61%"
"2021-3-5","69.36","67.16","69.69","66.67","361.76K","3.93%"
"2021-3-4","66.74","64.10","67.75","63.33","510.68K","4.17%"
"2021-3-3","64.07","62.38","64.70","62.38","341.67K","2.19%"
"2021-3-2","62.70","63.12","64.13","62.38","367.12K","-1.55%"
"2021-3-1","63.69","64.85","65.93","63.17","291.91K","-3.69%"
"2021-2-26","66.13","66.89","66.90","65.72","16.10K","-1.12%"
"2021-2-25","66.88","67.20","67.70","66.48","109.65K","-0.24%"
"2021-2-24","67.04","65.06","67.31","64.80","129.71K","2.55%"
"2021-2-23","65.37","65.51","66.79","64.47","231.18K","0.20%"
"2021-2-22","65.24","62.68","65.85","62.55","213.75K","3.70%"
"2021-2-19","62.91","63.30","63.94","62.09","305.83K","-1.60%"
"2021-2-18","63.93","65.02","65.52","63.22","420.56K","-0.64%"
"2021-2-17","64.34","63.15","64.96","62.73","391.26K","1.56%"
"2021-2-16","63.35","63.47","63.70","62.69","284.67K","0.08%"
"2021-2-15","63.30","62.83","63.76","62.82","220.38K","1.39%"
"2021-2-12","62.43","60.82","62.83","60.35","307.72K","2.11%"
"2021-2-11","61.14","61.01","61.50","60.72","209.69K","-0.54%"
"2021-2-10","61.47","61.21","61.69","60.87","287.71K","0.62%"
"2021-2-9","61.09","60.80","61.34","60.05","319.50K","0.88%"
"2021-2-8","60.56","59.43","60.72","59.43","269.31K","2.06%"
"2021-2-5","59.34","59.17","59.79","59.08","229.42K","0.85%"
"2021-2-4","58.84","58.59","59.12","58.04","244.07K","0.65%"
"2021-2-3","58.46","57.85","58.94","57.50","276.86K","1.74%"
"2021-2-2","57.46","56.35","58.05","56.33","337.68K","1.97%"
"2021-2-1","56.35","54.91","56.53","54.60","288.25K","0.84%"
"2021-1-29","55.88","55.52","56.37","55.31","19.94K","0.63%"
"2021-1-28","55.53","55.41","56.59","55.31","122.48K","-0.50%"
"2021-1-27","55.81","56.05","56.49","55.20","132.41K","-0.18%"
"2021-1-26","55.91","55.93","56.34","55.39","163.20K","0.05%"
"2021-1-25","55.88","55.26","56.02","55.07","198.27K","0.85%"
"2021-1-22","55.41","56.00","56.03","54.48","269.37K","-1.23%"
"2021-1-21","56.10","55.82","56.24","55.49","254.59K","0.04%"
"2021-1-20","56.08","56.07","56.64","55.66","310.89K","0.32%"
"2021-1-19","55.90","55.01","56.08","54.89","261.10K","2.10%"
"2021-1-18","54.75","54.75","55.21","54.49","142.87K","-0.64%"
"2021-1-15","55.10","56.41","56.50","54.64","298.41K","-2.34%"
"2021-1-14","56.42","55.93","56.57","55.24","331.29K","0.64%"
"2021-1-13","56.06","56.83","57.42","55.77","324.30K","-0.92%"
"2021-1-12","56.58","55.66","56.79","55.51","288.14K","1.65%"
"2021-1-11","55.66","56.24","56.39","54.99","295.07K","-0.59%"
"2021-1-8","55.99","54.56","56.36","54.34","336.65K","2.96%"
"2021-1-7","54.38","54.13","54.90","53.94","267.19K","0.15%"
"2021-1-6","54.30","53.52","54.73","53.02","414.41K","1.31%"
"2021-1-5","53.60","50.95","53.90","50.70","455.35K","4.91%"
"2021-1-4","51.09","51.50","53.33","50.56","382.90K","-1.37%"
"2020-12-31","51.80","51.49","51.84","50.90","133.22K","0.90%"
"2020-12-30","51.34","51.32","51.56","51.04","17.63K","0.49%"
"2020-12-29","51.09","51.02","51.63","50.86","91.33K","0.45%"
"2020-12-28","50.86","51.25","52.02","50.53","81.06K","-0.84%"
"2020-12-24","51.29","51.11","51.77","50.62","96.69K","0.18%"
"2020-12-23","51.20","49.70","51.59","49.20","182.63K","2.24%"
"2020-12-22","50.08","50.65","50.86","49.56","194.10K","-1.63%"
"2020-12-21","50.91","52.22","52.32","49.20","288.74K","-2.58%"
"2020-12-18","52.26","51.43","52.48","51.13","246.12K","1.48%"
"2020-12-17","51.50","51.12","51.90","51.08","233.88K","0.82%"
"2020-12-16","51.08","50.64","51.20","50.34","222.74K","0.63%"
"2020-12-15","50.76","50.30","50.89","49.78","190.55K","0.93%"
"2020-12-14","50.29","50.05","50.80","49.13","236.96K","0.64%"
"2020-12-11","49.97","50.45","50.74","49.74","231.87K","-0.56%"
"2020-12-10","50.25","49.00","51.06","48.86","288.73K","2.84%"
"2020-12-9","48.86","48.84","49.55","48.40","267.79K","0.04%"
"2020-12-8","48.84","48.58","49.00","48.09","225.24K","0.10%"
"2020-12-7","48.79","49.23","49.43","48.40","207.51K","-0.93%"
"2020-12-4","49.25","48.96","49.92","48.84","253.64K","1.11%"
"2020-12-3","48.71","48.00","48.94","47.67","274.73K","0.95%"
"2020-12-2","48.25","47.05","48.76","46.82","285.74K","1.75%"
"2020-12-1","47.42","47.79","48.30","46.88","258.69K","-0.36%"
"2020-11-30","47.59","47.91","47.99","46.85","20.68K","-1.22%"
"2020-11-27","48.18","47.81","48.44","47.34","87.75K","0.79%"
"2020-11-26","47.80","48.76","49.09","47.53","88.76K","-1.67%"
"2020-11-25","48.61","47.80","49.06","47.72","231.03K","1.57%"
"2020-11-24","47.86","45.90","48.03","45.89","263.24K","3.91%"
"2020-11-23","46.06","45.08","46.12","44.89","267.25K","2.45%"
"2020-11-20","44.96","44.15","45.24","44.05","264.01K","1.72%"
"2020-11-19","44.20","43.96","44.57","43.79","210.30K","-0.32%"
"2020-11-18","44.34","43.75","44.89","43.48","242.88K","1.35%"
"2020-11-17","43.75","43.89","44.25","43.08","226.35K","-0.16%"
"2020-11-16","43.82","42.71","44.67","42.71","268.43K","2.43%"
"2020-11-13","42.78","43.20","43.34","42.63","216.74K","-1.72%"
"2020-11-12","43.53","43.73","44.50","43.26","266.04K","-0.62%"
"2020-11-11","43.80","43.77","45.30","43.60","346.77K","0.44%"
"2020-11-10","43.61","41.75","44.11","41.71","315.25K","2.85%"
"2020-11-9","42.40","39.65","43.48","39.46","393.05K","7.48%"
"2020-11-6","39.45","40.63","40.69","39.34","255.44K","-3.62%"
"2020-11-5","40.93","40.96","41.53","40.33","219.20K","-0.73%"
"2020-11-4","41.23","40.13","41.33","39.42","250.87K","3.83%"
"2020-11-3","39.71","39.26","40.45","38.65","278.63K","1.90%"
"2020-11-2","38.97","37.37","39.36","35.74","326.07K","4.03%"
"2020-10-30","37.46","37.50","38.10","36.80","20.19K","-0.50%"
"2020-10-29","37.65","39.16","39.45","36.64","112.49K","-3.76%"
"2020-10-28","39.12","40.61","40.70","38.75","163.83K","-5.05%"
"2020-10-27","41.20","40.50","41.47","40.40","207.54K","1.83%"
"2020-10-26","40.46","41.53","41.63","40.22","210.53K","-3.14%"
"2020-10-23","41.77","42.40","42.80","41.50","205.21K","-1.63%"
"2020-10-22","42.46","41.59","42.79","41.46","257.20K","1.75%"
"2020-10-21","41.73","42.91","43.04","41.45","268.88K","-3.31%"
"2020-10-20","43.16","42.45","43.30","42.19","252.05K","1.27%"
"2020-10-19","42.62","42.69","43.23","42.36","209.06K","-0.72%"
"2020-10-16","42.93","43.10","43.21","42.27","197.16K","-0.53%"
"2020-10-15","43.16","43.45","43.48","41.56","295.28K","-0.37%"
"2020-10-14","43.32","42.43","43.45","42.13","279.12K","2.05%"
"2020-10-13","42.45","41.81","42.68","41.66","227.85K","1.75%"
"2020-10-12","41.72","42.60","42.71","41.36","238.87K","-2.64%"
"2020-10-9","42.85","43.36","43.57","42.61","254.62K","-1.13%"
"2020-10-8","43.34","42.15","43.47","41.86","266.26K","3.22%"
"2020-10-7","41.99","41.85","42.42","41.36","241.20K","-1.55%"
"2020-10-6","42.65","41.41","42.84","41.22","291.68K","3.29%"
"2020-10-5","41.29","39.19","41.78","39.14","273.76K","5.14%"
"2020-10-2","39.27","40.65","40.77","38.79","337.41K","-4.06%"
"2020-10-1","40.93","42.17","42.56","39.92","338.72K","-0.05%"
"2020-9-30","40.95","40.66","40.98","40.30","19.38K","-0.19%"
"2020-9-29","41.03","42.47","42.52","40.43","91.60K","-3.30%"
"2020-9-28","42.43","41.87","42.62","41.48","91.82K","1.22%"
"2020-9-25","41.92","41.85","42.33","41.52","129.40K","-0.05%"
"2020-9-24","41.94","41.36","42.02","41.27","162.93K","0.41%"
"2020-9-23","41.77","41.67","42.62","41.21","183.88K","0.12%"
"2020-9-22","41.72","41.79","42.20","41.21","210.74K","0.68%"
"2020-9-21","41.44","43.01","43.30","40.96","217.36K","-3.96%"
"2020-9-18","43.15","43.22","43.80","42.53","204.66K","-0.35%"
"2020-9-17","43.30","42.32","43.50","41.50","237.40K","2.56%"
"2020-9-16","42.22","40.72","42.44","40.59","237.25K","4.17%"
"2020-9-15","40.53","39.70","40.82","39.39","214.80K","2.32%"
"2020-9-14","39.61","39.78","40.09","39.30","200.09K","-0.55%"
"2020-9-11","39.83","39.96","40.34","39.38","211.88K","-0.57%"
"2020-9-10","40.06","40.58","40.96","39.71","208.86K","-1.79%"
"2020-9-9","40.79","39.65","41.20","39.37","278.22K","2.54%"
"2020-9-8","39.78","42.08","42.23","39.31","363.53K","-5.31%"
"2020-9-7","42.01","42.20","42.43","41.51","122.98K","-1.52%"
"2020-9-4","42.66","43.76","44.54","42.30","270.96K","-3.20%"
"2020-9-3","44.07","44.65","44.65","43.15","274.93K","-0.81%"
"2020-9-2","44.43","45.83","46.05","44.20","260.14K","-2.52%"
"2020-9-1","45.58","45.60","46.22","45.47","206.72K","0.66%"
"2020-8-31","45.28","45.80","46.53","45.21","174.31K","0.51%"
"2020-8-28","45.05","45.10","45.30","44.80","21.14K","-0.09%"
"2020-8-27","45.09","45.70","45.87","44.56","102.26K","-1.21%"
"2020-8-26","45.64","45.97","46.10","45.54","132.51K","-0.48%"
"2020-8-25","45.86","45.12","46.07","45.08","178.31K","1.62%"
"2020-8-24","45.13","44.50","45.18","44.29","176.64K","1.76%"
"2020-8-21","44.35","45.03","45.08","43.59","221.99K","-1.22%"
"2020-8-20","44.90","45.14","45.18","44.02","249.74K","-1.04%"
"2020-8-19","45.37","45.17","45.48","44.81","174.88K","-0.20%"
"2020-8-18","45.46","45.27","45.55","44.76","181.69K","0.20%"
"2020-8-17","45.37","44.86","45.41","44.53","164.23K","1.27%"
"2020-8-14","44.80","45.29","45.29","44.47","151.46K","-0.36%"
"2020-8-13","44.96","45.32","45.58","44.82","148.41K","-1.03%"
"2020-8-12","45.43","44.62","45.63","44.49","166.48K","2.09%"
"2020-8-11","44.50","45.05","45.79","44.39","202.74K","-1.09%"
"2020-8-10","44.99","44.66","45.26","44.37","135.30K","1.33%"
"2020-8-7","44.40","45.15","45.30","44.27","171.72K","-1.53%"
"2020-8-6","45.09","45.32","45.71","44.85","184.52K","-0.18%"
"2020-8-5","45.17","44.28","46.23","44.24","246.98K","1.67%"
"2020-8-4","44.43","43.84","44.82","43.24","227.12K","0.63%"
"2020-8-3","44.15","43.53","44.46","42.89","198.70K","1.96%"
"2020-7-31","43.30","43.29","43.44","43.05","14.42K","0.84%"
"2020-7-30","42.94","43.73","43.80","41.38","63.20K","-1.85%"
"2020-7-29","43.75","43.31","43.95","43.20","64.92K","1.23%"
"2020-7-28","43.22","43.55","43.84","43.00","107.34K","-0.44%"
"2020-7-27","43.41","43.35","43.77","42.39","174.75K","0.16%"
"2020-7-24","43.34","43.27","43.90","42.79","191.05K","0.07%"
"2020-7-23","43.31","44.10","44.77","43.13","262.24K","-2.21%"
"2020-7-22","44.29","44.03","44.40","43.62","202.16K","-0.07%"
"2020-7-21","44.32","43.17","44.89","43.16","229.78K","2.40%"
"2020-7-20","43.28","43.08","43.45","42.36","179.43K","0.32%"
"2020-7-17","43.14","43.40","43.45","42.64","162.40K","-0.53%"
"2020-7-16","43.37","43.71","43.80","43.14","172.16K","-0.96%"
"2020-7-15","43.79","43.07","43.85","42.70","232.18K","2.07%"
"2020-7-14","42.90","42.24","43.22","41.80","221.12K","0.42%"
"2020-7-13","42.72","43.12","43.34","42.14","200.31K","-1.20%"
"2020-7-10","43.24","42.36","43.42","41.32","214.05K","2.10%"
"2020-7-9","42.35","43.30","43.50","41.94","237.75K","-2.17%"
"2020-7-8","43.29","42.81","43.47","42.75","185.14K","0.49%"
"2020-7-7","43.08","43.13","43.45","42.46","183.23K","-0.05%"
"2020-7-6","43.10","42.79","43.71","42.74","185.02K","0.70%"
"2020-7-3","42.80","42.76","42.99","42.32","96.78K","-0.79%"
"2020-7-2","43.14","41.84","43.23","41.73","196.69K","2.64%"
"2020-7-1","42.03","41.58","42.62","41.03","252.52K","2.14%"
"2020-6-30","41.15","41.33","41.62","40.90","12.60K","-1.34%"
"2020-6-29","41.71","40.56","41.95","40.04","86.78K","1.68%"
"2020-6-26","41.02","41.44","41.81","40.29","120.32K","-0.07%"
"2020-6-25","41.05","40.35","41.64","39.47","166.05K","1.84%"
"2020-6-24","40.31","42.45","42.89","39.63","195.72K","-5.44%"
"2020-6-23","42.63","43.21","43.93","42.21","183.03K","-1.04%"
"2020-6-22","43.08","41.74","43.18","41.58","187.65K","2.11%"
"2020-6-19","42.19","41.72","42.92","41.03","217.49K","1.64%"
"2020-6-18","41.51","40.43","41.64","40.06","175.79K","1.97%"
"2020-6-17","40.71","40.61","41.46","40.03","175.24K","-0.61%"
"2020-6-16","40.96","39.94","41.65","38.95","248.58K","3.12%"
"2020-6-15","39.72","38.80","39.90","37.24","215.42K","2.56%"
"2020-6-12","38.73","37.88","39.45","37.01","237.89K","0.47%"
"2020-6-11","38.55","40.95","41.01","37.82","290.17K","-7.62%"
"2020-6-10","41.73","40.72","41.99","40.14","234.19K","1.34%"
"2020-6-9","41.18","41.10","41.45","39.85","222.36K","0.93%"
"2020-6-8","40.80","42.40","43.41","40.68","227.88K","-3.55%"
"2020-6-5","42.30","39.84","42.48","39.72","250.31K","5.78%"
"2020-6-4","39.99","39.60","40.10","39.04","172.61K","0.50%"
"2020-6-3","39.79","39.75","40.53","38.76","239.43K","0.56%"
"2020-6-2","39.57","38.34","39.75","38.26","205.22K","3.26%"
"2020-6-1","38.32","37.56","38.68","37.18","212.78K","8.46%"
"2020-5-29","35.33","35.15","35.37","34.06","14.71K","0.11%"
"2020-5-28","35.29","33.92","35.95","33.62","70.99K","1.58%"
"2020-5-27","34.74","35.93","36.16","33.98","112.25K","-3.95%"
"2020-5-26","36.17","35.66","36.68","35.26","129.98K","1.80%"
"2020-5-25","35.53","34.98","35.97","34.46","28.96K","1.14%"
"2020-5-22","35.13","36.18","36.23","33.54","174.59K","-2.58%"
"2020-5-21","36.06","35.82","36.98","35.75","178.55K","0.87%"
"2020-5-20","35.75","34.45","36.46","34.38","191.27K","3.17%"
"2020-5-19","34.65","35.66","35.76","34.20","188.93K","-0.46%"
"2020-5-18","34.81","32.78","35.72","32.69","232.25K","7.11%"
"2020-5-15","32.50","31.52","32.91","30.94","211.28K","4.40%"
"2020-5-14","31.13","29.52","31.55","28.88","222.21K","6.65%"
"2020-5-13","29.19","29.35","30.55","28.86","221.11K","-2.64%"
"2020-5-12","29.98","30.07","30.70","29.35","202.47K","1.18%"
"2020-5-11","29.63","30.70","31.47","29.35","242.21K","-4.33%"
"2020-5-8","30.97","29.60","31.14","29.43","147.30K","5.13%"
"2020-5-7","29.46","29.64","31.84","29.08","259.89K","-0.87%"
"2020-5-6","29.72","32.27","32.27","28.66","268.46K","-4.04%"
"2020-5-5","30.97","28.10","32.06","27.77","267.14K","13.86%"
"2020-5-4","27.20","26.10","28.08","25.50","215.73K","2.87%"
"2020-5-1","26.44","26.95","27.88","25.76","216.98K","4.63%"
"2020-4-30","25.27","22.87","25.76","22.87","9.69K","12.11%"
"2020-4-29","22.54","20.66","23.88","20.53","86.55K","10.17%"
"2020-4-28","20.46","19.90","21.29","18.73","123.22K","2.35%"
"2020-4-27","19.99","21.55","21.91","19.11","162.39K","-6.76%"
"2020-4-24","21.44","21.93","22.70","20.50","187.00K","0.52%"
"2020-4-23","21.33","20.89","23.22","20.07","256.30K","4.71%"
"2020-4-22","20.37","20.23","22.45","15.98","344.76K","5.38%"
"2020-4-21","19.33","26.33","26.50","17.51","637.21K","-24.40%"
"2020-4-20","25.57","28.05","28.25","25.37","361.83K","-8.94%"
"2020-4-17","28.08","28.66","28.93","27.58","286.17K","0.93%"
"2020-4-16","27.82","28.05","29.00","27.20","272.98K","0.47%"
"2020-4-15","27.69","30.26","30.33","27.16","284.34K","-6.45%"
"2020-4-14","29.60","32.25","32.32","29.38","297.55K","-6.74%"
"2020-4-13","31.74","33.99","33.99","30.63","223.29K","0.83%"
"2020-4-9","31.48","33.82","36.40","31.18","493.00K","-4.14%"
"2020-4-8","32.84","32.63","33.87","31.54","320.61K","3.04%"
"2020-4-7","31.87","33.66","34.18","31.74","303.42K","-3.57%"
"2020-4-6","33.05","31.76","34.24","30.03","296.07K","-3.11%"
"2020-4-3","34.11","29.89","35.00","28.25","541.28K","13.93%"
"2020-4-2","29.94","25.61","36.29","25.45","612.27K","21.02%"
"2020-4-1","24.74","25.99","26.28","24.52","347.29K","8.80%"
"2020-3-31","22.74","23.00","23.87","22.59","14.77K","-0.09%"
"2020-3-30","22.76","23.85","24.44","21.65","62.08K","-8.70%"
"2020-3-27","24.93","26.68","27.00","24.13","112.74K","-5.35%"
"2020-3-26","26.34","27.35","27.75","26.03","139.18K","-3.83%"
"2020-3-25","27.39","27.80","28.29","25.68","154.94K","0.88%"
"2020-3-24","27.15","27.72","28.65","26.69","198.91K","0.44%"
"2020-3-23","27.03","26.75","27.54","24.68","257.59K","0.19%"
"2020-3-20","26.98","28.10","30.94","26.81","313.84K","-5.23%"
"2020-3-19","28.47","27.19","29.42","24.96","335.72K","14.43%"
"2020-3-18","24.88","28.40","29.21","24.52","348.40K","-13.40%"
"2020-3-17","28.73","30.14","31.25","28.50","270.24K","-4.39%"
"2020-3-16","30.05","35.82","35.84","29.45","330.12K","-11.23%"
"2020-3-13","33.85","32.85","36.15","32.50","360.63K","1.90%"
"2020-3-12","33.22","35.99","36.46","32.50","472.74K","-7.18%"
"2020-3-11","35.79","37.27","39.70","35.35","471.77K","-3.84%"
"2020-3-10","37.22","35.84","38.22","35.00","551.29K","8.32%"
"2020-3-9","34.36","38.28","38.34","31.02","779.72K","-24.10%"
"2020-3-6","45.27","50.25","50.45","45.18","636.39K","-9.44%"
"2020-3-5","49.99","51.66","52.04","49.70","361.04K","-2.23%"
"2020-3-4","51.13","52.11","53.03","51.04","363.50K","-1.41%"
"2020-3-3","51.86","53.47","53.90","51.22","407.55K","-0.08%"
"2020-3-2","51.90","48.95","53.20","48.40","417.56K","2.73%"
"2020-2-28","50.52","51.42","51.52","50.05","20.36K","-3.18%"
"2020-2-27","52.18","53.18","53.25","50.97","112.16K","-2.34%"
"2020-2-26","53.43","55.13","55.45","53.03","171.50K","-2.77%"
"2020-2-25","54.95","56.46","56.98","54.62","210.28K","-2.40%"
"2020-2-24","56.30","57.85","57.86","55.13","236.33K","-3.76%"
"2020-2-21","58.50","59.00","59.25","57.73","236.49K","-1.37%"
"2020-2-20","59.31","59.31","60.00","58.90","268.65K","0.32%"
"2020-2-19","59.12","57.60","59.40","57.51","262.15K","2.37%"
"2020-2-18","57.75","57.35","57.83","56.30","249.20K","0.14%"
"2020-2-17","57.67","57.29","57.70","56.83","115.34K","0.61%"
"2020-2-14","57.32","56.41","57.53","56.15","258.14K","1.74%"
"2020-2-13","56.34","55.75","56.83","54.96","325.51K","0.99%"
"2020-2-12","55.79","54.41","56.36","54.39","305.45K","3.30%"
"2020-2-11","54.01","53.62","54.69","53.60","272.81K","1.39%"
"2020-2-10","53.27","54.20","54.71","53.11","280.18K","-2.20%"
"2020-2-7","54.47","55.14","55.40","54.21","270.80K","-0.84%"
"2020-2-6","54.93","55.56","56.58","54.25","379.87K","-0.63%"
"2020-2-5","55.28","54.05","56.46","54.05","412.27K","2.45%"
"2020-2-4","53.96","54.33","55.65","53.69","409.86K","-0.90%"
"2020-2-3","54.45","56.16","56.77","54.08","477.22K","-6.38%"
"2020-1-31","58.16","59.30","59.45","57.94","19.60K","-0.22%"
"2020-1-30","58.29","59.60","59.65","57.71","104.27K","-2.54%"
"2020-1-29","59.81","59.86","60.62","59.26","142.68K","0.50%"
"2020-1-28","59.51","59.03","60.12","58.50","248.95K","0.32%"
"2020-1-27","59.32","60.23","60.49","58.50","259.77K","-2.26%"
"2020-1-24","60.69","62.01","62.46","60.25","257.95K","-2.18%"
"2020-1-23","62.04","62.68","62.69","61.25","361.91K","-1.85%"
"2020-1-22","63.21","64.57","64.58","62.62","273.30K","-2.14%"
"2020-1-21","64.59","65.26","65.35","64.06","248.56K","-0.94%"
"2020-1-20","65.20","65.98","66.00","64.92","154.79K","0.54%"
"2020-1-17","64.85","64.69","65.60","64.48","238.64K","0.36%"
"2020-1-16","64.62","64.26","64.97","63.90","220.17K","0.97%"
"2020-1-15","64.00","64.44","64.60","63.55","229.53K","-0.76%"
"2020-1-14","64.49","64.29","65.05","63.92","270.50K","0.45%"
"2020-1-13","64.20","65.13","65.27","63.92","262.47K","-1.20%"
"2020-1-10","64.98","65.29","65.66","64.86","272.17K","-0.60%"
"2020-1-9","65.37","66.00","66.10","64.56","364.45K","-0.11%"
"2020-1-8","65.44","71.22","71.75","64.94","560.89K","-4.15%"
"2020-1-7","68.27","68.63","68.75","67.65","284.92K","-0.93%"
"2020-1-6","68.91","69.35","70.74","68.21","341.14K","0.45%"
"2020-1-3","68.60","66.28","69.50","66.22","479.70K","3.55%"
"2020-1-2","66.25","66.41","66.58","65.72","205.69K","0.38%"
"2019-12-31","66.00","66.65","66.93","65.63","171.01K","-3.57%"
"2019-12-30","68.44","68.20","68.99","68.16","29.42K","0.41%"
"2019-12-27","68.16","67.91","68.33","67.57","112.22K","0.35%"
"2019-12-26","67.92","67.27","67.99","67.22","69.82K","1.07%"
"2019-12-24","67.20","66.44","67.26","66.36","106.43K","1.22%"
"2019-12-23","66.39","66.15","66.62","65.81","131.42K","0.38%"
"2019-12-20","66.14","66.56","66.72","65.70","217.98K","-0.60%"
"2019-12-19","66.54","66.19","66.78","66.03","249.54K","0.56%"
"2019-12-18","66.17","65.84","66.43","65.56","262.34K","0.11%"
"2019-12-17","66.10","65.31","66.24","65.12","245.83K","1.16%"
"2019-12-16","65.34","65.05","65.66","64.88","186.09K","0.18%"
"2019-12-13","65.22","64.56","65.79","64.50","232.75K","1.59%"
"2019-12-12","64.20","63.90","64.85","63.87","238.31K","0.75%"
"2019-12-11","63.72","64.00","64.26","63.01","250.14K","-0.96%"
"2019-12-10","64.34","64.03","64.69","63.78","235.19K","0.14%"
"2019-12-9","64.25","64.29","64.50","63.61","239.77K","-0.22%"
"2019-12-6","64.39","63.41","64.88","62.83","314.60K","1.58%"
"2019-12-5","63.39","62.97","63.91","62.75","294.84K","0.62%"
"2019-12-4","63.00","61.08","63.51","61.00","319.04K","3.58%"
"2019-12-3","60.82","61.05","61.58","60.30","248.55K","-0.16%"
"2019-12-2","60.92","60.73","62.09","60.72","297.87K","-2.42%"
"2019-11-29","62.43","63.77","63.86","62.36","19.65K","-2.25%"
"2019-11-28","63.87","63.91","64.00","63.19","96.08K","-0.30%"
"2019-11-27","64.06","64.02","64.60","63.51","125.47K","-0.33%"
"2019-11-26","64.27","63.70","64.32","63.44","181.10K","0.97%"
"2019-11-25","63.65","63.60","63.80","62.97","212.05K","0.41%"
"2019-11-22","63.39","63.62","64.27","62.98","228.74K","-0.91%"
"2019-11-21","63.97","62.22","64.03","61.92","318.49K","2.52%"
"2019-11-20","62.40","60.94","62.80","60.30","343.31K","2.45%"
"2019-11-19","60.91","62.28","62.57","60.70","296.80K","-2.45%"
"2019-11-18","62.44","63.36","63.57","61.94","228.25K","-1.36%"
"2019-11-15","63.30","62.47","63.65","61.70","255.68K","1.64%"
"2019-11-14","62.28","62.61","63.21","62.15","234.78K","-0.14%"
"2019-11-13","62.37","61.85","62.74","61.22","273.03K","0.50%"
"2019-11-12","62.06","62.11","62.85","61.82","238.17K","-0.19%"
"2019-11-11","62.18","62.60","62.76","61.57","213.34K","-0.53%"
"2019-11-8","62.51","62.29","62.70","60.66","287.67K","0.35%"
"2019-11-7","62.29","61.73","62.89","61.65","261.07K","0.89%"
"2019-11-6","61.74","62.78","63.32","61.59","275.94K","-1.94%"
"2019-11-5","62.96","62.04","63.19","61.85","231.67K","1.34%"
"2019-11-4","62.13","61.80","62.78","61.28","235.38K","0.71%"
"2019-11-1","61.69","59.45","61.82","59.40","236.09K","2.42%"
"2019-10-31","60.23","60.57","61.13","60.07","13.90K","-0.63%"
"2019-10-30","60.61","61.60","61.93","60.45","105.87K","-1.59%"
"2019-10-29","61.59","61.61","61.98","60.66","136.93K","0.03%"
"2019-10-28","61.57","62.04","62.34","61.19","167.86K","-0.73%"
"2019-10-25","62.02","61.50","62.11","60.93","204.45K","0.57%"
"2019-10-24","61.67","60.99","61.90","60.64","215.54K","0.82%"
"2019-10-23","61.17","59.48","61.30","58.85","313.23K","2.46%"
"2019-10-22","59.70","59.05","60.26","58.75","260.60K","1.26%"
"2019-10-21","58.96","59.23","59.55","58.26","212.57K","-0.77%"
"2019-10-18","59.42","59.78","60.29","59.01","228.14K","-0.82%"
"2019-10-17","59.91","58.99","60.04","58.69","269.84K","0.82%"
"2019-10-16","59.42","58.90","59.75","58.36","257.88K","1.16%"
"2019-10-15","58.74","59.30","59.68","58.00","305.68K","-1.03%"
"2019-10-14","59.35","60.69","60.73","58.50","283.07K","-1.92%"
"2019-10-11","60.51","59.53","60.69","59.21","367.63K","2.39%"
"2019-10-10","59.10","58.04","59.60","57.80","262.53K","1.34%"
"2019-10-9","58.32","58.02","59.35","57.91","266.48K","0.14%"
"2019-10-8","58.24","58.47","58.92","57.38","274.74K","-0.19%"
"2019-10-7","58.35","58.02","59.68","58.02","228.41K","-0.03%"
"2019-10-4","58.37","57.69","58.96","57.67","299.92K","1.14%"
"2019-10-3","57.71","57.54","57.99","56.15","336.90K","0.03%"
"2019-10-2","57.69","59.25","59.50","57.22","307.91K","-2.04%"
"2019-10-1","58.89","59.38","60.10","58.41","291.67K","-3.11%"
"2019-9-30","60.78","62.24","62.24","60.73","22.01K","-1.83%"
"2019-9-27","61.91","62.48","62.75","60.76","97.33K","-1.32%"
"2019-9-26","62.74","62.58","62.92","61.45","115.57K","0.56%"
"2019-9-25","62.39","62.44","62.81","61.23","201.47K","-1.13%"
"2019-9-24","63.10","64.40","64.60","62.30","216.28K","-2.58%"
"2019-9-23","64.77","65.23","65.50","63.53","204.78K","0.76%"
"2019-9-20","64.28","65.00","65.28","64.05","224.88K","-0.19%"
"2019-9-19","64.40","63.51","65.57","63.46","258.85K","1.26%"
"2019-9-18","63.60","64.23","64.99","63.04","295.05K","-1.47%"
"2019-9-17","64.55","68.15","69.26","63.55","620.49K","-6.48%"
"2019-9-16","69.02","66.45","71.95","64.75","735.54K","14.61%"
"2019-9-13","60.22","60.45","60.81","59.60","195.83K","-0.26%"
"2019-9-12","60.38","61.16","61.39","58.92","358.09K","-0.71%"
"2019-9-11","60.81","62.88","63.27","60.52","315.12K","-2.52%"
"2019-9-10","62.38","62.82","63.78","62.17","267.55K","-0.34%"
"2019-9-9","62.59","61.60","63.00","61.57","249.71K","1.71%"
"2019-9-6","61.54","60.81","61.88","59.40","287.36K","0.97%"
"2019-9-5","60.95","60.49","62.40","60.25","292.06K","0.41%"
"2019-9-4","60.70","58.17","60.96","58.13","283.10K","4.19%"
"2019-9-3","58.26","58.54","58.87","57.23","265.12K","-0.68%"
"2019-9-2","58.66","58.80","59.26","58.10","121.64K","-2.93%"
"2019-8-30","60.43","60.98","61.17","60.25","25.14K","-1.06%"
"2019-8-29","61.08","60.48","61.19","59.98","131.09K","0.98%"
"2019-8-28","60.49","60.04","61.00","59.80","134.26K","1.65%"
"2019-8-27","59.51","58.80","60.17","58.51","218.37K","1.38%"
"2019-8-26","58.70","58.35","60.17","58.24","183.30K","-1.08%"
"2019-8-23","59.34","60.11","60.29","58.30","321.24K","-0.97%"
"2019-8-22","59.92","60.43","60.89","59.47","276.11K","-0.63%"
"2019-8-21","60.30","60.11","61.41","60.07","269.68K","0.45%"
"2019-8-20","60.03","59.68","60.32","58.95","245.25K","0.49%"
"2019-8-19","59.74","58.72","59.92","58.64","211.45K","1.88%"
"2019-8-16","58.64","58.41","59.50","58.28","209.43K","0.70%"
"2019-8-15","58.23","59.07","59.42","57.67","298.67K","-2.10%"
"2019-8-14","59.48","61.07","61.08","58.21","320.43K","-2.97%"
"2019-8-13","61.30","58.47","61.50","58.00","338.08K","4.66%"
"2019-8-12","58.57","58.30","58.88","57.88","221.35K","0.07%"
"2019-8-9","58.53","57.74","59.10","57.11","281.80K","2.00%"
"2019-8-8","57.38","57.48","58.01","56.77","299.69K","2.05%"
"2019-8-7","56.23","58.68","59.23","55.88","485.19K","-4.60%"
"2019-8-6","58.94","59.56","60.56","58.55","328.15K","-1.45%"
"2019-8-5","59.81","61.46","61.56","59.66","378.86K","-3.36%"
"2019-8-2","61.89","61.16","62.95","60.98","364.14K","2.30%"
"2019-8-1","60.50","64.09","64.54","60.02","433.72K","-7.17%"
"2019-7-31","65.17","64.95","65.42","64.95","18.76K","0.70%"
"2019-7-30","64.72","63.91","65.14","63.90","86.10K","1.59%"
"2019-7-29","63.71","63.32","63.90","62.92","101.70K","0.39%"
"2019-7-26","63.46","63.28","63.96","63.01","159.86K","0.11%"
"2019-7-25","63.39","63.21","64.23","63.01","169.84K","0.33%"
"2019-7-24","63.18","64.13","64.66","62.59","301.51K","-1.02%"
"2019-7-23","63.83","63.26","64.46","62.66","272.73K","0.90%"
"2019-7-22","63.26","63.05","64.03","62.77","267.78K","1.26%"
"2019-7-19","62.47","62.50","63.37","61.83","298.98K","0.87%"
"2019-7-18","61.93","63.52","64.46","61.29","374.89K","-2.72%"
"2019-7-17","63.66","64.44","65.28","63.22","274.93K","-1.07%"
"2019-7-16","64.35","66.31","67.09","63.82","356.74K","-3.20%"
"2019-7-15","66.48","66.87","67.47","66.11","283.09K","-0.36%"
"2019-7-12","66.72","66.83","67.29","66.51","244.70K","0.30%"
"2019-7-11","66.52","66.81","67.65","66.43","283.02K","-0.73%"
"2019-7-10","67.01","64.78","67.12","64.63","349.51K","4.44%"
"2019-7-9","64.16","63.81","64.75","63.76","263.89K","0.08%"
"2019-7-8","64.11","64.34","65.14","63.79","253.82K","-0.19%"
"2019-7-5","64.23","63.27","64.52","62.91","203.54K","1.47%"
"2019-7-4","63.30","63.88","64.07","62.95","114.98K","-0.81%"
"2019-7-3","63.82","62.90","64.01","62.09","281.75K","2.28%"
"2019-7-2","62.40","64.80","65.51","62.22","386.94K","-4.09%"
"2019-7-1","65.06","65.05","66.75","64.22","361.41K","-2.24%"
"2019-6-28","66.55","66.51","66.84","66.08","34.62K","0.00%"
"2019-6-27","66.55","66.05","66.82","65.63","103.16K","0.09%"
"2019-6-26","66.49","65.80","66.85","65.60","141.95K","2.21%"
"2019-6-25","65.05","64.89","65.98","64.17","205.80K","0.29%"
"2019-6-24","64.86","65.50","65.79","64.08","217.44K","-0.52%"
"2019-6-21","65.20","64.86","65.76","64.00","257.92K","1.16%"
"2019-6-20","64.45","62.45","64.82","62.40","394.17K","4.25%"
"2019-6-19","61.82","62.40","62.55","61.40","320.06K","-0.51%"
"2019-6-18","62.14","60.93","62.84","60.25","327.70K","1.97%"
"2019-6-17","60.94","62.07","62.37","60.74","236.16K","-1.73%"
"2019-6-14","62.01","61.25","62.57","60.74","262.31K","1.14%"
"2019-6-13","61.31","59.94","62.64","59.78","435.42K","2.23%"
"2019-6-12","59.97","61.79","61.85","59.57","343.21K","-3.72%"
"2019-6-11","62.29","62.30","62.87","62.01","302.74K","0.00%"
"2019-6-10","62.29","63.58","64.10","62.05","278.49K","-1.58%"
"2019-6-7","63.29","62.40","63.59","61.77","307.96K","2.63%"
"2019-6-6","61.67","60.40","62.43","60.22","343.64K","1.72%"
"2019-6-5","60.63","61.58","62.27","59.45","428.01K","-2.16%"
"2019-6-4","61.97","61.00","62.12","60.21","370.27K","1.13%"
"2019-6-3","61.28","61.64","62.84","60.55","386.56K","-4.98%"
"2019-5-31","64.49","66.24","66.28","64.37","21.75K","-3.56%"
"2019-5-30","66.87","69.68","69.96","66.31","105.27K","-3.71%"
"2019-5-29","69.45","70.10","70.10","68.08","148.48K","-0.94%"
"2019-5-28","70.11","69.99","70.59","69.58","238.88K","0.00%"
"2019-5-27","70.11","69.15","70.23","68.53","72.18K","2.07%"
"2019-5-24","68.69","67.99","69.30","67.33","292.09K","1.37%"
"2019-5-23","67.76","70.86","70.97","67.02","434.54K","-4.55%"
"2019-5-22","70.99","71.91","72.04","70.42","371.52K","-1.65%"
"2019-5-21","72.18","72.15","72.52","71.63","303.74K","0.29%"
"2019-5-20","71.97","72.50","73.40","71.60","301.98K","-0.33%"
"2019-5-17","72.21","72.82","73.23","71.79","255.53K","-0.56%"
"2019-5-16","72.62","72.05","73.36","71.82","326.44K","1.18%"
"2019-5-15","71.77","70.90","72.25","70.42","272.44K","0.74%"
"2019-5-14","71.24","70.02","71.65","69.93","299.77K","1.44%"
"2019-5-13","70.23","70.83","72.58","69.72","373.47K","-0.55%"
"2019-5-10","70.62","70.45","71.23","70.18","300.46K","0.33%"
"2019-5-9","70.39","70.23","70.65","69.40","328.74K","0.03%"
"2019-5-8","70.37","69.88","70.70","69.33","295.44K","0.70%"
"2019-5-7","69.88","71.15","71.33","69.38","332.07K","-1.91%"
"2019-5-6","71.24","70.59","71.79","68.79","227.02K","0.55%"
"2019-5-3","70.85","70.48","71.54","69.95","249.81K","0.14%"
"2019-5-2","70.75","72.00","72.22","69.68","346.63K","-1.98%"
"2019-5-1","72.18","71.73","72.36","71.30","230.80K","-0.85%"
"2019-4-30","72.80","71.94","73.27","71.73","25.34K","1.05%"
"2019-4-29","72.04","71.56","72.50","71.06","147.41K","-0.15%"
"2019-4-26","72.15","74.20","74.42","71.30","222.89K","-2.96%"
"2019-4-25","74.35","74.46","75.60","74.00","309.21K","-0.30%"
"2019-4-24","74.57","74.27","74.73","74.02","276.67K","0.08%"
"2019-4-23","74.51","74.38","74.73","73.99","308.99K","0.63%"
"2019-4-22","74.04","71.93","74.52","71.86","305.17K","2.88%"
"2019-4-18","71.97","71.63","72.04","71.20","259.04K","0.49%"
"2019-4-17","71.62","71.83","72.27","71.45","276.61K","-0.14%"
"2019-4-16","71.72","71.21","71.95","70.74","273.90K","0.76%"
"2019-4-15","71.18","71.55","71.60","70.78","219.15K","-0.52%"
"2019-4-12","71.55","70.95","71.87","70.90","237.22K","1.02%"
"2019-4-11","70.83","71.56","71.68","70.57","278.09K","-1.25%"
"2019-4-10","71.73","70.82","71.78","70.57","288.89K","1.59%"
"2019-4-9","70.61","71.19","71.34","70.30","267.49K","-0.69%"
"2019-4-8","71.10","70.56","71.19","70.43","288.13K","1.08%"
"2019-4-5","70.34","69.13","70.48","68.92","263.87K","1.35%"
"2019-4-4","69.40","69.44","70.03","68.87","281.88K","0.13%"
"2019-4-3","69.31","69.47","69.96","68.80","341.50K","-0.09%"
"2019-4-2","69.37","69.22","69.58","68.69","299.30K","0.52%"
"2019-4-1","69.01","67.58","69.22","67.58","320.77K","0.91%"
"2019-3-29","68.39","68.01","68.89","67.81","20.62K","0.84%"
"2019-3-28","67.82","67.75","68.00","66.54","131.64K","-0.01%"
"2019-3-27","67.83","67.90","68.35","67.19","148.15K","-0.21%"
"2019-3-26","67.97","67.36","68.23","67.24","197.54K","1.13%"
"2019-3-25","67.21","67.00","67.65","66.36","216.76K","0.27%"
"2019-3-22","67.03","67.76","67.98","66.20","284.52K","-1.22%"
"2019-3-21","67.86","68.38","68.69","67.59","303.23K","-0.93%"
"2019-3-20","68.50","67.66","68.57","67.19","235.49K","1.32%"
"2019-3-19","67.61","67.49","68.20","67.13","234.14K","0.10%"
"2019-3-18","67.54","67.14","67.69","66.69","208.53K","0.57%"
"2019-3-15","67.16","67.18","67.71","66.13","254.32K","-0.10%"
"2019-3-14","67.23","67.65","68.14","67.03","235.99K","-0.47%"
"2019-3-13","67.55","66.91","67.76","66.70","243.20K","1.32%"
"2019-3-12","66.67","66.70","67.39","66.34","252.13K","0.14%"
"2019-3-11","66.58","65.76","66.75","65.63","247.81K","1.28%"
"2019-3-8","65.74","66.08","66.09","64.02","316.39K","-0.84%"
"2019-3-7","66.30","65.88","67.00","65.75","276.24K","0.47%"
"2019-3-6","65.99","65.49","66.18","65.22","283.20K","0.20%"
"2019-3-5","65.86","65.46","66.23","65.04","216.39K","0.29%"
"2019-3-4","65.67","64.97","66.34","64.93","233.54K","0.92%"
"2019-3-1","65.07","66.48","67.14","64.59","297.19K","-1.45%"
"2019-2-28","66.03","66.38","66.38","65.67","19.67K","-0.54%"
"2019-2-27","66.39","65.64","66.70","65.27","102.14K","1.81%"
"2019-2-26","65.21","64.79","65.74","64.32","127.60K","0.69%"
"2019-2-25","64.76","66.97","67.47","64.54","220.94K","-3.52%"
"2019-2-22","67.12","66.96","67.73","66.87","177.62K","0.07%"
"2019-2-21","67.07","67.05","67.31","66.69","245.86K","-0.01%"
"2019-2-20","67.08","66.30","67.38","65.63","276.48K","0.95%"
"2019-2-19","66.45","66.44","66.65","65.58","246.65K","-0.08%"
"2019-2-18","66.50","66.39","66.83","65.90","175.24K","0.38%"
"2019-2-15","66.25","64.86","66.39","64.42","294.49K","2.60%"
"2019-2-14","64.57","63.69","64.81","63.25","287.45K","1.51%"
"2019-2-13","63.61","62.70","63.98","62.69","269.68K","1.91%"
"2019-2-12","62.42","61.59","63.34","61.59","278.80K","1.48%"
"2019-2-11","61.51","62.11","62.34","60.90","280.96K","-0.95%"
"2019-2-8","62.10","61.66","62.36","61.04","254.95K","0.76%"
"2019-2-7","61.63","62.50","62.91","60.60","286.17K","-1.69%"
"2019-2-6","62.69","62.06","62.80","61.05","225.57K","1.15%"
"2019-2-5","61.98","62.64","63.02","61.72","215.36K","-0.85%"
"2019-2-4","62.51","62.83","63.63","61.28","297.43K","-0.38%"
"2019-2-1","62.75","61.06","62.97","60.46","267.22K","1.39%"
"2019-1-31","61.89","61.97","62.32","61.57","20.63K","0.39%"
"2019-1-30","61.65","61.26","62.67","61.04","90.93K","0.54%"
"2019-1-29","61.32","59.87","61.79","59.75","142.13K","2.32%"
"2019-1-28","59.93","61.49","61.69","59.49","214.19K","-2.77%"
"2019-1-25","61.64","61.13","61.92","60.70","218.03K","0.90%"
"2019-1-24","61.09","61.02","61.51","60.41","274.48K","-0.08%"
"2019-1-23","61.14","61.37","62.33","60.21","308.46K","-0.59%"
"2019-1-22","61.50","62.59","62.71","60.57","283.22K","-1.98%"
"2019-1-21","62.74","62.74","63.15","62.25","138.08K","0.06%"
"2019-1-18","62.70","61.33","63.00","61.32","288.91K","2.48%"
"2019-1-17","61.18","61.05","61.54","60.04","278.42K","-0.23%"
"2019-1-16","61.32","60.42","61.45","60.03","315.59K","1.12%"
"2019-1-15","60.64","59.36","60.86","59.11","234.36K","2.80%"
"2019-1-14","58.99","60.62","61.04","58.90","263.28K","-2.46%"
"2019-1-11","60.48","61.19","62.49","60.08","292.79K","-1.95%"
"2019-1-10","61.68","61.15","61.91","60.44","300.92K","0.39%"
"2019-1-9","61.44","59.15","61.69","59.05","329.05K","4.63%"
"2019-1-8","58.72","57.64","58.87","57.13","288.25K","2.42%"
"2019-1-7","57.33","57.41","58.93","57.26","296.58K","0.47%"
"2019-1-4","57.06","55.67","58.31","55.34","321.11K","1.98%"
"2019-1-3","55.95","54.29","56.30","53.93","278.36K","1.89%"
"2019-1-2","54.91","54.12","56.56","52.51","300.95K","2.06%"
"2018-12-31","53.80","53.00","54.82","52.66","109.11K","3.07%"
"2018-12-28","52.20","53.44","53.80","51.60","17.11K","0.08%"
"2018-12-27","52.16","54.65","54.67","51.94","102.59K","-4.24%"
"2018-12-26","54.47","50.84","55.29","49.93","77.00K","7.93%"
"2018-12-24","50.47","53.49","54.66","50.36","76.22K","-6.22%"
"2018-12-21","53.82","54.97","55.33","52.79","226.34K","-0.98%"
"2018-12-20","54.35","56.49","56.75","54.28","299.45K","-5.05%"
"2018-12-19","57.24","56.51","58.11","56.04","319.37K","1.74%"
"2018-12-18","56.26","59.00","59.24","55.89","398.56K","-5.62%"
"2018-12-17","59.61","60.25","61.21","58.64","246.03K","-1.11%"
"2018-12-14","60.28","61.53","61.58","59.92","206.56K","-1.90%"
"2018-12-13","61.45","60.29","62.02","59.33","252.40K","2.16%"
"2018-12-12","60.15","60.67","61.43","59.98","246.92K","-0.08%"
"2018-12-11","60.20","59.91","61.10","59.58","235.33K","0.38%"
"2018-12-10","59.97","61.34","62.33","59.61","264.95K","-2.76%"
"2018-12-7","61.67","60.25","63.73","59.10","423.08K","2.68%"
"2018-12-6","60.06","61.36","61.97","58.36","399.99K","-2.44%"
"2018-12-5","61.56","61.35","63.29","60.80","256.24K","-0.84%"
"2018-12-4","62.08","61.90","63.58","61.24","277.42K","0.63%"
"2018-12-3","61.69","59.98","62.60","59.85","294.77K","5.08%"
"2018-11-30","58.71","59.28","59.93","58.25","27.02K","-1.34%"
"2018-11-29","59.51","59.12","60.37","57.50","94.57K","1.28%"
"2018-11-28","58.76","60.63","61.27","58.55","150.81K","-2.41%"
"2018-11-27","60.21","60.39","61.40","58.92","271.17K","-0.45%"
"2018-11-26","60.48","58.98","61.13","58.60","267.38K","2.86%"
"2018-11-23","58.80","62.58","62.79","58.41","279.67K","-6.07%"
"2018-11-22","62.60","63.60","63.81","62.27","164.11K","-1.39%"
"2018-11-21","63.48","62.60","64.48","62.56","334.98K","1.52%"
"2018-11-20","62.53","66.90","66.90","61.71","417.01K","-6.38%"
"2018-11-19","66.79","66.99","67.64","65.27","262.55K","0.04%"
"2018-11-16","66.76","66.68","68.38","66.06","327.72K","0.21%"
"2018-11-15","66.62","66.12","67.42","65.77","316.04K","0.76%"
"2018-11-14","66.12","65.62","67.63","65.02","379.72K","0.99%"
"2018-11-13","65.47","69.13","69.68","64.61","445.04K","-6.63%"
"2018-11-12","70.12","70.69","71.88","68.87","319.23K","-0.09%"
"2018-11-9","70.18","70.87","70.99","69.13","292.21K","-0.67%"
"2018-11-8","70.65","72.10","73.08","70.56","350.47K","-1.97%"
"2018-11-7","72.07","71.66","73.55","71.36","361.36K","-0.08%"
"2018-11-6","72.13","72.85","73.28","71.18","290.88K","-1.42%"
"2018-11-5","73.17","72.85","74.13","72.26","231.14K","0.47%"
"2018-11-2","72.83","72.75","73.50","72.16","312.87K","-0.08%"
"2018-11-1","72.89","74.69","74.99","72.56","360.16K","-3.42%"
"2018-10-31","75.47","76.28","76.92","75.42","34.70K","-0.58%"
"2018-10-30","75.91","76.82","77.32","75.09","115.19K","-1.85%"
"2018-10-29","77.34","77.64","78.03","76.55","117.94K","-0.36%"
"2018-10-26","77.62","76.60","77.91","75.77","229.75K","0.95%"
"2018-10-25","76.89","75.67","77.08","75.35","215.24K","0.95%"
"2018-10-24","76.17","76.35","77.57","75.11","366.65K","-0.35%"
"2018-10-23","76.44","80.04","80.12","75.88","513.72K","-4.25%"
"2018-10-22","79.83","80.11","80.41","78.99","269.91K","0.06%"
"2018-10-19","79.78","79.44","80.88","79.22","291.07K","0.62%"
"2018-10-18","79.29","80.23","80.31","78.69","359.01K","-0.95%"
"2018-10-17","80.05","81.74","81.85","79.17","336.60K","-1.67%"
"2018-10-16","81.41","80.88","81.75","79.80","329.33K","0.78%"
"2018-10-15","80.78","81.00","81.92","79.85","284.65K","0.44%"
"2018-10-12","80.43","80.28","81.48","79.23","373.09K","0.21%"
"2018-10-11","80.26","82.47","82.63","79.80","482.51K","-3.41%"
"2018-10-10","83.09","84.98","85.17","82.26","319.09K","-2.25%"
"2018-10-9","85.00","83.91","85.45","83.73","351.40K","1.30%"
"2018-10-8","83.91","84.17","84.31","82.66","290.09K","-0.30%"
"2018-10-5","84.16","84.89","85.12","83.92","300.62K","-0.50%"
"2018-10-4","84.58","85.99","86.43","84.14","361.25K","-1.98%"
"2018-10-3","86.29","84.79","86.74","84.01","345.22K","1.76%"
"2018-10-2","84.80","84.95","85.38","84.31","268.61K","-0.21%"
"2018-10-1","84.98","82.79","85.45","82.55","347.53K","2.73%"
"2018-9-28","82.72","81.63","82.87","81.60","19.68K","1.22%"
"2018-9-27","81.72","81.80","82.44","81.32","124.00K","0.47%"
"2018-9-26","81.34","81.45","82.22","81.10","130.53K","-0.65%"
"2018-9-25","81.87","81.35","82.55","81.17","240.40K","0.83%"
"2018-9-24","81.20","78.97","81.48","78.97","243.31K","3.05%"
"2018-9-21","78.80","78.67","80.12","78.23","297.57K","0.13%"
"2018-9-20","78.70","79.44","79.83","78.51","300.16K","-0.88%"
"2018-9-19","79.40","78.97","79.50","78.51","275.87K","0.47%"
"2018-9-18","79.03","77.78","79.73","77.46","259.18K","1.26%"
"2018-9-17","78.05","78.07","78.90","77.73","207.61K","-0.05%"
"2018-9-14","78.09","78.45","78.94","77.37","261.06K","-0.12%"
"2018-9-13","78.18","79.60","79.71","77.87","298.14K","-1.96%"
"2018-9-12","79.74","79.42","80.13","78.75","315.27K","0.86%"
"2018-9-11","79.06","77.38","79.54","77.36","280.31K","2.18%"
"2018-9-10","77.37","77.08","77.92","76.90","244.53K","0.70%"
"2018-9-7","76.83","76.69","77.10","75.88","209.00K","0.43%"
"2018-9-6","76.50","77.02","77.77","75.64","274.79K","-1.00%"
"2018-9-5","77.27","77.82","78.09","76.91","277.12K","-1.15%"
"2018-9-4","78.17","78.19","79.72","77.44","320.45K","0.03%"
"2018-9-3","78.15","77.69","78.44","77.30","110.91K","0.94%"
"2018-8-31","77.42","77.53","77.79","77.00","25.83K","-0.45%"
"2018-8-30","77.77","77.33","78.03","77.18","90.22K","0.82%"
"2018-8-29","77.14","75.99","77.42","75.67","130.44K","1.57%"
"2018-8-28","75.95","76.34","76.97","75.73","179.66K","-0.34%"
"2018-8-27","76.21","75.54","76.34","75.39","101.08K","0.51%"
"2018-8-24","75.82","74.73","76.42","74.68","235.09K","1.46%"
"2018-8-23","74.73","74.72","74.87","74.21","199.66K","-0.07%"
"2018-8-22","74.78","72.76","75.00","72.70","300.69K","2.96%"
"2018-8-21","72.63","72.15","72.95","72.05","201.24K","0.58%"
"2018-8-20","72.21","71.77","72.75","71.42","249.10K","0.53%"
"2018-8-17","71.83","71.35","72.49","71.25","217.16K","0.56%"
"2018-8-16","71.43","70.65","71.52","70.40","227.20K","0.95%"
"2018-8-15","70.76","72.22","72.44","70.30","298.11K","-2.35%"
"2018-8-14","72.46","72.82","73.93","72.16","242.75K","-0.21%"
"2018-8-13","72.61","73.00","73.09","71.04","220.34K","-0.27%"
"2018-8-10","72.81","71.97","73.14","71.40","228.74K","1.03%"
"2018-8-9","72.07","72.16","72.89","71.86","197.06K","-0.29%"
"2018-8-8","72.28","74.64","74.87","71.65","269.51K","-3.17%"
"2018-8-7","74.65","73.61","74.90","73.57","228.99K","1.22%"
"2018-8-6","73.75","73.21","74.47","73.08","200.58K","0.74%"
"2018-8-3","73.21","73.37","73.73","72.48","175.36K","-0.33%"
"2018-8-2","73.45","72.42","73.75","71.84","226.45K","1.46%"
"2018-8-1","72.39","74.07","74.12","72.13","284.02K","-2.51%"
"2018-7-31","74.25","74.93","75.10","74.14","21.88K","-0.96%"
"2018-7-30","74.97","74.31","75.27","74.14","81.03K","0.92%"
"2018-7-27","74.29","74.50","74.85","73.83","119.34K","-0.34%"
"2018-7-26","74.54","74.37","74.83","73.77","183.35K","0.83%"
"2018-7-25","73.93","73.70","74.60","73.07","210.87K","0.67%"
"2018-7-24","73.44","72.91","74.00","72.68","215.15K","0.52%"
"2018-7-23","73.06","73.22","74.50","72.52","316.98K","-0.01%"
"2018-7-20","73.07","72.65","73.47","72.26","231.51K","0.68%"
"2018-7-19","72.58","73.06","73.79","71.83","313.81K","-0.44%"
"2018-7-18","72.90","71.74","73.28","71.19","287.11K","1.03%"
"2018-7-17","72.16","72.01","72.78","71.35","286.44K","0.45%"
"2018-7-16","71.84","74.92","75.37","71.52","330.00K","-4.63%"
"2018-7-13","75.33","74.34","75.93","73.22","302.43K","1.18%"
"2018-7-12","74.45","74.17","75.10","72.67","416.41K","1.43%"
"2018-7-11","73.40","78.78","78.83","73.04","560.84K","-6.92%"
"2018-7-10","78.86","78.25","79.51","78.15","261.55K","1.01%"
"2018-7-9","78.07","77.21","78.31","77.04","212.19K","1.24%"
"2018-7-6","77.11","77.57","77.68","76.36","315.28K","-0.36%"
"2018-7-5","77.39","78.14","78.50","77.30","254.02K","-1.09%"
"2018-7-4","78.24","77.89","78.28","77.61","97.25K","0.62%"
"2018-7-3","77.76","77.40","78.55","76.67","273.46K","0.60%"
"2018-7-2","77.30","78.55","78.95","77.16","265.38K","-2.69%"
"2018-6-29","79.44","77.79","79.70","77.45","17.12K","2.04%"
"2018-6-28","77.85","77.50","78.42","77.09","144.22K","0.30%"
"2018-6-27","77.62","76.54","78.16","76.28","166.19K","1.72%"
"2018-6-26","76.31","74.74","76.72","74.13","289.47K","2.11%"
"2018-6-25","74.73","74.80","75.13","73.74","274.38K","-1.09%"
"2018-6-22","75.55","73.24","75.83","73.24","377.39K","3.42%"
"2018-6-21","73.05","74.46","74.69","72.93","411.81K","-2.26%"
"2018-6-20","74.74","75.20","75.86","74.10","368.84K","-0.45%"
"2018-6-19","75.08","75.24","75.55","74.45","290.59K","-0.35%"
"2018-6-18","75.34","73.06","75.49","72.45","316.12K","2.59%"
"2018-6-15","73.44","75.98","76.06","73.00","285.80K","-3.29%"
"2018-6-14","75.94","76.56","76.92","75.76","279.21K","-1.04%"
"2018-6-13","76.74","75.40","76.87","75.26","292.47K","1.13%"
"2018-6-12","75.88","76.50","77.07","75.43","260.33K","-0.76%"
"2018-6-11","76.46","76.30","76.84","75.52","231.28K","0.00%"
"2018-6-8","76.46","77.39","77.61","76.12","251.83K","-1.11%"
"2018-6-7","77.32","75.88","77.45","75.44","327.98K","2.60%"
"2018-6-6","75.36","75.19","76.25","74.46","365.65K","-0.03%"
"2018-6-5","75.38","75.40","75.74","73.81","400.85K","0.12%"
"2018-6-4","75.29","76.66","76.95","75.20","324.29K","-1.95%"
"2018-6-1","76.79","77.71","77.95","76.35","296.57K","-1.03%"
"2018-5-31","77.59","77.37","78.75","77.04","21.44K","0.12%"
"2018-5-30","77.50","75.37","77.73","74.81","125.33K","2.80%"
"2018-5-29","75.39","75.82","76.20","74.54","114.46K","0.12%"
"2018-5-28","75.30","76.11","76.17","74.49","65.10K","-1.49%"
"2018-5-25","76.44","78.82","78.88","76.01","275.72K","-2.98%"
"2018-5-24","78.79","79.65","79.78","78.57","228.58K","-1.27%"
"2018-5-23","79.80","79.47","79.85","78.21","292.97K","0.29%"
"2018-5-22","79.57","79.36","80.49","79.16","305.31K","0.44%"
"2018-5-21","79.22","78.61","79.59","78.10","245.77K","0.90%"
"2018-5-18","78.51","79.46","79.87","78.33","277.28K","-1.00%"
"2018-5-17","79.30","79.26","80.50","79.12","330.17K","0.03%"
"2018-5-16","79.28","78.10","79.35","77.61","336.57K","1.08%"
"2018-5-15","78.43","78.42","79.47","77.90","390.92K","0.26%"
"2018-5-14","78.23","77.05","78.53","76.55","290.13K","1.44%"
"2018-5-11","77.12","77.55","77.60","76.95","261.80K","-0.45%"
"2018-5-10","77.47","77.44","78.00","76.51","314.19K","0.34%"
"2018-5-9","77.21","76.19","77.43","76.08","364.75K","3.15%"
"2018-5-8","74.85","75.60","76.18","73.10","519.80K","-1.73%"
"2018-5-7","76.17","75.00","76.34","74.83","230.47K","1.74%"
"2018-5-4","74.87","73.74","75.08","73.24","289.86K","1.70%"
"2018-5-3","73.62","73.07","74.09","72.47","382.14K","0.35%"
"2018-5-2","73.36","73.28","73.63","72.38","347.06K","0.31%"
"2018-5-1","73.13","74.65","74.98","72.74","360.97K","-2.71%"
"2018-4-30","75.17","74.62","75.41","73.47","24.76K","0.71%"
"2018-4-27","74.64","74.72","75.03","74.35","156.53K","-0.13%"
"2018-4-26","74.74","74.23","74.97","74.11","179.48K","1.00%"
"2018-4-25","74.00","74.00","74.19","73.17","275.13K","0.19%"
"2018-4-24","73.86","75.09","75.47","73.68","330.60K","-1.14%"
"2018-4-23","74.71","73.77","75.10","73.13","317.45K","0.88%"
"2018-4-20","74.06","73.94","74.20","72.83","371.90K","0.38%"
"2018-4-19","73.78","73.72","74.75","73.46","393.96K","0.41%"
"2018-4-18","73.48","71.72","73.93","71.66","352.65K","2.65%"
"2018-4-17","71.58","71.65","71.89","70.83","315.04K","0.22%"
"2018-4-16","71.42","72.70","72.85","71.11","297.44K","-1.60%"
"2018-4-13","72.58","71.94","72.88","71.56","328.50K","0.78%"
"2018-4-12","72.02","72.09","72.49","71.10","330.21K","-0.06%"
"2018-4-11","72.06","71.03","73.09","70.57","495.41K","1.44%"
"2018-4-10","71.04","68.46","71.34","68.46","452.34K","3.48%"
"2018-4-9","68.65","67.10","68.80","67.00","257.50K","2.29%"
"2018-4-6","67.11","68.09","68.62","66.86","296.09K","-1.79%"
"2018-4-5","68.33","68.36","68.93","67.73","270.82K","0.46%"
"2018-4-4","68.02","68.15","68.28","66.69","361.48K","-0.15%"
"2018-4-3","68.12","67.63","68.46","67.62","232.26K","0.71%"
"2018-4-2","67.64","69.32","70.04","67.49","190.05K","-3.74%"
"2018-3-29","70.27","69.86","70.44","69.10","25.29K","1.06%"
"2018-3-28","69.53","69.72","70.25","68.78","141.89K","-0.83%"
"2018-3-27","70.11","70.13","71.03","69.45","131.39K","-0.01%"
"2018-3-26","70.12","70.43","71.05","69.67","183.69K","-0.47%"
"2018-3-23","70.45","69.11","70.57","68.87","283.01K","2.23%"
"2018-3-22","68.91","69.63","69.70","68.58","286.63K","-0.81%"
"2018-3-21","69.47","67.61","69.86","67.48","401.05K","3.04%"
"2018-3-20","67.42","66.15","67.88","66.15","326.47K","2.07%"
"2018-3-19","66.05","66.01","66.39","65.39","272.42K","-0.24%"
"2018-3-16","66.21","65.07","66.42","64.88","264.21K","1.67%"
"2018-3-15","65.12","64.90","65.38","64.61","208.59K","0.35%"
"2018-3-14","64.89","64.73","65.21","64.06","267.59K","0.39%"
"2018-3-13","64.64","64.92","65.68","64.05","320.57K","-0.48%"
"2018-3-12","64.95","65.50","65.86","64.18","240.03K","-0.82%"
"2018-3-9","65.49","63.93","65.63","63.69","286.49K","2.96%"
"2018-3-8","63.61","64.51","64.56","63.43","294.79K","-1.13%"
"2018-3-7","64.34","65.23","65.80","63.83","332.91K","-2.20%"
"2018-3-6","65.79","65.74","66.16","65.30","199.79K","0.38%"
"2018-3-5","65.54","64.65","65.88","64.10","261.06K","1.82%"
"2018-3-2","64.37","64.07","64.64","63.20","266.38K","0.85%"
"2018-3-1","63.83","64.57","65.04","63.19","340.97K","-2.96%"
"2018-2-28","65.78","66.41","66.87","65.43","27.39K","-1.28%"
"2018-2-27","66.63","67.57","67.61","66.32","106.34K","-1.29%"
"2018-2-26","67.50","67.29","67.90","66.72","188.30K","0.28%"
"2018-2-23","67.31","66.30","67.37","65.79","201.72K","1.39%"
"2018-2-22","66.39","64.91","66.56","64.62","253.00K","1.48%"
"2018-2-21","65.42","65.05","65.53","64.40","245.87K","0.26%"
"2018-2-20","65.25","65.64","65.81","64.78","289.17K","-0.64%"
"2018-2-19","65.67","64.96","65.90","64.84","125.63K","1.28%"
"2018-2-16","64.84","64.66","65.22","64.19","239.58K","0.79%"
"2018-2-15","64.33","64.44","65.15","63.12","292.91K","-0.05%"
"2018-2-14","64.36","62.84","64.58","61.95","349.10K","2.61%"
"2018-2-13","62.72","62.85","63.10","61.76","367.26K","0.21%"
"2018-2-12","62.59","62.50","64.40","62.50","349.67K","-0.32%"
"2018-2-9","62.79","64.44","64.64","61.77","399.50K","-3.12%"
"2018-2-8","64.81","65.28","65.60","64.10","346.32K","-1.07%"
"2018-2-7","65.51","67.20","67.72","65.16","567.76K","-2.02%"
"2018-2-6","66.86","67.02","67.60","66.53","328.85K","-1.12%"
"2018-2-5","67.62","68.15","68.46","66.90","335.64K","-1.40%"
"2018-2-2","68.58","70.00","70.02","67.96","307.13K","-1.54%"
"2018-2-1","69.65","69.00","69.97","68.81","336.92K","0.87%"
"2018-1-31","69.05","68.43","69.15","68.33","20.43K","0.04%"
"2018-1-30","69.02","69.30","69.39","68.40","135.87K","-0.63%"
"2018-1-29","69.46","70.47","70.64","69.07","202.24K","-1.50%"
"2018-1-26","70.52","70.07","70.83","70.05","227.60K","0.14%"
"2018-1-25","70.42","70.95","71.28","69.97","301.93K","-0.16%"
"2018-1-24","70.53","69.97","70.94","69.54","308.37K","0.81%"
"2018-1-23","69.96","69.17","70.24","69.12","343.73K","1.35%"
"2018-1-22","69.03","68.80","69.51","68.39","250.60K","0.61%"
"2018-1-19","68.61","69.01","69.08","68.28","278.36K","-1.01%"
"2018-1-18","69.31","69.53","69.63","68.80","270.23K","-0.10%"
"2018-1-17","69.38","69.35","69.59","68.55","280.42K","0.33%"
"2018-1-16","69.15","70.05","70.13","68.83","322.95K","-1.58%"
"2018-1-15","70.26","69.88","70.37","69.55","173.46K","0.56%"
"2018-1-12","69.87","69.15","69.93","68.59","302.10K","0.88%"
"2018-1-11","69.26","69.15","70.05","69.00","341.94K","0.09%"
"2018-1-10","69.20","69.12","69.37","68.75","290.54K","0.55%"
"2018-1-9","68.82","68.00","69.29","67.70","319.92K","1.53%"
"2018-1-8","67.78","67.80","67.99","67.44","210.35K","0.24%"
"2018-1-5","67.62","67.97","68.11","67.26","183.45K","-0.66%"
"2018-1-4","68.07","67.89","68.27","67.62","246.15K","0.34%"
"2018-1-3","67.84","66.54","68.03","66.40","260.86K","1.91%"
"2018-1-2","66.57","66.55","67.29","66.24","211.74K","-0.45%"
"2017-12-29","66.87","66.15","66.98","66.15","157.95K","0.22%"
"2017-12-28","66.72","66.43","66.85","66.23","35.09K","0.42%"
"2017-12-27","66.44","66.76","66.94","66.03","122.43K","-0.87%"
"2017-12-26","67.02","65.20","67.10","65.00","74.25K","2.71%"
"2017-12-22","65.25","64.63","65.28","64.38","110.42K","0.54%"
"2017-12-21","64.90","64.49","64.93","64.20","155.42K","0.53%"
"2017-12-20","64.56","63.83","64.60","63.67","222.73K","1.19%"
"2017-12-19","63.80","63.41","63.91","63.30","213.19K","0.62%"
"2017-12-18","63.41","63.36","63.91","63.00","234.62K","0.28%"
"2017-12-15","63.23","63.39","63.68","63.08","213.00K","-0.13%"
"2017-12-14","63.31","62.81","63.50","62.01","277.67K","1.39%"
"2017-12-13","62.44","63.80","64.32","62.36","354.37K","-1.42%"
"2017-12-12","63.34","64.66","65.83","63.07","508.99K","-2.09%"
"2017-12-11","64.69","63.29","64.93","62.99","488.01K","2.03%"
"2017-12-8","63.40","62.08","63.64","62.01","362.43K","1.93%"
"2017-12-7","62.20","61.30","62.26","61.15","238.96K","1.60%"
"2017-12-6","61.22","62.64","62.93","61.13","314.26K","-2.61%"
"2017-12-5","62.86","62.45","63.15","62.12","219.34K","0.66%"
"2017-12-4","62.45","63.50","63.68","62.31","250.52K","-2.01%"
"2017-12-1","63.73","62.74","64.32","62.59","308.15K","0.25%"
"2017-11-30","63.57","63.28","64.21","63.21","26.21K","0.73%"
"2017-11-29","63.11","63.30","64.07","62.50","178.20K","-0.79%"
"2017-11-28","63.61","63.78","63.89","63.10","186.93K","-0.36%"
"2017-11-27","63.84","63.80","63.99","63.10","249.09K","-0.03%"
"2017-11-24","63.86","63.35","63.95","63.28","152.70K","0.49%"
"2017-11-23","63.55","63.24","63.57","62.88","113.08K","0.36%"
"2017-11-22","63.32","62.78","63.43","62.62","322.87K","1.20%"
"2017-11-21","62.57","62.10","62.87","62.07","338.16K","0.56%"
"2017-11-20","62.22","62.80","62.80","61.44","283.48K","-0.80%"
"2017-11-17","62.72","61.41","62.92","61.08","356.74K","2.22%"
"2017-11-16","61.36","61.88","62.15","61.25","314.06K","-0.82%"
"2017-11-15","61.87","61.55","62.13","61.30","279.41K","-0.55%"
"2017-11-14","62.21","63.06","63.17","61.21","418.94K","-1.50%"
"2017-11-13","63.16","63.68","63.77","62.61","335.15K","-0.57%"
"2017-11-10","63.52","63.80","64.27","63.35","307.97K","-0.64%"
"2017-11-9","63.93","63.52","64.25","63.26","319.86K","0.69%"
"2017-11-8","63.49","63.69","64.64","62.95","418.07K","-0.31%"
"2017-11-7","63.69","64.12","64.65","63.50","389.46K","-0.90%"
"2017-11-6","64.27","62.27","64.44","62.08","356.99K","3.54%"
"2017-11-3","62.07","60.88","62.23","60.60","272.74K","2.39%"
"2017-11-2","60.62","60.50","60.86","60.02","289.30K","0.21%"
"2017-11-1","60.49","61.07","61.70","60.00","337.76K","-1.43%"
"2017-10-31","61.37","60.86","61.41","60.53","29.12K","0.77%"
"2017-10-30","60.90","60.66","61.00","60.14","168.54K","0.76%"
"2017-10-27","60.44","59.37","60.65","58.82","209.89K","1.92%"
"2017-10-26","59.30","58.42","59.55","58.05","232.28K","1.47%"
"2017-10-25","58.44","58.44","58.74","57.85","260.55K","0.19%"
"2017-10-24","58.33","57.41","58.57","57.04","334.68K","1.67%"
"2017-10-23","57.37","57.95","58.05","57.27","353.07K","-0.66%"
"2017-10-20","57.75","57.32","57.94","56.60","369.89K","0.91%"
"2017-10-19","57.23","58.24","58.30","57.02","430.67K","-1.58%"
"2017-10-18","58.15","58.16","58.54","57.74","329.33K","0.47%"
"2017-10-17","57.88","57.78","58.35","57.18","405.22K","0.10%"
"2017-10-16","57.82","57.28","58.47","57.12","341.78K","1.14%"
"2017-10-13","57.17","56.44","57.57","56.34","332.60K","1.64%"
"2017-10-12","56.25","56.74","56.83","55.88","339.53K","-1.21%"
"2017-10-11","56.94","56.56","57.09","56.51","85.99K","0.58%"
"2017-10-10","56.61","55.78","56.91","55.73","290.34K","1.47%"
"2017-10-9","55.79","55.50","55.98","55.06","301.15K","0.31%"
"2017-10-6","55.62","56.99","57.28","55.13","395.65K","-1.92%"
"2017-10-5","56.71","55.55","56.94","55.49","194.96K","2.00%"
"2017-10-4","55.60","55.40","55.97","55.19","143.95K","-0.32%"
"2017-10-3","55.78","55.81","56.13","55.45","123.99K","-0.20%"
"2017-10-2","55.89","56.54","56.55","55.31","133.10K","-1.58%"
"2017-9-29","56.79","57.29","57.43","56.44","343.51K","-0.65%"
"2017-9-28","57.16","57.39","58.28","56.56","446.37K","-0.71%"
"2017-9-27","57.57","58.11","58.34","57.25","405.23K","-0.60%"
"2017-9-26","57.92","58.55","58.88","57.22","452.77K","-0.87%"
"2017-9-25","58.43","56.46","58.66","56.23","373.29K","3.56%"
"2017-9-22","56.42","56.16","56.47","55.89","289.05K","0.59%"
"2017-9-21","56.09","55.93","56.18","55.46","324.27K","0.29%"
"2017-9-20","55.93","55.09","56.11","55.02","319.99K","1.88%"
"2017-9-19","54.90","55.20","55.63","54.67","247.22K","-0.63%"
"2017-9-18","55.25","55.41","55.74","54.63","286.39K","-0.31%"
"2017-9-15","55.42","55.11","55.57","54.61","279.43K","0.36%"
"2017-9-14","55.22","54.81","55.66","54.63","340.29K","0.60%"
"2017-9-13","54.89","53.99","54.92","53.82","292.20K","1.59%"
"2017-9-12","54.03","53.77","54.20","53.28","256.35K","0.63%"
"2017-9-11","53.69","53.64","53.93","52.87","218.53K","0.21%"
"2017-9-8","53.58","54.38","54.64","53.34","280.01K","-1.38%"
"2017-9-7","54.33","54.08","54.48","53.75","259.80K","0.48%"
"2017-9-6","54.07","53.19","54.19","53.06","278.90K","1.33%"
"2017-9-5","53.36","52.26","53.62","52.13","210.93K","1.89%"
"2017-9-4","52.37","52.58","52.85","52.01","87.65K","-0.80%"
"2017-9-1","52.79","52.78","52.94","52.24","188.99K","-0.13%"
"2017-8-31","52.86","50.53","52.90","50.49","462.17K","4.20%"
"2017-8-30","50.73","51.65","51.69","50.52","437.32K","-1.80%"
"2017-8-29","51.66","51.54","51.79","50.98","299.42K","0.47%"
"2017-8-28","51.42","52.00","52.44","51.07","207.89K","-1.08%"
"2017-8-25","51.98","51.91","52.27","51.52","237.60K","0.62%"
"2017-8-24","51.66","52.21","52.39","51.26","252.43K","-1.11%"
"2017-8-23","52.24","51.40","52.29","51.22","237.02K","1.28%"
"2017-8-22","51.58","51.37","51.93","51.08","221.02K","0.59%"
"2017-8-21","51.28","52.63","52.67","50.96","172.77K","-2.16%"
"2017-8-18","52.41","50.61","52.64","50.54","186.53K","3.27%"
"2017-8-17","50.75","50.22","50.84","49.81","231.59K","1.30%"
"2017-8-16","50.10","50.79","51.22","49.99","204.43K","-1.05%"
"2017-8-15","50.63","50.61","50.98","49.98","212.32K","0.00%"
"2017-8-14","50.63","51.86","52.23","50.49","153.85K","-2.52%"
"2017-8-11","51.94","51.82","52.12","51.14","130.26K","0.31%"
"2017-8-10","51.78","52.71","53.47","51.53","285.83K","-1.65%"
"2017-8-9","52.65","52.04","52.78","51.87","162.65K","0.88%"
"2017-8-8","52.19","52.30","52.76","51.87","98.38K","-0.44%"
"2017-8-7","52.42","52.46","52.55","51.43","141.05K","-0.08%"
"2017-8-4","52.46","51.99","52.55","51.48","153.59K","0.85%"
"2017-8-3","52.02","52.31","52.87","51.78","273.92K","-0.80%"
"2017-8-2","52.44","51.57","52.49","51.36","249.25K","0.96%"
"2017-8-1","51.94","52.86","53.08","51.08","223.97K","-1.48%"
"2017-7-31","52.72","52.30","52.90","51.78","376.75K","0.96%"
"2017-7-28","52.22","51.58","52.35","51.33","410.85K","1.36%"
"2017-7-27","51.52","51.00","51.67","50.58","308.65K","0.82%"
"2017-7-26","51.10","50.74","51.20","50.23","295.74K","1.47%"
"2017-7-25","50.36","48.84","51.06","48.84","252.86K","3.15%"
"2017-7-24","48.82","48.24","49.00","47.94","229.07K","1.06%"
"2017-7-21","48.31","49.53","49.85","48.05","229.67K","-2.44%"
"2017-7-20","49.52","49.92","50.38","49.41","198.41K","-0.82%"
"2017-7-19","49.93","48.89","50.03","48.82","178.46K","1.73%"
"2017-7-18","49.08","48.68","49.64","48.49","150.83K","0.82%"
"2017-7-17","48.68","49.29","49.50","48.56","149.98K","-1.00%"
"2017-7-14","49.17","48.63","49.35","48.41","177.04K","1.01%"
"2017-7-13","48.68","47.88","48.79","47.47","143.03K","1.35%"
"2017-7-12","48.03","48.44","49.06","47.65","152.24K","0.46%"
"2017-7-11","47.81","47.22","48.50","46.60","133.02K","1.36%"
"2017-7-10","47.17","47.19","47.65","46.39","129.98K","0.40%"
"2017-7-7","46.98","48.05","48.05","46.55","101.63K","-2.91%"
"2017-7-6","48.39","48.62","49.43","48.04","120.25K","0.67%"
"2017-7-5","48.07","50.02","50.11","47.29","144.77K","-3.67%"
"2017-7-4","49.90","49.95","50.19","49.58","66.73K","-0.18%"
"2017-7-3","49.99","49.41","50.01","48.81","95.30K","2.50%"
"2017-6-30","48.77","47.60","49.00","47.60","308.19K","2.39%"
"2017-6-29","47.63","47.61","48.27","47.34","401.76K","0.19%"
"2017-6-28","47.54","46.54","47.70","46.54","338.40K","1.32%"
"2017-6-27","46.92","46.10","47.30","46.00","311.31K","1.91%"
"2017-6-26","46.04","45.82","46.42","45.26","211.49K","0.63%"
"2017-6-23","45.75","45.48","45.97","45.24","242.60K","0.75%"
"2017-6-22","45.41","45.06","45.98","44.78","314.72K","0.80%"
"2017-6-21","45.05","46.14","46.86","44.60","290.27K","-2.59%"
"2017-6-20","46.25","47.19","47.44","45.68","248.47K","-1.87%"
"2017-6-19","47.13","47.50","48.00","47.00","197.66K","-0.51%"
"2017-6-16","47.37","46.82","47.61","46.81","227.42K","0.96%"
"2017-6-15","46.92","46.80","47.20","46.70","301.40K","-0.17%"
"2017-6-14","47.00","48.18","48.69","46.74","464.42K","-3.53%"
"2017-6-13","48.72","48.32","48.82","47.87","321.28K","0.89%"
"2017-6-12","48.29","48.06","49.15","48.01","316.56K","0.29%"
"2017-6-9","48.15","47.79","48.56","47.40","285.82K","0.61%"
"2017-6-8","47.86","48.26","48.60","47.56","445.97K","-0.42%"
"2017-6-7","48.06","49.97","50.14","47.96","461.75K","-4.11%"
"2017-6-6","50.12","49.57","50.30","49.00","329.71K","1.31%"
"2017-6-5","49.47","49.87","50.74","49.04","348.41K","-0.96%"
"2017-6-2","49.95","50.23","50.52","48.95","451.46K","-1.34%"
"2017-6-1","50.63","51.17","51.45","50.23","462.92K","0.64%"
"2017-5-31","50.31","51.92","51.92","49.81","41.68K","-2.95%"
"2017-5-30","51.84","52.25","52.35","51.19","137.21K","-0.86%"
"2017-5-29","52.29","52.24","52.61","51.86","36.59K","0.27%"
"2017-5-26","52.15","51.38","52.30","50.71","265.83K","1.34%"
"2017-5-25","51.46","54.15","54.67","51.03","464.50K","-4.63%"
"2017-5-24","53.96","54.14","54.62","53.66","351.64K","-0.35%"
"2017-5-23","54.15","53.87","54.43","53.20","328.33K","0.52%"
"2017-5-22","53.87","53.85","54.37","53.66","379.12K","0.48%"
"2017-5-19","53.61","52.57","53.82","52.55","333.27K","2.09%"
"2017-5-18","52.51","52.19","52.74","51.11","363.69K","0.57%"
"2017-5-17","52.21","51.20","52.61","51.04","331.36K","1.08%"
"2017-5-16","51.65","51.88","52.36","51.10","340.96K","-0.33%"
"2017-5-15","51.82","50.89","52.63","50.74","331.42K","1.93%"
"2017-5-12","50.84","50.76","51.09","50.33","304.76K","0.14%"
"2017-5-11","50.77","50.28","51.16","50.25","315.59K","1.10%"
"2017-5-10","50.22","48.95","50.63","48.81","368.11K","3.06%"
"2017-5-9","48.73","49.44","49.72","48.39","332.91K","-1.24%"
"2017-5-8","49.34","49.27","49.92","48.48","400.72K","0.49%"
"2017-5-5","49.10","48.45","49.63","46.64","530.44K","1.49%"
"2017-5-4","48.38","50.59","50.73","48.16","541.58K","-4.75%"
"2017-5-3","50.79","50.99","51.14","50.20","357.19K","0.65%"
"2017-5-2","50.46","51.39","52.16","50.14","364.06K","-2.06%"
"2017-5-1","51.52","51.88","51.97","51.22","121.53K","-0.41%"
"2017-4-28","51.73","51.58","52.12","51.31","23.20K","0.56%"
"2017-4-27","51.44","51.57","51.76","50.45","187.13K","-0.73%"
"2017-4-26","51.82","51.81","52.46","51.38","206.56K","-0.54%"
"2017-4-25","52.10","51.60","52.39","51.30","272.76K","0.97%"
"2017-4-24","51.60","52.11","52.57","51.42","267.28K","-0.69%"
"2017-4-21","51.96","53.00","53.29","51.57","348.48K","-1.94%"
"2017-4-20","52.99","53.09","53.55","52.68","401.85K","0.11%"
"2017-4-19","52.93","54.78","55.20","52.58","435.41K","-3.57%"
"2017-4-18","54.89","55.39","55.48","54.61","373.10K","-0.85%"
"2017-4-17","55.36","55.55","55.98","55.29","158.97K","-0.95%"
"2017-4-13","55.89","55.66","56.06","55.56","325.31K","0.05%"
"2017-4-12","55.86","56.28","56.65","55.50","373.53K","-0.66%"
"2017-4-11","56.23","56.08","56.30","55.45","340.42K","0.45%"
"2017-4-10","55.98","55.19","56.05","55.19","298.90K","1.34%"
"2017-4-7","55.24","54.88","56.08","54.57","317.78K","0.64%"
"2017-4-6","54.89","54.13","55.00","54.02","239.47K","0.97%"
"2017-4-5","54.36","54.22","55.09","53.97","353.02K","0.35%"
"2017-4-4","54.17","53.18","54.38","52.73","302.11K","1.98%"
"2017-4-3","53.12","53.62","53.74","53.03","241.75K","0.55%"
"2017-3-31","52.83","52.83","53.45","52.35","27.46K","-0.25%"
"2017-3-30","52.96","52.39","53.10","52.03","128.55K","1.03%"
"2017-3-29","52.42","51.43","52.48","51.36","140.44K","2.12%"
"2017-3-28","51.33","50.77","51.87","50.77","186.41K","1.14%"
"2017-3-27","50.75","51.03","51.10","50.03","195.52K","-0.10%"
"2017-3-24","50.80","50.64","51.06","50.40","215.34K","0.47%"
"2017-3-23","50.56","50.83","51.10","50.25","320.21K","-0.16%"
"2017-3-22","50.64","50.86","50.98","49.71","327.91K","-0.63%"
"2017-3-21","50.96","51.70","52.22","50.73","291.71K","-1.28%"
"2017-3-20","51.62","51.80","51.94","51.01","239.25K","-0.27%"
"2017-3-17","51.76","51.74","52.18","51.53","220.35K","0.04%"
"2017-3-16","51.74","52.08","52.65","51.50","281.53K","-0.14%"
"2017-3-15","51.81","51.50","52.15","51.36","327.90K","1.75%"
"2017-3-14","50.92","51.34","51.86","50.25","411.63K","-0.84%"
"2017-3-13","51.35","51.49","51.70","50.85","276.76K","-0.04%"
"2017-3-10","51.37","52.33","53.02","51.14","351.34K","-1.57%"
"2017-3-9","52.19","53.49","53.86","51.50","504.12K","-1.73%"
"2017-3-8","53.11","55.63","55.77","52.93","444.13K","-5.03%"
"2017-3-7","55.92","55.95","56.65","55.56","269.52K","-0.16%"
"2017-3-6","56.01","55.80","56.25","55.32","224.20K","0.20%"
"2017-3-3","55.90","55.18","55.95","55.09","248.71K","1.49%"
"2017-3-2","55.08","56.31","56.44","55.03","350.12K","-2.27%"
"2017-3-1","56.36","56.45","57.05","56.24","261.74K","1.39%"
"2017-2-28","55.59","56.02","56.15","55.23","28.35K","-0.61%"
"2017-2-27","55.93","55.96","56.77","55.86","139.29K","-0.11%"
"2017-2-24","55.99","56.40","56.66","55.74","164.96K","-1.04%"
"2017-2-23","56.58","56.20","57.26","56.18","223.59K","1.33%"
"2017-2-22","55.84","56.74","57.01","55.64","245.16K","-1.45%"
"2017-2-21","56.66","56.17","57.31","56.10","335.44K","0.85%"
"2017-2-20","56.18","55.90","56.42","55.70","209.63K","0.66%"
"2017-2-17","55.81","55.73","55.88","55.10","270.49K","0.29%"
"2017-2-16","55.65","55.74","56.24","55.13","310.84K","-0.18%"
"2017-2-15","55.75","55.82","56.25","55.56","272.52K","-0.39%"
"2017-2-14","55.97","55.75","56.46","55.53","254.98K","0.68%"
"2017-2-13","55.59","56.68","56.81","55.41","234.31K","-1.96%"
"2017-2-10","56.70","55.66","56.88","55.59","284.71K","1.92%"
"2017-2-9","55.63","55.30","55.92","55.23","263.40K","0.93%"
"2017-2-8","55.12","54.50","55.68","54.44","409.83K","0.13%"
"2017-2-7","55.05","55.91","55.98","54.58","317.18K","-1.20%"
"2017-2-6","55.72","56.85","57.13","55.65","252.70K","-1.92%"
"2017-2-3","56.81","56.92","57.30","56.39","264.76K","0.44%"
"2017-2-2","56.56","56.53","57.45","56.33","297.35K","-0.42%"
"2017-2-1","56.80","55.55","56.83","55.36","301.24K","1.97%"
"2017-1-31","55.70","55.25","56.00","54.90","28.80K","0.85%"
"2017-1-30","55.23","55.47","55.70","54.97","104.90K","-0.52%"
"2017-1-27","55.52","56.09","56.50","54.86","142.07K","-1.28%"
"2017-1-26","56.24","55.39","56.55","55.21","265.72K","2.11%"
"2017-1-25","55.08","55.24","55.65","54.75","275.73K","-0.65%"
"2017-1-24","55.44","55.42","55.87","55.07","254.89K","0.38%"
"2017-1-23","55.23","55.70","55.75","54.65","305.85K","-0.47%"
"2017-1-20","55.49","54.33","55.80","54.18","293.54K","2.46%"
"2017-1-19","54.16","54.29","54.77","53.90","346.87K","0.45%"
"2017-1-18","53.92","55.48","55.90","53.77","360.15K","-2.79%"
"2017-1-17","55.47","55.74","56.95","55.40","335.73K","-0.70%"
"2017-1-16","55.86","55.64","55.92","55.19","112.58K","0.74%"
"2017-1-13","55.45","56.00","56.21","55.28","247.09K","-1.00%"
"2017-1-12","56.01","55.19","56.43","55.01","331.63K","1.65%"
"2017-1-11","55.10","53.80","55.67","53.70","419.90K","2.72%"
"2017-1-10","53.64","54.95","55.36","53.58","332.98K","-2.37%"
"2017-1-9","54.94","56.81","57.00","54.74","266.39K","-3.78%"
"2017-1-6","57.10","56.88","57.47","56.28","234.87K","0.37%"
"2017-1-5","56.89","56.35","57.35","56.01","269.61K","0.76%"
"2017-1-4","56.46","55.73","56.55","55.33","282.55K","1.78%"
"2017-1-3","55.47","57.05","58.37","55.30","340.82K","-2.38%"
"2017-1-2","56.82","56.82","56.82","56.82","","0.00%"
"2016-12-30","56.82","57.00","57.20","56.46","129.10K","1.21%"
"2016-12-29","56.14","56.01","56.63","55.91","49.08K","-0.14%"
"2016-12-28","56.22","56.06","56.56","55.89","109.91K","0.23%"
"2016-12-27","56.09","55.18","57.15","55.04","67.84K","1.69%"
"2016-12-23","55.16","54.84","55.25","54.26","104.09K","0.20%"
"2016-12-22","55.05","54.55","55.23","54.05","194.66K","1.08%"
"2016-12-21","54.46","55.52","55.87","54.32","277.73K","-1.61%"
"2016-12-20","55.35","55.02","55.92","54.75","257.02K","0.78%"
"2016-12-19","54.92","55.40","55.80","54.69","228.39K","-0.53%"
"2016-12-16","55.21","54.11","55.38","53.71","229.19K","2.20%"
"2016-12-15","54.02","53.76","54.50","53.15","266.15K","0.22%"
"2016-12-14","53.90","55.16","55.81","53.52","353.97K","-3.27%"
"2016-12-13","55.72","55.70","56.44","55.13","283.43K","0.05%"
"2016-12-12","55.69","55.88","57.89","55.11","372.17K","2.50%"
"2016-12-9","54.33","53.97","54.46","53.77","264.80K","0.82%"
"2016-12-8","53.89","53.15","54.05","52.81","334.18K","1.68%"
"2016-12-7","53.00","53.94","54.23","52.92","298.57K","-1.72%"
"2016-12-6","53.93","54.50","54.94","53.51","280.65K","-1.84%"
"2016-12-5","54.94","54.40","55.33","53.77","288.55K","0.88%"
"2016-12-2","54.46","53.88","54.50","52.84","312.78K","0.96%"
"2016-12-1","53.94","51.72","54.53","51.51","460.86K","6.88%"
"2016-11-30","50.47","46.54","50.49","46.51","43.12K","8.82%"
"2016-11-29","46.38","48.07","48.10","45.92","133.11K","-3.86%"
"2016-11-28","48.24","46.71","48.81","46.28","207.96K","2.12%"
"2016-11-25","47.24","48.96","49.02","46.85","181.17K","-3.59%"
"2016-11-24","49.00","49.03","49.21","48.76","71.19K","0.10%"
"2016-11-23","48.95","49.20","49.50","48.56","275.29K","-0.35%"
"2016-11-22","49.12","49.25","49.96","48.14","436.93K","0.45%"
"2016-11-21","48.90","46.92","49.15","46.92","282.70K","4.35%"
"2016-11-18","46.86","46.05","46.99","45.75","249.34K","0.80%"
"2016-11-17","46.49","46.44","47.62","45.97","280.94K","-0.30%"
"2016-11-16","46.63","46.88","47.56","46.25","335.48K","-0.68%"
"2016-11-15","46.95","44.70","47.25","44.67","354.27K","5.67%"
"2016-11-14","44.43","44.54","44.99","43.57","260.15K","-0.72%"
"2016-11-11","44.75","45.80","45.89","44.19","286.71K","-2.38%"
"2016-11-10","45.84","46.36","46.92","45.56","302.45K","-1.12%"
"2016-11-9","46.36","46.04","46.95","44.40","448.12K","0.70%"
"2016-11-8","46.04","46.30","46.69","45.60","320.98K","-0.24%"
"2016-11-7","46.15","45.70","46.38","45.38","276.17K","1.25%"
"2016-11-4","45.58","46.43","46.56","45.08","384.56K","-1.66%"
"2016-11-3","46.35","47.15","47.52","45.99","283.66K","-1.09%"
"2016-11-2","46.86","47.90","48.02","46.46","366.82K","-2.66%"
"2016-11-1","48.14","48.72","49.26","47.72","462.80K","-0.33%"
"2016-10-31","48.30","49.41","49.72","47.98","32.21K","-2.84%"
"2016-10-28","49.71","50.41","50.58","49.31","94.84K","-1.51%"
"2016-10-27","50.47","50.05","50.90","49.83","138.09K","0.98%"
"2016-10-26","49.98","50.26","50.69","49.65","304.52K","-1.59%"
"2016-10-25","50.79","51.44","51.83","50.22","237.73K","-1.30%"
"2016-10-24","51.46","51.89","52.01","50.50","277.24K","-0.62%"
"2016-10-21","51.78","51.40","51.94","51.12","249.16K","0.78%"
"2016-10-20","51.38","52.60","52.72","51.17","279.31K","-2.45%"
"2016-10-19","52.67","52.13","53.14","52.09","292.95K","1.92%"
"2016-10-18","51.68","51.72","52.15","51.25","274.17K","0.31%"
"2016-10-17","51.52","51.93","52.29","51.16","247.03K","-0.83%"
"2016-10-14","51.95","52.06","52.55","51.50","248.44K","-0.15%"
"2016-10-13","52.03","51.60","52.15","50.92","310.65K","0.42%"
"2016-10-12","51.81","52.48","52.87","51.61","254.73K","-1.14%"
"2016-10-11","52.41","53.11","53.32","52.12","373.85K","-1.37%"
"2016-10-10","53.14","51.63","53.73","51.30","334.27K","2.33%"
"2016-10-7","51.93","52.72","52.84","51.33","310.02K","-1.10%"
"2016-10-6","52.51","51.76","52.75","51.32","293.87K","1.25%"
"2016-10-5","51.86","51.22","52.09","51.22","302.09K","1.95%"
"2016-10-4","50.87","50.93","51.55","50.34","269.27K","-0.04%"
"2016-10-3","50.89","50.02","51.14","49.74","284.26K","3.73%"
"2016-9-30","49.06","49.18","49.25","48.21","26.94K","-0.37%"
"2016-9-29","49.24","48.87","49.81","47.99","114.83K","1.13%"
"2016-9-28","48.69","46.14","48.96","45.70","188.67K","5.92%"
"2016-9-27","45.97","47.06","47.28","45.63","241.18K","-2.91%"
"2016-9-26","47.35","46.05","47.66","45.74","208.15K","3.18%"
"2016-9-23","45.89","47.42","48.26","45.65","306.86K","-3.69%"
"2016-9-22","47.65","46.99","47.83","46.99","290.33K","1.75%"
"2016-9-21","46.83","46.45","47.14","46.38","249.08K","2.07%"
"2016-9-20","45.88","45.91","46.30","45.09","298.80K","-0.15%"
"2016-9-19","45.95","46.01","46.93","45.85","209.91K","0.39%"
"2016-9-16","45.77","46.31","46.41","45.48","226.32K","-1.76%"
"2016-9-15","46.59","46.06","47.00","45.67","320.72K","1.61%"
"2016-9-14","45.85","47.33","47.48","45.70","332.96K","-2.65%"
"2016-9-13","47.10","48.17","48.22","46.96","280.02K","-2.52%"
"2016-9-12","48.32","47.81","48.63","46.90","258.76K","0.65%"
"2016-9-9","48.01","49.63","49.70","47.76","262.15K","-3.96%"
"2016-9-8","49.99","48.55","50.14","48.21","327.24K","4.19%"
"2016-9-7","47.98","47.20","48.56","46.97","224.23K","1.52%"
"2016-9-6","47.26","47.43","47.99","46.29","215.06K","-0.78%"
"2016-9-5","47.63","46.70","49.40","46.40","287.95K","1.71%"
"2016-9-2","46.83","45.79","47.02","45.41","279.34K","3.04%"
"2016-9-1","45.45","46.98","47.24","45.32","290.04K","-3.38%"
"2016-8-31","47.04","48.29","48.42","46.96","20.61K","-2.75%"
"2016-8-30","48.37","49.25","49.76","48.23","124.52K","-1.81%"
"2016-8-29","49.26","49.54","49.60","48.97","65.67K","-1.32%"
"2016-8-26","49.92","49.66","50.76","49.12","209.62K","0.50%"
"2016-8-25","49.67","49.03","49.78","48.70","217.13K","1.26%"
"2016-8-24","49.05","49.57","49.87","48.68","280.92K","-1.82%"
"2016-8-23","49.96","49.04","50.21","48.48","314.18K","1.63%"
"2016-8-22","49.16","50.70","50.70","49.07","270.37K","-3.38%"
"2016-8-19","50.88","50.96","51.22","50.32","252.34K","-0.02%"
"2016-8-18","50.89","49.76","51.05","49.52","268.83K","2.09%"
"2016-8-17","49.85","48.88","49.93","48.55","377.40K","1.26%"
"2016-8-16","49.23","48.22","49.36","47.90","331.86K","1.82%"
"2016-8-15","48.35","47.14","48.54","46.84","234.40K","2.94%"
"2016-8-12","46.97","46.18","47.25","45.74","258.00K","2.02%"
"2016-8-11","46.04","43.78","46.30","43.46","335.53K","4.52%"
"2016-8-10","44.05","44.92","45.68","43.81","284.86K","-2.07%"
"2016-8-9","44.98","45.25","45.77","44.76","216.22K","-0.90%"
"2016-8-8","45.39","44.34","45.71","44.24","221.51K","2.53%"
"2016-8-5","44.27","44.18","44.49","43.51","236.87K","-0.05%"
"2016-8-4","44.29","43.36","44.34","42.51","276.42K","2.76%"
"2016-8-3","43.10","41.94","43.47","41.56","320.44K","3.11%"
"2016-8-2","41.80","42.23","43.18","41.51","262.56K","-0.81%"
"2016-8-1","42.14","43.11","43.85","41.87","234.77K","-0.75%"
"2016-7-29","42.46","42.61","42.83","41.80","21.54K","-0.56%"
"2016-7-28","42.70","43.53","43.72","42.56","110.09K","-1.77%"
"2016-7-27","43.47","44.55","44.91","43.27","194.57K","-3.12%"
"2016-7-26","44.87","44.82","44.96","44.14","240.33K","0.34%"
"2016-7-25","44.72","45.70","45.87","44.55","188.81K","-2.12%"
"2016-7-22","45.69","46.21","46.50","45.17","243.49K","-1.10%"
"2016-7-21","46.20","47.17","47.56","46.05","237.48K","-2.06%"
"2016-7-20","47.17","46.76","47.49","45.90","296.30K","1.09%"
"2016-7-19","46.66","46.93","47.49","46.53","214.36K","-0.64%"
"2016-7-18","46.96","47.92","47.95","46.50","230.50K","-1.37%"
"2016-7-15","47.61","47.03","48.25","46.65","260.43K","0.51%"
"2016-7-14","47.37","46.59","47.47","46.34","289.40K","2.40%"
"2016-7-13","46.26","48.13","48.20","46.09","299.80K","-4.56%"
"2016-7-12","48.47","46.17","48.57","46.09","321.53K","4.80%"
"2016-7-11","46.25","46.49","47.10","45.90","229.28K","-1.09%"
"2016-7-8","46.76","46.60","47.23","46.15","237.28K","0.78%"
"2016-7-7","46.40","49.12","49.59","46.15","328.10K","-4.92%"
"2016-7-6","48.80","48.06","49.31","47.17","279.12K","1.75%"
"2016-7-5","47.96","50.03","50.05","47.54","305.74K","-4.27%"
"2016-7-4","50.10","50.60","50.75","50.03","113.45K","-0.50%"
"2016-7-1","50.35","49.90","50.66","49.25","248.69K","1.35%"
"2016-6-30","49.68","50.21","50.28","49.47","25.41K","-1.84%"
"2016-6-29","50.61","48.84","50.74","48.62","112.96K","4.18%"
"2016-6-28","48.58","47.61","48.79","47.47","173.18K","3.01%"
"2016-6-27","47.16","48.43","48.90","46.69","243.26K","-2.58%"
"2016-6-24","48.41","50.69","50.74","47.54","351.74K","-4.91%"
"2016-6-23","50.91","50.14","51.18","49.89","246.95K","2.06%"
"2016-6-22","49.88","51.06","51.24","49.18","282.72K","-1.46%"
"2016-6-21","50.62","50.43","51.10","49.46","256.95K","-0.06%"
"2016-6-20","50.65","49.42","50.68","49.24","244.41K","3.01%"
"2016-6-17","49.17","47.28","49.40","47.25","222.73K","4.20%"
"2016-6-16","47.19","48.56","48.77","46.94","287.30K","-3.63%"
"2016-6-15","48.97","49.22","49.80","48.39","298.84K","-1.73%"
"2016-6-14","49.83","49.89","50.05","49.20","224.01K","-1.03%"
"2016-6-13","50.35","50.42","50.79","49.61","208.81K","-0.38%"
"2016-6-10","50.54","51.91","52.10","50.33","210.06K","-2.71%"
"2016-6-9","51.95","52.74","52.86","51.53","213.12K","-1.07%"
"2016-6-8","52.51","51.41","52.80","51.32","260.75K","2.08%"
"2016-6-7","51.44","50.46","51.54","50.28","208.82K","1.76%"
"2016-6-6","50.55","49.83","50.83","49.72","223.76K","1.83%"
"2016-6-3","49.64","49.95","50.33","49.30","227.82K","-0.80%"
"2016-6-2","50.04","49.63","50.30","48.84","270.12K","0.64%"
"2016-6-1","49.72","49.65","50.00","48.65","266.00K","0.06%"
"2016-5-31","49.69","49.70","50.05","49.23","28.69K","-0.14%"
"2016-5-30","49.76","49.43","49.83","48.92","23.09K","0.89%"
"2016-5-27","49.32","49.42","49.55","48.69","130.18K","-0.54%"
"2016-5-26","49.59","49.76","50.51","49.25","221.26K","-0.30%"
"2016-5-25","49.74","49.16","49.96","48.91","237.79K","2.32%"
"2016-5-24","48.61","48.35","49.24","47.80","211.58K","0.54%"
"2016-5-23","48.35","48.72","48.84","47.58","225.09K","-0.76%"
"2016-5-20","48.72","48.90","49.39","48.07","255.58K","-0.18%"
"2016-5-19","48.81","48.67","48.88","47.38","302.10K","-0.25%"
"2016-5-18","48.93","49.36","49.85","48.45","319.81K","-0.71%"
"2016-5-17","49.28","49.03","49.75","48.57","262.32K","0.63%"
"2016-5-16","48.97","47.80","49.47","47.77","294.38K","2.38%"
"2016-5-13","47.83","47.85","48.12","47.26","239.05K","-0.52%"
"2016-5-12","48.08","47.32","48.19","46.80","353.85K","1.01%"
"2016-5-11","47.60","45.59","47.75","44.80","381.74K","4.57%"
"2016-5-10","45.52","43.49","45.70","43.33","343.21K","4.33%"
"2016-5-9","43.63","45.75","46.48","43.43","364.58K","-3.84%"
"2016-5-6","45.37","45.16","46.12","44.19","283.65K","0.80%"
"2016-5-5","45.01","45.08","46.77","44.65","280.79K","0.87%"
"2016-5-4","44.62","45.21","46.01","44.19","293.82K","-0.78%"
"2016-5-3","44.97","45.80","46.40","44.62","276.40K","-1.88%"
"2016-5-2","45.83","47.37","47.40","45.72","168.09K","-4.78%"
"2016-4-29","48.13","47.90","48.50","47.41","29.52K","-0.02%"
"2016-4-28","48.14","47.10","48.19","46.74","113.08K","2.03%"
"2016-4-27","47.18","46.26","47.45","45.63","150.79K","3.15%"
"2016-4-26","45.74","44.69","46.49","44.36","199.24K","2.83%"
"2016-4-25","44.48","45.13","45.59","44.26","211.68K","-1.40%"
"2016-4-22","45.11","44.75","45.90","44.30","272.85K","1.30%"
"2016-4-21","44.53","45.54","46.18","44.44","312.60K","-2.77%"
"2016-4-20","45.80","43.52","45.88","42.81","297.26K","4.02%"
"2016-4-19","44.03","43.14","44.50","42.60","355.95K","2.61%"
"2016-4-18","42.91","41.80","43.43","40.10","383.37K","-0.44%"
"2016-4-15","43.10","43.80","44.05","42.28","285.17K","-1.69%"
"2016-4-14","43.84","44.01","44.62","43.29","234.37K","-0.77%"
"2016-4-13","44.18","44.44","44.94","43.76","348.59K","-1.14%"
"2016-4-12","44.69","42.70","44.81","42.56","357.35K","4.34%"
"2016-4-11","42.83","42.00","43.06","41.41","279.92K","2.12%"
"2016-4-8","41.94","39.68","42.01","39.62","340.22K","6.37%"
"2016-4-7","39.43","39.90","40.29","38.70","308.72K","-1.03%"
"2016-4-6","39.84","38.40","39.94","38.34","323.37K","5.20%"
"2016-4-5","37.87","37.50","38.44","37.27","296.45K","0.48%"
"2016-4-4","37.69","38.69","38.92","37.50","286.65K","-2.53%"
"2016-4-1","38.67","40.14","40.43","38.55","286.17K","-2.35%"
"2016-3-31","39.60","39.12","40.00","38.74","27.80K","0.87%"
"2016-3-30","39.26","39.42","40.61","39.09","103.12K","0.31%"
"2016-3-29","39.14","40.19","40.25","38.76","149.53K","-2.81%"
"2016-3-28","40.27","40.58","41.00","39.64","78.63K","-0.42%"
"2016-3-24","40.44","40.40","40.64","39.22","203.28K","-0.07%"
"2016-3-23","40.47","41.56","41.82","40.42","240.91K","-3.16%"
"2016-3-22","41.79","41.47","42.08","40.97","268.21K","0.60%"
"2016-3-21","41.54","41.31","41.88","40.48","234.10K","0.83%"
"2016-3-18","41.20","41.38","42.54","41.07","286.65K","-0.82%"
"2016-3-17","41.54","40.45","41.60","40.41","249.23K","3.00%"
"2016-3-16","40.33","39.14","40.44","38.83","263.87K","4.10%"
"2016-3-15","38.74","39.67","39.74","38.32","224.36K","-2.00%"
"2016-3-14","39.53","40.25","40.65","38.82","264.71K","-2.13%"
"2016-3-11","40.39","40.33","41.03","40.02","276.65K","0.85%"
"2016-3-10","40.05","40.89","41.01","39.63","287.78K","-2.48%"
"2016-3-9","41.07","39.65","41.18","39.39","333.49K","3.58%"
"2016-3-8","39.65","40.71","41.48","39.31","352.25K","-2.91%"
"2016-3-7","40.84","38.88","41.04","38.87","341.91K","5.48%"
"2016-3-4","38.72","37.04","38.95","36.82","295.79K","4.45%"
"2016-3-3","37.07","37.05","37.37","36.35","256.49K","0.38%"
"2016-3-2","36.93","36.62","37.40","36.10","278.17K","0.33%"
"2016-3-1","36.81","36.60","37.25","35.95","276.26K","2.34%"
"2016-2-29","35.97","35.10","36.23","34.83","30.24K","2.48%"
"2016-2-26","35.10","35.10","37.00","34.73","126.42K","-0.54%"
"2016-2-25","35.29","34.39","35.74","33.29","210.57K","2.56%"
"2016-2-24","34.41","32.98","34.67","32.37","344.00K","3.43%"
"2016-2-23","33.27","34.54","35.11","32.90","348.08K","-4.09%"
"2016-2-22","34.69","33.25","34.97","32.85","233.33K","5.09%"
"2016-2-19","33.01","33.88","34.46","32.68","287.09K","-3.70%"
"2016-2-18","34.28","34.91","35.73","33.79","324.10K","-0.64%"
"2016-2-17","34.50","32.54","34.99","31.82","355.92K","7.21%"
"2016-2-16","32.18","34.51","35.55","31.92","398.49K","-3.62%"
"2016-2-15","33.39","32.77","34.09","32.67","160.51K","0.09%"
"2016-2-12","33.36","31.31","33.44","30.85","394.48K","10.98%"
"2016-2-11","30.06","30.83","31.35","29.92","347.59K","-2.53%"
"2016-2-10","30.84","30.95","31.90","30.35","332.99K","1.72%"
"2016-2-9","30.32","33.17","33.56","30.28","305.77K","-7.79%"
"2016-2-8","32.88","33.99","34.68","32.77","211.55K","-3.46%"
"2016-2-5","34.06","34.39","35.14","33.81","296.57K","-1.16%"
"2016-2-4","34.46","35.32","35.84","34.15","323.93K","-1.66%"
"2016-2-3","35.04","32.41","35.53","32.30","396.58K","7.09%"
"2016-2-2","32.72","34.18","34.18","32.23","346.89K","-4.44%"
"2016-2-1","34.24","35.85","36.25","33.92","331.87K","-1.44%"
"2016-1-29","34.74","34.08","35.00","33.59","29.66K","2.51%"
"2016-1-28","33.89","32.84","35.84","32.56","195.14K","2.39%"
"2016-1-27","33.10","31.20","33.49","30.83","257.11K","4.09%"
"2016-1-26","31.80","30.01","32.72","29.27","335.09K","4.26%"
"2016-1-25","30.50","32.10","32.81","30.00","310.14K","-5.22%"
"2016-1-22","32.18","29.62","32.30","29.29","407.78K","10.02%"
"2016-1-21","29.25","27.99","29.84","27.29","394.26K","4.91%"
"2016-1-20","27.88","28.66","28.75","27.10","375.40K","-3.06%"
"2016-1-19","28.76","28.70","30.24","28.60","419.48K","0.74%"
"2016-1-18","28.55","28.73","29.58","27.67","211.26K","-1.35%"
"2016-1-15","28.94","31.00","31.02","28.82","344.46K","-6.74%"
"2016-1-14","31.03","30.26","31.23","29.73","16.39K","2.38%"
"2016-1-13","30.31","30.82","31.92","29.96","91.96K","-1.78%"
"2016-1-12","30.86","31.54","32.38","30.34","142.53K","-2.19%"
"2016-1-11","31.55","33.34","33.38","31.17","202.06K","-5.96%"
"2016-1-8","33.55","34.02","34.72","32.78","206.97K","-0.59%"
"2016-1-7","33.75","34.52","34.74","32.16","291.51K","-1.40%"
"2016-1-6","34.23","36.64","36.67","34.13","296.86K","-6.01%"
"2016-1-5","36.42","37.27","37.57","36.24","275.47K","-2.15%"
"2016-1-4","37.22","37.85","38.99","36.77","321.84K","-0.16%"